segment_variable,group,group_n,question_number,question,response,count,pct_of_group
Gender,Male,300,28,Sentiment: WordPress now,Positive,95,31.7
Gender,Male,300,28,Sentiment: WordPress now,Neutral / Unsure,84,28.0
Gender,Male,300,28,Sentiment: WordPress now,Negative,73,24.3
Gender,Male,300,28,Sentiment: WordPress now,Very negative,35,11.7
Gender,Male,300,28,Sentiment: WordPress now,Very positive,13,4.3
Gender,Male,300,31,Sentiment: WordPress future,Neutral / Unsure,108,36.0
Gender,Male,300,31,Sentiment: WordPress future,Negative,83,27.7
Gender,Male,300,31,Sentiment: WordPress future,Positive,63,21.0
Gender,Male,300,31,Sentiment: WordPress future,Very negative,29,9.7
Gender,Male,300,31,Sentiment: WordPress future,Very positive,17,5.7
Gender,Male,300,59,Sentiment: open source software,Very positive,134,44.7
Gender,Male,300,59,Sentiment: open source software,Positive,112,37.3
Gender,Male,300,59,Sentiment: open source software,Neutral / Unsure,40,13.3
Gender,Male,300,59,Sentiment: open source software,Negative,11,3.7
Gender,Male,300,59,Sentiment: open source software,Very negative,3,1.0
Gender,Male,300,68,Sentiment: AI in WordPress,Very negative,100,33.3
Gender,Male,300,68,Sentiment: AI in WordPress,Neutral / Unsure,97,32.3
Gender,Male,300,68,Sentiment: AI in WordPress,Negative,45,15.0
Gender,Male,300,68,Sentiment: AI in WordPress,Positive,41,13.7
Gender,Male,300,68,Sentiment: AI in WordPress,Very positive,17,5.7
Gender,Male,300,69,Sentiment: AI in web development,Very negative,87,29.0
Gender,Male,300,69,Sentiment: AI in web development,Positive,69,23.0
Gender,Male,300,69,Sentiment: AI in web development,Neutral / Unsure,58,19.3
Gender,Male,300,69,Sentiment: AI in web development,Very positive,47,15.7
Gender,Male,300,69,Sentiment: AI in web development,Negative,39,13.0
Gender,Male,300,37,Change in participation,No change / About the same,139,46.3
Gender,Male,300,37,Change in participation,Decreased,65,21.7
Gender,Male,300,37,Change in participation,Significantly decreased,49,16.3
Gender,Male,300,37,Change in participation,Increased,37,12.3
Gender,Male,300,37,Change in participation,Significantly increased,10,3.3
Gender,Male,300,36,Level of participation,Occasional participation,105,35.0
Gender,Male,300,36,Level of participation,Moderately active participation,60,20.0
Gender,Male,300,36,Level of participation,Observational only,58,19.3
Gender,Male,300,36,Level of participation,Very active participation,35,11.7
Gender,Male,300,36,Level of participation,Do not participate / Not applicable,21,7.0
Gender,Male,300,36,Level of participation,Inactive,21,7.0
Gender,Male,300,19,Considers self a contributor,Agree,79,26.3
Gender,Male,300,19,Considers self a contributor,Strongly agree,62,20.7
Gender,Male,300,19,Considers self a contributor,Neutral,60,20.0
Gender,Male,300,19,Considers self a contributor,Strongly disagree,56,18.7
Gender,Male,300,19,Considers self a contributor,Disagree,43,14.3
Gender,Male,300,22,Considers self a community member,Strongly agree,111,37.0
Gender,Male,300,22,Considers self a community member,Agree,107,35.7
Gender,Male,300,22,Considers self a community member,Neutral,46,15.3
Gender,Male,300,22,Considers self a community member,Disagree,28,9.3
Gender,Male,300,22,Considers self a community member,Strongly disagree,8,2.7
Gender,Male,300,15,Ever paid for participation,No - I am not paid for any of my participation in WordPress,172,57.3
Gender,Male,300,15,Ever paid for participation,Yes directly - Some or all of my work duties include participating in WordPress,79,26.3
Gender,Male,300,15,Ever paid for participation,Yes indirectly - I participate in WordPress for work but am not required to do so,49,16.3
Gender,Male,300,51,Relationship to official events,I have not attended any WordPress events and I'm not interested in attending,78,26.0
Gender,Male,300,51,Relationship to official events,I participate in WordPress events multiple times per year,72,24.0
Gender,Male,300,51,Relationship to official events,I participate in WordPress events annually or occasionally,68,22.7
Gender,Male,300,51,Relationship to official events,I used to participate in WordPress events but I no longer do,60,20.0
Gender,Male,300,51,Relationship to official events,I have not attended any WordPress events but I'd like to or am planning to,20,6.7
Gender,Male,300,51,Relationship to official events,Other (please describe),2,0.7
Gender,Male,300,71,AI impact so far,AI has had a positive impact on my work or income,114,38.0
Gender,Male,300,71,AI impact so far,AI has not significantly impacted my work or income,100,33.3
Gender,Male,300,71,AI impact so far,AI has had a negative impact on my work or income,72,24.0
Gender,Male,300,71,AI impact so far,Other (please describe),14,4.7
Gender,Male,300,73,AI impact expected,AI will probably negatively impact my work or income in the future,138,46.0
Gender,Male,300,73,AI impact expected,AI will probably positively impact my work or income in the future,113,37.7
Gender,Male,300,73,AI impact expected,AI will probably not impact my work or income in the future,35,11.7
Gender,Male,300,73,AI impact expected,Other (please describe),14,4.7
Gender,Male,300,29,Sentiment toward WordPress changed,Yes,234,78.0
Gender,Male,300,29,Sentiment toward WordPress changed,No,66,22.0
Gender,Male,300,50,Events important to me,Agree,76,25.3
Gender,Male,300,50,Events important to me,Strongly agree,70,23.3
Gender,Male,300,50,Events important to me,Strongly disagree,57,19.0
Gender,Male,300,50,Events important to me,Neutral,54,18.0
Gender,Male,300,50,Events important to me,Disagree,43,14.3
Gender,Male,300,23,Tenure (current members),15+ years,93,31.0
Gender,Male,300,23,Tenure (current members),10-15 years,73,24.3
Gender,Male,300,23,Tenure (current members),6-10 years,33,11.0
Gender,Male,300,23,Tenure (current members),3-6 years,14,4.7
Gender,Male,300,23,Tenure (current members),1-2 years,4,1.3
Gender,Male,300,23,Tenure (current members),Less than 1 year,1,0.3
Gender,Male,300,25,Tenure (former members),1-2 years,9,3.0
Gender,Male,300,25,Tenure (former members),6-10 years,7,2.3
Gender,Male,300,25,Tenure (former members),10-15 years,6,2.0
Gender,Male,300,25,Tenure (former members),15+ years,6,2.0
Gender,Male,300,25,Tenure (former members),3-6 years,6,2.0
Gender,Male,300,25,Tenure (former members),Less than 1 year,3,1.0
Gender,Female,80,28,Sentiment: WordPress now,Neutral / Unsure,28,35.0
Gender,Female,80,28,Sentiment: WordPress now,Negative,23,28.8
Gender,Female,80,28,Sentiment: WordPress now,Positive,17,21.2
Gender,Female,80,28,Sentiment: WordPress now,Very negative,7,8.8
Gender,Female,80,28,Sentiment: WordPress now,Very positive,5,6.2
Gender,Female,80,31,Sentiment: WordPress future,Neutral / Unsure,34,42.5
Gender,Female,80,31,Sentiment: WordPress future,Negative,19,23.8
Gender,Female,80,31,Sentiment: WordPress future,Positive,15,18.8
Gender,Female,80,31,Sentiment: WordPress future,Very negative,9,11.2
Gender,Female,80,31,Sentiment: WordPress future,Very positive,3,3.8
Gender,Female,80,59,Sentiment: open source software,Positive,45,56.2
Gender,Female,80,59,Sentiment: open source software,Very positive,17,21.2
Gender,Female,80,59,Sentiment: open source software,Neutral / Unsure,16,20.0
Gender,Female,80,59,Sentiment: open source software,Negative,2,2.5
Gender,Female,80,68,Sentiment: AI in WordPress,Neutral / Unsure,37,46.2
Gender,Female,80,68,Sentiment: AI in WordPress,Very negative,20,25.0
Gender,Female,80,68,Sentiment: AI in WordPress,Positive,12,15.0
Gender,Female,80,68,Sentiment: AI in WordPress,Negative,11,13.8
Gender,Female,80,69,Sentiment: AI in web development,Neutral / Unsure,22,27.5
Gender,Female,80,69,Sentiment: AI in web development,Positive,22,27.5
Gender,Female,80,69,Sentiment: AI in web development,Very negative,21,26.2
Gender,Female,80,69,Sentiment: AI in web development,Negative,9,11.2
Gender,Female,80,69,Sentiment: AI in web development,Very positive,6,7.5
Gender,Female,80,37,Change in participation,No change / About the same,35,43.8
Gender,Female,80,37,Change in participation,Decreased,20,25.0
Gender,Female,80,37,Change in participation,Significantly decreased,15,18.8
Gender,Female,80,37,Change in participation,Increased,5,6.2
Gender,Female,80,37,Change in participation,Significantly increased,5,6.2
Gender,Female,80,36,Level of participation,Occasional participation,27,33.8
Gender,Female,80,36,Level of participation,Observational only,25,31.2
Gender,Female,80,36,Level of participation,Moderately active participation,10,12.5
Gender,Female,80,36,Level of participation,Very active participation,8,10.0
Gender,Female,80,36,Level of participation,Inactive,7,8.8
Gender,Female,80,36,Level of participation,Do not participate / Not applicable,3,3.8
Gender,Female,80,19,Considers self a contributor,Disagree,22,27.5
Gender,Female,80,19,Considers self a contributor,Neutral,21,26.2
Gender,Female,80,19,Considers self a contributor,Agree,19,23.8
Gender,Female,80,19,Considers self a contributor,Strongly agree,11,13.8
Gender,Female,80,19,Considers self a contributor,Strongly disagree,7,8.8
Gender,Female,80,22,Considers self a community member,Agree,43,53.8
Gender,Female,80,22,Considers self a community member,Strongly agree,22,27.5
Gender,Female,80,22,Considers self a community member,Neutral,11,13.8
Gender,Female,80,22,Considers self a community member,Disagree,4,5.0
Gender,Female,80,15,Ever paid for participation,No - I am not paid for any of my participation in WordPress,42,52.5
Gender,Female,80,15,Ever paid for participation,Yes directly - Some or all of my work duties include participating in WordPress,25,31.2
Gender,Female,80,15,Ever paid for participation,Yes indirectly - I participate in WordPress for work but am not required to do so,13,16.2
Gender,Female,80,51,Relationship to official events,I used to participate in WordPress events but I no longer do,30,37.5
Gender,Female,80,51,Relationship to official events,I participate in WordPress events annually or occasionally,18,22.5
Gender,Female,80,51,Relationship to official events,I participate in WordPress events multiple times per year,13,16.2
Gender,Female,80,51,Relationship to official events,I have not attended any WordPress events and I'm not interested in attending,12,15.0
Gender,Female,80,51,Relationship to official events,I have not attended any WordPress events but I'd like to or am planning to,4,5.0
Gender,Female,80,51,Relationship to official events,Other (please describe),3,3.8
Gender,Female,80,71,AI impact so far,AI has had a positive impact on my work or income,34,42.5
Gender,Female,80,71,AI impact so far,AI has not significantly impacted my work or income,21,26.2
Gender,Female,80,71,AI impact so far,AI has had a negative impact on my work or income,15,18.8
Gender,Female,80,71,AI impact so far,Other (please describe),10,12.5
Gender,Female,80,73,AI impact expected,AI will probably negatively impact my work or income in the future,33,41.2
Gender,Female,80,73,AI impact expected,AI will probably positively impact my work or income in the future,28,35.0
Gender,Female,80,73,AI impact expected,Other (please describe),14,17.5
Gender,Female,80,73,AI impact expected,AI will probably not impact my work or income in the future,5,6.2
Gender,Female,80,29,Sentiment toward WordPress changed,Yes,58,72.5
Gender,Female,80,29,Sentiment toward WordPress changed,No,22,27.5
Gender,Female,80,50,Events important to me,Agree,29,36.2
Gender,Female,80,50,Events important to me,Neutral,17,21.2
Gender,Female,80,50,Events important to me,Strongly agree,15,18.8
Gender,Female,80,50,Events important to me,Disagree,12,15.0
Gender,Female,80,50,Events important to me,Strongly disagree,7,8.8
Gender,Female,80,23,Tenure (current members),10-15 years,28,35.0
Gender,Female,80,23,Tenure (current members),15+ years,23,28.8
Gender,Female,80,23,Tenure (current members),6-10 years,10,12.5
Gender,Female,80,23,Tenure (current members),3-6 years,3,3.8
Gender,Female,80,23,Tenure (current members),1-2 years,1,1.2
Gender,Female,80,25,Tenure (former members),3-6 years,4,5.0
Gender,Female,80,25,Tenure (former members),10-15 years,4,5.0
Gender,Female,80,25,Tenure (former members),15+ years,2,2.5
Gender,Female,80,25,Tenure (former members),6-10 years,1,1.2
Gender,Female,80,25,Tenure (former members),Less than 1 year,1,1.2
Gender,Prefer not to answer,35,28,Sentiment: WordPress now,Negative,12,34.3
Gender,Prefer not to answer,35,28,Sentiment: WordPress now,Very negative,10,28.6
Gender,Prefer not to answer,35,28,Sentiment: WordPress now,Neutral / Unsure,9,25.7
Gender,Prefer not to answer,35,28,Sentiment: WordPress now,Positive,4,11.4
Gender,Prefer not to answer,35,31,Sentiment: WordPress future,Negative,17,48.6
Gender,Prefer not to answer,35,31,Sentiment: WordPress future,Neutral / Unsure,8,22.9
Gender,Prefer not to answer,35,31,Sentiment: WordPress future,Very negative,8,22.9
Gender,Prefer not to answer,35,31,Sentiment: WordPress future,Positive,2,5.7
Gender,Prefer not to answer,35,59,Sentiment: open source software,Positive,19,54.3
Gender,Prefer not to answer,35,59,Sentiment: open source software,Very positive,11,31.4
Gender,Prefer not to answer,35,59,Sentiment: open source software,Neutral / Unsure,4,11.4
Gender,Prefer not to answer,35,59,Sentiment: open source software,Very negative,1,2.9
Gender,Prefer not to answer,35,68,Sentiment: AI in WordPress,Very negative,25,71.4
Gender,Prefer not to answer,35,68,Sentiment: AI in WordPress,Neutral / Unsure,6,17.1
Gender,Prefer not to answer,35,68,Sentiment: AI in WordPress,Positive,2,5.7
Gender,Prefer not to answer,35,68,Sentiment: AI in WordPress,Negative,2,5.7
Gender,Prefer not to answer,35,69,Sentiment: AI in web development,Very negative,22,62.9
Gender,Prefer not to answer,35,69,Sentiment: AI in web development,Neutral / Unsure,7,20.0
Gender,Prefer not to answer,35,69,Sentiment: AI in web development,Negative,3,8.6
Gender,Prefer not to answer,35,69,Sentiment: AI in web development,Positive,2,5.7
Gender,Prefer not to answer,35,69,Sentiment: AI in web development,Very positive,1,2.9
Gender,Prefer not to answer,35,37,Change in participation,No change / About the same,17,48.6
Gender,Prefer not to answer,35,37,Change in participation,Decreased,8,22.9
Gender,Prefer not to answer,35,37,Change in participation,Significantly decreased,6,17.1
Gender,Prefer not to answer,35,37,Change in participation,Increased,2,5.7
Gender,Prefer not to answer,35,37,Change in participation,Significantly increased,2,5.7
Gender,Prefer not to answer,35,36,Level of participation,Do not participate / Not applicable,10,28.6
Gender,Prefer not to answer,35,36,Level of participation,Observational only,9,25.7
Gender,Prefer not to answer,35,36,Level of participation,Occasional participation,8,22.9
Gender,Prefer not to answer,35,36,Level of participation,Inactive,4,11.4
Gender,Prefer not to answer,35,36,Level of participation,Moderately active participation,4,11.4
Gender,Prefer not to answer,35,19,Considers self a contributor,Disagree,12,34.3
Gender,Prefer not to answer,35,19,Considers self a contributor,Strongly disagree,12,34.3
Gender,Prefer not to answer,35,19,Considers self a contributor,Neutral,6,17.1
Gender,Prefer not to answer,35,19,Considers self a contributor,Agree,4,11.4
Gender,Prefer not to answer,35,19,Considers self a contributor,Strongly agree,1,2.9
Gender,Prefer not to answer,35,22,Considers self a community member,Agree,11,31.4
Gender,Prefer not to answer,35,22,Considers self a community member,Neutral,9,25.7
Gender,Prefer not to answer,35,22,Considers self a community member,Strongly disagree,8,22.9
Gender,Prefer not to answer,35,22,Considers self a community member,Strongly agree,4,11.4
Gender,Prefer not to answer,35,22,Considers self a community member,Disagree,3,8.6
Gender,Prefer not to answer,35,15,Ever paid for participation,No - I am not paid for any of my participation in WordPress,25,71.4
Gender,Prefer not to answer,35,15,Ever paid for participation,Yes directly - Some or all of my work duties include participating in WordPress,7,20.0
Gender,Prefer not to answer,35,15,Ever paid for participation,Yes indirectly - I participate in WordPress for work but am not required to do so,3,8.6
Gender,Prefer not to answer,35,51,Relationship to official events,I have not attended any WordPress events and I'm not interested in attending,24,68.6
Gender,Prefer not to answer,35,51,Relationship to official events,Other (please describe),3,8.6
Gender,Prefer not to answer,35,51,Relationship to official events,I have not attended any WordPress events but I'd like to or am planning to,3,8.6
Gender,Prefer not to answer,35,51,Relationship to official events,I used to participate in WordPress events but I no longer do,2,5.7
Gender,Prefer not to answer,35,51,Relationship to official events,I participate in WordPress events multiple times per year,2,5.7
Gender,Prefer not to answer,35,51,Relationship to official events,I participate in WordPress events annually or occasionally,1,2.9
Gender,Prefer not to answer,35,71,AI impact so far,AI has had a negative impact on my work or income,15,42.9
Gender,Prefer not to answer,35,71,AI impact so far,AI has not significantly impacted my work or income,14,40.0
Gender,Prefer not to answer,35,71,AI impact so far,AI has had a positive impact on my work or income,4,11.4
Gender,Prefer not to answer,35,71,AI impact so far,Other (please describe),2,5.7
Gender,Prefer not to answer,35,73,AI impact expected,AI will probably negatively impact my work or income in the future,21,60.0
Gender,Prefer not to answer,35,73,AI impact expected,AI will probably not impact my work or income in the future,8,22.9
Gender,Prefer not to answer,35,73,AI impact expected,Other (please describe),4,11.4
Gender,Prefer not to answer,35,73,AI impact expected,AI will probably positively impact my work or income in the future,2,5.7
Gender,Prefer not to answer,35,29,Sentiment toward WordPress changed,Yes,30,85.7
Gender,Prefer not to answer,35,29,Sentiment toward WordPress changed,No,5,14.3
Gender,Prefer not to answer,35,50,Events important to me,Strongly disagree,17,48.6
Gender,Prefer not to answer,35,50,Events important to me,Disagree,9,25.7
Gender,Prefer not to answer,35,50,Events important to me,Neutral,5,14.3
Gender,Prefer not to answer,35,50,Events important to me,Strongly agree,2,5.7
Gender,Prefer not to answer,35,50,Events important to me,Agree,2,5.7
Gender,Prefer not to answer,35,23,Tenure (current members),15+ years,7,20.0
Gender,Prefer not to answer,35,23,Tenure (current members),10-15 years,5,14.3
Gender,Prefer not to answer,35,23,Tenure (current members),6-10 years,2,5.7
Gender,Prefer not to answer,35,23,Tenure (current members),3-6 years,1,2.9
Gender,Prefer not to answer,35,25,Tenure (former members),10-15 years,2,5.7
Gender,Prefer not to answer,35,25,Tenure (former members),Less than 1 year,2,5.7
Gender,Prefer not to answer,35,25,Tenure (former members),1-2 years,1,2.9
Gender,Non-binary,15,28,Sentiment: WordPress now,Positive,5,33.3
Gender,Non-binary,15,28,Sentiment: WordPress now,Neutral / Unsure,4,26.7
Gender,Non-binary,15,28,Sentiment: WordPress now,Negative,3,20.0
Gender,Non-binary,15,28,Sentiment: WordPress now,Very positive,2,13.3
Gender,Non-binary,15,28,Sentiment: WordPress now,Very negative,1,6.7
Gender,Non-binary,15,31,Sentiment: WordPress future,Neutral / Unsure,7,46.7
Gender,Non-binary,15,31,Sentiment: WordPress future,Positive,3,20.0
Gender,Non-binary,15,31,Sentiment: WordPress future,Negative,2,13.3
Gender,Non-binary,15,31,Sentiment: WordPress future,Very positive,2,13.3
Gender,Non-binary,15,31,Sentiment: WordPress future,Very negative,1,6.7
Gender,Non-binary,15,59,Sentiment: open source software,Very positive,8,53.3
Gender,Non-binary,15,59,Sentiment: open source software,Positive,5,33.3
Gender,Non-binary,15,59,Sentiment: open source software,Neutral / Unsure,2,13.3
Gender,Non-binary,15,68,Sentiment: AI in WordPress,Very negative,11,73.3
Gender,Non-binary,15,68,Sentiment: AI in WordPress,Neutral / Unsure,3,20.0
Gender,Non-binary,15,68,Sentiment: AI in WordPress,Positive,1,6.7
Gender,Non-binary,15,69,Sentiment: AI in web development,Very negative,9,60.0
Gender,Non-binary,15,69,Sentiment: AI in web development,Positive,2,13.3
Gender,Non-binary,15,69,Sentiment: AI in web development,Neutral / Unsure,2,13.3
Gender,Non-binary,15,69,Sentiment: AI in web development,Negative,2,13.3
Gender,Non-binary,15,37,Change in participation,No change / About the same,8,53.3
Gender,Non-binary,15,37,Change in participation,Increased,4,26.7
Gender,Non-binary,15,37,Change in participation,Significantly decreased,2,13.3
Gender,Non-binary,15,37,Change in participation,Decreased,1,6.7
Gender,Non-binary,15,36,Level of participation,Observational only,5,33.3
Gender,Non-binary,15,36,Level of participation,Occasional participation,4,26.7
Gender,Non-binary,15,36,Level of participation,Moderately active participation,2,13.3
Gender,Non-binary,15,36,Level of participation,Inactive,2,13.3
Gender,Non-binary,15,36,Level of participation,Very active participation,1,6.7
Gender,Non-binary,15,36,Level of participation,Do not participate / Not applicable,1,6.7
Gender,Non-binary,15,19,Considers self a contributor,Disagree,4,26.7
Gender,Non-binary,15,19,Considers self a contributor,Strongly disagree,4,26.7
Gender,Non-binary,15,19,Considers self a contributor,Agree,3,20.0
Gender,Non-binary,15,19,Considers self a contributor,Strongly agree,2,13.3
Gender,Non-binary,15,19,Considers self a contributor,Neutral,2,13.3
Gender,Non-binary,15,22,Considers self a community member,Strongly agree,5,33.3
Gender,Non-binary,15,22,Considers self a community member,Agree,5,33.3
Gender,Non-binary,15,22,Considers self a community member,Neutral,3,20.0
Gender,Non-binary,15,22,Considers self a community member,Disagree,1,6.7
Gender,Non-binary,15,22,Considers self a community member,Strongly disagree,1,6.7
Gender,Non-binary,15,15,Ever paid for participation,No - I am not paid for any of my participation in WordPress,8,53.3
Gender,Non-binary,15,15,Ever paid for participation,Yes directly - Some or all of my work duties include participating in WordPress,5,33.3
Gender,Non-binary,15,15,Ever paid for participation,Yes indirectly - I participate in WordPress for work but am not required to do so,2,13.3
Gender,Non-binary,15,51,Relationship to official events,I have not attended any WordPress events and I'm not interested in attending,5,33.3
Gender,Non-binary,15,51,Relationship to official events,I participate in WordPress events multiple times per year,4,26.7
Gender,Non-binary,15,51,Relationship to official events,I participate in WordPress events annually or occasionally,3,20.0
Gender,Non-binary,15,51,Relationship to official events,I used to participate in WordPress events but I no longer do,2,13.3
Gender,Non-binary,15,51,Relationship to official events,I have not attended any WordPress events but I'd like to or am planning to,1,6.7
Gender,Non-binary,15,71,AI impact so far,AI has had a negative impact on my work or income,7,46.7
Gender,Non-binary,15,71,AI impact so far,AI has not significantly impacted my work or income,6,40.0
Gender,Non-binary,15,71,AI impact so far,Other (please describe),1,6.7
Gender,Non-binary,15,71,AI impact so far,AI has had a positive impact on my work or income,1,6.7
Gender,Non-binary,15,73,AI impact expected,AI will probably negatively impact my work or income in the future,10,66.7
Gender,Non-binary,15,73,AI impact expected,AI will probably not impact my work or income in the future,3,20.0
Gender,Non-binary,15,73,AI impact expected,AI will probably positively impact my work or income in the future,2,13.3
Gender,Non-binary,15,29,Sentiment toward WordPress changed,Yes,10,66.7
Gender,Non-binary,15,29,Sentiment toward WordPress changed,No,5,33.3
Gender,Non-binary,15,50,Events important to me,Strongly agree,5,33.3
Gender,Non-binary,15,50,Events important to me,Disagree,3,20.0
Gender,Non-binary,15,50,Events important to me,Strongly disagree,3,20.0
Gender,Non-binary,15,50,Events important to me,Agree,2,13.3
Gender,Non-binary,15,50,Events important to me,Neutral,2,13.3
Gender,Non-binary,15,23,Tenure (current members),10-15 years,4,26.7
Gender,Non-binary,15,23,Tenure (current members),15+ years,4,26.7
Gender,Non-binary,15,23,Tenure (current members),6-10 years,2,13.3
Gender,Non-binary,15,25,Tenure (former members),3-6 years,1,6.7
Age,35-44,161,28,Sentiment: WordPress now,Neutral / Unsure,57,35.4
Age,35-44,161,28,Sentiment: WordPress now,Positive,42,26.1
Age,35-44,161,28,Sentiment: WordPress now,Negative,35,21.7
Age,35-44,161,28,Sentiment: WordPress now,Very negative,20,12.4
Age,35-44,161,28,Sentiment: WordPress now,Very positive,7,4.3
Age,35-44,161,31,Sentiment: WordPress future,Neutral / Unsure,59,36.6
Age,35-44,161,31,Sentiment: WordPress future,Negative,41,25.5
Age,35-44,161,31,Sentiment: WordPress future,Positive,31,19.3
Age,35-44,161,31,Sentiment: WordPress future,Very negative,22,13.7
Age,35-44,161,31,Sentiment: WordPress future,Very positive,8,5.0
Age,35-44,161,59,Sentiment: open source software,Positive,68,42.2
Age,35-44,161,59,Sentiment: open source software,Very positive,60,37.3
Age,35-44,161,59,Sentiment: open source software,Neutral / Unsure,28,17.4
Age,35-44,161,59,Sentiment: open source software,Negative,4,2.5
Age,35-44,161,59,Sentiment: open source software,Very negative,1,0.6
Age,35-44,161,68,Sentiment: AI in WordPress,Very negative,53,32.9
Age,35-44,161,68,Sentiment: AI in WordPress,Neutral / Unsure,52,32.3
Age,35-44,161,68,Sentiment: AI in WordPress,Negative,24,14.9
Age,35-44,161,68,Sentiment: AI in WordPress,Positive,21,13.0
Age,35-44,161,68,Sentiment: AI in WordPress,Very positive,11,6.8
Age,35-44,161,69,Sentiment: AI in web development,Very negative,50,31.1
Age,35-44,161,69,Sentiment: AI in web development,Positive,38,23.6
Age,35-44,161,69,Sentiment: AI in web development,Neutral / Unsure,33,20.5
Age,35-44,161,69,Sentiment: AI in web development,Very positive,21,13.0
Age,35-44,161,69,Sentiment: AI in web development,Negative,19,11.8
Age,35-44,161,37,Change in participation,No change / About the same,73,45.3
Age,35-44,161,37,Change in participation,Decreased,37,23.0
Age,35-44,161,37,Change in participation,Significantly decreased,23,14.3
Age,35-44,161,37,Change in participation,Increased,21,13.0
Age,35-44,161,37,Change in participation,Significantly increased,7,4.3
Age,35-44,161,36,Level of participation,Occasional participation,57,35.4
Age,35-44,161,36,Level of participation,Observational only,40,24.8
Age,35-44,161,36,Level of participation,Moderately active participation,29,18.0
Age,35-44,161,36,Level of participation,Very active participation,18,11.2
Age,35-44,161,36,Level of participation,Inactive,9,5.6
Age,35-44,161,36,Level of participation,Do not participate / Not applicable,8,5.0
Age,35-44,161,19,Considers self a contributor,Agree,40,24.8
Age,35-44,161,19,Considers self a contributor,Neutral,35,21.7
Age,35-44,161,19,Considers self a contributor,Strongly agree,32,19.9
Age,35-44,161,19,Considers self a contributor,Disagree,31,19.3
Age,35-44,161,19,Considers self a contributor,Strongly disagree,23,14.3
Age,35-44,161,22,Considers self a community member,Strongly agree,62,38.5
Age,35-44,161,22,Considers self a community member,Agree,59,36.6
Age,35-44,161,22,Considers self a community member,Neutral,22,13.7
Age,35-44,161,22,Considers self a community member,Disagree,14,8.7
Age,35-44,161,22,Considers self a community member,Strongly disagree,4,2.5
Age,35-44,161,15,Ever paid for participation,No - I am not paid for any of my participation in WordPress,74,46.0
Age,35-44,161,15,Ever paid for participation,Yes directly - Some or all of my work duties include participating in WordPress,50,31.1
Age,35-44,161,15,Ever paid for participation,Yes indirectly - I participate in WordPress for work but am not required to do so,37,23.0
Age,35-44,161,51,Relationship to official events,I have not attended any WordPress events and I'm not interested in attending,39,24.2
Age,35-44,161,51,Relationship to official events,I participate in WordPress events multiple times per year,39,24.2
Age,35-44,161,51,Relationship to official events,I participate in WordPress events annually or occasionally,38,23.6
Age,35-44,161,51,Relationship to official events,I used to participate in WordPress events but I no longer do,33,20.5
Age,35-44,161,51,Relationship to official events,I have not attended any WordPress events but I'd like to or am planning to,8,5.0
Age,35-44,161,51,Relationship to official events,Other (please describe),4,2.5
Age,35-44,161,71,AI impact so far,AI has not significantly impacted my work or income,56,34.8
Age,35-44,161,71,AI impact so far,AI has had a positive impact on my work or income,54,33.5
Age,35-44,161,71,AI impact so far,AI has had a negative impact on my work or income,40,24.8
Age,35-44,161,71,AI impact so far,Other (please describe),11,6.8
Age,35-44,161,73,AI impact expected,AI will probably negatively impact my work or income in the future,73,45.3
Age,35-44,161,73,AI impact expected,AI will probably positively impact my work or income in the future,55,34.2
Age,35-44,161,73,AI impact expected,AI will probably not impact my work or income in the future,21,13.0
Age,35-44,161,73,AI impact expected,Other (please describe),12,7.5
Age,35-44,161,29,Sentiment toward WordPress changed,Yes,125,77.6
Age,35-44,161,29,Sentiment toward WordPress changed,No,36,22.4
Age,35-44,161,50,Events important to me,Strongly agree,40,24.8
Age,35-44,161,50,Events important to me,Agree,38,23.6
Age,35-44,161,50,Events important to me,Disagree,29,18.0
Age,35-44,161,50,Events important to me,Strongly disagree,27,16.8
Age,35-44,161,50,Events important to me,Neutral,27,16.8
Age,35-44,161,23,Tenure (current members),10-15 years,46,28.6
Age,35-44,161,23,Tenure (current members),15+ years,45,28.0
Age,35-44,161,23,Tenure (current members),6-10 years,22,13.7
Age,35-44,161,23,Tenure (current members),3-6 years,8,5.0
Age,35-44,161,25,Tenure (former members),3-6 years,7,4.3
Age,35-44,161,25,Tenure (former members),1-2 years,4,2.5
Age,35-44,161,25,Tenure (former members),10-15 years,1,0.6
Age,35-44,161,25,Tenure (former members),6-10 years,1,0.6
Age,45-54,135,28,Sentiment: WordPress now,Negative,44,32.6
Age,45-54,135,28,Sentiment: WordPress now,Positive,37,27.4
Age,45-54,135,28,Sentiment: WordPress now,Neutral / Unsure,30,22.2
Age,45-54,135,28,Sentiment: WordPress now,Very negative,18,13.3
Age,45-54,135,28,Sentiment: WordPress now,Very positive,6,4.4
Age,45-54,135,31,Sentiment: WordPress future,Neutral / Unsure,49,36.3
Age,45-54,135,31,Sentiment: WordPress future,Negative,47,34.8
Age,45-54,135,31,Sentiment: WordPress future,Positive,20,14.8
Age,45-54,135,31,Sentiment: WordPress future,Very negative,12,8.9
Age,45-54,135,31,Sentiment: WordPress future,Very positive,7,5.2
Age,45-54,135,59,Sentiment: open source software,Positive,54,40.0
Age,45-54,135,59,Sentiment: open source software,Very positive,53,39.3
Age,45-54,135,59,Sentiment: open source software,Neutral / Unsure,21,15.6
Age,45-54,135,59,Sentiment: open source software,Negative,5,3.7
Age,45-54,135,59,Sentiment: open source software,Very negative,2,1.5
Age,45-54,135,68,Sentiment: AI in WordPress,Very negative,53,39.3
Age,45-54,135,68,Sentiment: AI in WordPress,Neutral / Unsure,41,30.4
Age,45-54,135,68,Sentiment: AI in WordPress,Negative,19,14.1
Age,45-54,135,68,Sentiment: AI in WordPress,Positive,17,12.6
Age,45-54,135,68,Sentiment: AI in WordPress,Very positive,5,3.7
Age,45-54,135,69,Sentiment: AI in web development,Very negative,44,32.6
Age,45-54,135,69,Sentiment: AI in web development,Positive,29,21.5
Age,45-54,135,69,Sentiment: AI in web development,Neutral / Unsure,23,17.0
Age,45-54,135,69,Sentiment: AI in web development,Very positive,20,14.8
Age,45-54,135,69,Sentiment: AI in web development,Negative,19,14.1
Age,45-54,135,37,Change in participation,No change / About the same,62,45.9
Age,45-54,135,37,Change in participation,Decreased,30,22.2
Age,45-54,135,37,Change in participation,Significantly decreased,27,20.0
Age,45-54,135,37,Change in participation,Increased,12,8.9
Age,45-54,135,37,Change in participation,Significantly increased,4,3.0
Age,45-54,135,36,Level of participation,Occasional participation,41,30.4
Age,45-54,135,36,Level of participation,Moderately active participation,27,20.0
Age,45-54,135,36,Level of participation,Observational only,26,19.3
Age,45-54,135,36,Level of participation,Very active participation,14,10.4
Age,45-54,135,36,Level of participation,Inactive,14,10.4
Age,45-54,135,36,Level of participation,Do not participate / Not applicable,13,9.6
Age,45-54,135,19,Considers self a contributor,Agree,35,25.9
Age,45-54,135,19,Considers self a contributor,Disagree,27,20.0
Age,45-54,135,19,Considers self a contributor,Strongly disagree,26,19.3
Age,45-54,135,19,Considers self a contributor,Neutral,25,18.5
Age,45-54,135,19,Considers self a contributor,Strongly agree,22,16.3
Age,45-54,135,22,Considers self a community member,Agree,50,37.0
Age,45-54,135,22,Considers self a community member,Strongly agree,45,33.3
Age,45-54,135,22,Considers self a community member,Neutral,24,17.8
Age,45-54,135,22,Considers self a community member,Disagree,11,8.1
Age,45-54,135,22,Considers self a community member,Strongly disagree,5,3.7
Age,45-54,135,15,Ever paid for participation,No - I am not paid for any of my participation in WordPress,81,60.0
Age,45-54,135,15,Ever paid for participation,Yes directly - Some or all of my work duties include participating in WordPress,39,28.9
Age,45-54,135,15,Ever paid for participation,Yes indirectly - I participate in WordPress for work but am not required to do so,15,11.1
Age,45-54,135,51,Relationship to official events,I used to participate in WordPress events but I no longer do,37,27.4
Age,45-54,135,51,Relationship to official events,I participate in WordPress events multiple times per year,32,23.7
Age,45-54,135,51,Relationship to official events,I have not attended any WordPress events and I'm not interested in attending,32,23.7
Age,45-54,135,51,Relationship to official events,I participate in WordPress events annually or occasionally,23,17.0
Age,45-54,135,51,Relationship to official events,I have not attended any WordPress events but I'd like to or am planning to,11,8.1
Age,45-54,135,71,AI impact so far,AI has had a positive impact on my work or income,50,37.0
Age,45-54,135,71,AI impact so far,AI has not significantly impacted my work or income,45,33.3
Age,45-54,135,71,AI impact so far,AI has had a negative impact on my work or income,36,26.7
Age,45-54,135,71,AI impact so far,Other (please describe),4,3.0
Age,45-54,135,73,AI impact expected,AI will probably negatively impact my work or income in the future,69,51.1
Age,45-54,135,73,AI impact expected,AI will probably positively impact my work or income in the future,42,31.1
Age,45-54,135,73,AI impact expected,AI will probably not impact my work or income in the future,16,11.9
Age,45-54,135,73,AI impact expected,Other (please describe),8,5.9
Age,45-54,135,29,Sentiment toward WordPress changed,Yes,105,77.8
Age,45-54,135,29,Sentiment toward WordPress changed,No,30,22.2
Age,45-54,135,50,Events important to me,Agree,37,27.4
Age,45-54,135,50,Events important to me,Strongly agree,28,20.7
Age,45-54,135,50,Events important to me,Neutral,26,19.3
Age,45-54,135,50,Events important to me,Strongly disagree,23,17.0
Age,45-54,135,50,Events important to me,Disagree,21,15.6
Age,45-54,135,23,Tenure (current members),15+ years,47,34.8
Age,45-54,135,23,Tenure (current members),10-15 years,35,25.9
Age,45-54,135,23,Tenure (current members),6-10 years,8,5.9
Age,45-54,135,23,Tenure (current members),3-6 years,3,2.2
Age,45-54,135,23,Tenure (current members),1-2 years,2,1.5
Age,45-54,135,25,Tenure (former members),10-15 years,6,4.4
Age,45-54,135,25,Tenure (former members),15+ years,6,4.4
Age,45-54,135,25,Tenure (former members),Less than 1 year,3,2.2
Age,45-54,135,25,Tenure (former members),1-2 years,3,2.2
Age,45-54,135,25,Tenure (former members),3-6 years,2,1.5
Age,45-54,135,25,Tenure (former members),6-10 years,1,0.7
Age,55-64,65,28,Sentiment: WordPress now,Neutral / Unsure,26,40.0
Age,55-64,65,28,Sentiment: WordPress now,Positive,19,29.2
Age,55-64,65,28,Sentiment: WordPress now,Negative,12,18.5
Age,55-64,65,28,Sentiment: WordPress now,Very negative,6,9.2
Age,55-64,65,28,Sentiment: WordPress now,Very positive,2,3.1
Age,55-64,65,31,Sentiment: WordPress future,Neutral / Unsure,27,41.5
Age,55-64,65,31,Sentiment: WordPress future,Positive,15,23.1
Age,55-64,65,31,Sentiment: WordPress future,Negative,15,23.1
Age,55-64,65,31,Sentiment: WordPress future,Very negative,5,7.7
Age,55-64,65,31,Sentiment: WordPress future,Very positive,3,4.6
Age,55-64,65,59,Sentiment: open source software,Positive,28,43.1
Age,55-64,65,59,Sentiment: open source software,Very positive,26,40.0
Age,55-64,65,59,Sentiment: open source software,Neutral / Unsure,9,13.8
Age,55-64,65,59,Sentiment: open source software,Negative,2,3.1
Age,55-64,65,68,Sentiment: AI in WordPress,Neutral / Unsure,25,38.5
Age,55-64,65,68,Sentiment: AI in WordPress,Very negative,22,33.8
Age,55-64,65,68,Sentiment: AI in WordPress,Positive,9,13.8
Age,55-64,65,68,Sentiment: AI in WordPress,Negative,8,12.3
Age,55-64,65,68,Sentiment: AI in WordPress,Very positive,1,1.5
Age,55-64,65,69,Sentiment: AI in web development,Very negative,20,30.8
Age,55-64,65,69,Sentiment: AI in web development,Neutral / Unsure,18,27.7
Age,55-64,65,69,Sentiment: AI in web development,Positive,15,23.1
Age,55-64,65,69,Sentiment: AI in web development,Negative,8,12.3
Age,55-64,65,69,Sentiment: AI in web development,Very positive,4,6.2
Age,55-64,65,37,Change in participation,No change / About the same,32,49.2
Age,55-64,65,37,Change in participation,Decreased,15,23.1
Age,55-64,65,37,Change in participation,Significantly decreased,12,18.5
Age,55-64,65,37,Change in participation,Increased,4,6.2
Age,55-64,65,37,Change in participation,Significantly increased,2,3.1
Age,55-64,65,36,Level of participation,Occasional participation,22,33.8
Age,55-64,65,36,Level of participation,Observational only,17,26.2
Age,55-64,65,36,Level of participation,Moderately active participation,12,18.5
Age,55-64,65,36,Level of participation,Do not participate / Not applicable,7,10.8
Age,55-64,65,36,Level of participation,Very active participation,4,6.2
Age,55-64,65,36,Level of participation,Inactive,3,4.6
Age,55-64,65,19,Considers self a contributor,Agree,17,26.2
Age,55-64,65,19,Considers self a contributor,Strongly disagree,14,21.5
Age,55-64,65,19,Considers self a contributor,Neutral,13,20.0
Age,55-64,65,19,Considers self a contributor,Strongly agree,11,16.9
Age,55-64,65,19,Considers self a contributor,Disagree,10,15.4
Age,55-64,65,22,Considers self a community member,Agree,29,44.6
Age,55-64,65,22,Considers self a community member,Strongly agree,19,29.2
Age,55-64,65,22,Considers self a community member,Neutral,9,13.8
Age,55-64,65,22,Considers self a community member,Strongly disagree,4,6.2
Age,55-64,65,22,Considers self a community member,Disagree,4,6.2
Age,55-64,65,15,Ever paid for participation,No - I am not paid for any of my participation in WordPress,45,69.2
Age,55-64,65,15,Ever paid for participation,Yes indirectly - I participate in WordPress for work but am not required to do so,10,15.4
Age,55-64,65,15,Ever paid for participation,Yes directly - Some or all of my work duties include participating in WordPress,10,15.4
Age,55-64,65,51,Relationship to official events,I have not attended any WordPress events and I'm not interested in attending,22,33.8
Age,55-64,65,51,Relationship to official events,I used to participate in WordPress events but I no longer do,15,23.1
Age,55-64,65,51,Relationship to official events,I participate in WordPress events annually or occasionally,13,20.0
Age,55-64,65,51,Relationship to official events,I participate in WordPress events multiple times per year,9,13.8
Age,55-64,65,51,Relationship to official events,I have not attended any WordPress events but I'd like to or am planning to,4,6.2
Age,55-64,65,51,Relationship to official events,Other (please describe),2,3.1
Age,55-64,65,71,AI impact so far,AI has had a positive impact on my work or income,28,43.1
Age,55-64,65,71,AI impact so far,AI has not significantly impacted my work or income,17,26.2
Age,55-64,65,71,AI impact so far,AI has had a negative impact on my work or income,13,20.0
Age,55-64,65,71,AI impact so far,Other (please describe),7,10.8
Age,55-64,65,73,AI impact expected,AI will probably negatively impact my work or income in the future,26,40.0
Age,55-64,65,73,AI impact expected,AI will probably positively impact my work or income in the future,23,35.4
Age,55-64,65,73,AI impact expected,Other (please describe),10,15.4
Age,55-64,65,73,AI impact expected,AI will probably not impact my work or income in the future,6,9.2
Age,55-64,65,29,Sentiment toward WordPress changed,Yes,49,75.4
Age,55-64,65,29,Sentiment toward WordPress changed,No,16,24.6
Age,55-64,65,50,Events important to me,Strongly disagree,21,32.3
Age,55-64,65,50,Events important to me,Agree,19,29.2
Age,55-64,65,50,Events important to me,Strongly agree,11,16.9
Age,55-64,65,50,Events important to me,Neutral,10,15.4
Age,55-64,65,50,Events important to me,Disagree,4,6.2
Age,55-64,65,23,Tenure (current members),15+ years,22,33.8
Age,55-64,65,23,Tenure (current members),10-15 years,18,27.7
Age,55-64,65,23,Tenure (current members),6-10 years,5,7.7
Age,55-64,65,23,Tenure (current members),3-6 years,3,4.6
Age,55-64,65,25,Tenure (former members),10-15 years,3,4.6
Age,55-64,65,25,Tenure (former members),1-2 years,1,1.5
Age,55-64,65,25,Tenure (former members),15+ years,1,1.5
Age,25-34,39,28,Sentiment: WordPress now,Negative,14,35.9
Age,25-34,39,28,Sentiment: WordPress now,Positive,12,30.8
Age,25-34,39,28,Sentiment: WordPress now,Very negative,5,12.8
Age,25-34,39,28,Sentiment: WordPress now,Neutral / Unsure,5,12.8
Age,25-34,39,28,Sentiment: WordPress now,Very positive,3,7.7
Age,25-34,39,31,Sentiment: WordPress future,Neutral / Unsure,13,33.3
Age,25-34,39,31,Sentiment: WordPress future,Negative,10,25.6
Age,25-34,39,31,Sentiment: WordPress future,Positive,9,23.1
Age,25-34,39,31,Sentiment: WordPress future,Very positive,4,10.3
Age,25-34,39,31,Sentiment: WordPress future,Very negative,3,7.7
Age,25-34,39,59,Sentiment: open source software,Positive,18,46.2
Age,25-34,39,59,Sentiment: open source software,Very positive,15,38.5
Age,25-34,39,59,Sentiment: open source software,Neutral / Unsure,3,7.7
Age,25-34,39,59,Sentiment: open source software,Negative,2,5.1
Age,25-34,39,59,Sentiment: open source software,Very negative,1,2.6
Age,25-34,39,68,Sentiment: AI in WordPress,Neutral / Unsure,16,41.0
Age,25-34,39,68,Sentiment: AI in WordPress,Very negative,14,35.9
Age,25-34,39,68,Sentiment: AI in WordPress,Positive,6,15.4
Age,25-34,39,68,Sentiment: AI in WordPress,Negative,3,7.7
Age,25-34,39,69,Sentiment: AI in web development,Very negative,12,30.8
Age,25-34,39,69,Sentiment: AI in web development,Positive,8,20.5
Age,25-34,39,69,Sentiment: AI in web development,Very positive,8,20.5
Age,25-34,39,69,Sentiment: AI in web development,Neutral / Unsure,7,17.9
Age,25-34,39,69,Sentiment: AI in web development,Negative,4,10.3
Age,25-34,39,37,Change in participation,No change / About the same,16,41.0
Age,25-34,39,37,Change in participation,Increased,8,20.5
Age,25-34,39,37,Change in participation,Significantly decreased,8,20.5
Age,25-34,39,37,Change in participation,Decreased,4,10.3
Age,25-34,39,37,Change in participation,Significantly increased,3,7.7
Age,25-34,39,36,Level of participation,Occasional participation,16,41.0
Age,25-34,39,36,Level of participation,Very active participation,6,15.4
Age,25-34,39,36,Level of participation,Observational only,6,15.4
Age,25-34,39,36,Level of participation,Inactive,6,15.4
Age,25-34,39,36,Level of participation,Moderately active participation,4,10.3
Age,25-34,39,36,Level of participation,Do not participate / Not applicable,1,2.6
Age,25-34,39,19,Considers self a contributor,Strongly disagree,10,25.6
Age,25-34,39,19,Considers self a contributor,Neutral,8,20.5
Age,25-34,39,19,Considers self a contributor,Agree,8,20.5
Age,25-34,39,19,Considers self a contributor,Strongly agree,8,20.5
Age,25-34,39,19,Considers self a contributor,Disagree,5,12.8
Age,25-34,39,22,Considers self a community member,Agree,12,30.8
Age,25-34,39,22,Considers self a community member,Strongly agree,11,28.2
Age,25-34,39,22,Considers self a community member,Neutral,9,23.1
Age,25-34,39,22,Considers self a community member,Disagree,6,15.4
Age,25-34,39,22,Considers self a community member,Strongly disagree,1,2.6
Age,25-34,39,15,Ever paid for participation,No - I am not paid for any of my participation in WordPress,22,56.4
Age,25-34,39,15,Ever paid for participation,Yes directly - Some or all of my work duties include participating in WordPress,13,33.3
Age,25-34,39,15,Ever paid for participation,Yes indirectly - I participate in WordPress for work but am not required to do so,4,10.3
Age,25-34,39,51,Relationship to official events,I participate in WordPress events annually or occasionally,15,38.5
Age,25-34,39,51,Relationship to official events,I have not attended any WordPress events and I'm not interested in attending,10,25.6
Age,25-34,39,51,Relationship to official events,I participate in WordPress events multiple times per year,8,20.5
Age,25-34,39,51,Relationship to official events,I used to participate in WordPress events but I no longer do,4,10.3
Age,25-34,39,51,Relationship to official events,I have not attended any WordPress events but I'd like to or am planning to,2,5.1
Age,25-34,39,71,AI impact so far,AI has had a positive impact on my work or income,16,41.0
Age,25-34,39,71,AI impact so far,AI has not significantly impacted my work or income,11,28.2
Age,25-34,39,71,AI impact so far,AI has had a negative impact on my work or income,9,23.1
Age,25-34,39,71,AI impact so far,Other (please describe),3,7.7
Age,25-34,39,73,AI impact expected,AI will probably positively impact my work or income in the future,20,51.3
Age,25-34,39,73,AI impact expected,AI will probably negatively impact my work or income in the future,15,38.5
Age,25-34,39,73,AI impact expected,AI will probably not impact my work or income in the future,3,7.7
Age,25-34,39,73,AI impact expected,Other (please describe),1,2.6
Age,25-34,39,29,Sentiment toward WordPress changed,Yes,30,76.9
Age,25-34,39,29,Sentiment toward WordPress changed,No,9,23.1
Age,25-34,39,50,Events important to me,Strongly agree,12,30.8
Age,25-34,39,50,Events important to me,Agree,10,25.6
Age,25-34,39,50,Events important to me,Strongly disagree,7,17.9
Age,25-34,39,50,Events important to me,Neutral,5,12.8
Age,25-34,39,50,Events important to me,Disagree,5,12.8
Age,25-34,39,23,Tenure (current members),6-10 years,10,25.6
Age,25-34,39,23,Tenure (current members),3-6 years,4,10.3
Age,25-34,39,23,Tenure (current members),15+ years,3,7.7
Age,25-34,39,23,Tenure (current members),10-15 years,3,7.7
Age,25-34,39,23,Tenure (current members),1-2 years,2,5.1
Age,25-34,39,23,Tenure (current members),Less than 1 year,1,2.6
Age,25-34,39,25,Tenure (former members),6-10 years,4,10.3
Age,25-34,39,25,Tenure (former members),3-6 years,2,5.1
Age,25-34,39,25,Tenure (former members),Less than 1 year,2,5.1
Age,25-34,39,25,Tenure (former members),10-15 years,1,2.6
Age,25-34,39,25,Tenure (former members),1-2 years,1,2.6
Age,65-74,20,28,Sentiment: WordPress now,Positive,9,45.0
Age,65-74,20,28,Sentiment: WordPress now,Neutral / Unsure,5,25.0
Age,65-74,20,28,Sentiment: WordPress now,Very negative,2,10.0
Age,65-74,20,28,Sentiment: WordPress now,Negative,2,10.0
Age,65-74,20,28,Sentiment: WordPress now,Very positive,2,10.0
Age,65-74,20,31,Sentiment: WordPress future,Neutral / Unsure,9,45.0
Age,65-74,20,31,Sentiment: WordPress future,Positive,7,35.0
Age,65-74,20,31,Sentiment: WordPress future,Very negative,2,10.0
Age,65-74,20,31,Sentiment: WordPress future,Negative,2,10.0
Age,65-74,20,59,Sentiment: open source software,Very positive,11,55.0
Age,65-74,20,59,Sentiment: open source software,Positive,8,40.0
Age,65-74,20,59,Sentiment: open source software,Neutral / Unsure,1,5.0
Age,65-74,20,68,Sentiment: AI in WordPress,Neutral / Unsure,8,40.0
Age,65-74,20,68,Sentiment: AI in WordPress,Very negative,7,35.0
Age,65-74,20,68,Sentiment: AI in WordPress,Negative,3,15.0
Age,65-74,20,68,Sentiment: AI in WordPress,Positive,2,10.0
Age,65-74,20,69,Sentiment: AI in web development,Neutral / Unsure,7,35.0
Age,65-74,20,69,Sentiment: AI in web development,Very negative,6,30.0
Age,65-74,20,69,Sentiment: AI in web development,Positive,4,20.0
Age,65-74,20,69,Sentiment: AI in web development,Negative,3,15.0
Age,65-74,20,37,Change in participation,No change / About the same,11,55.0
Age,65-74,20,37,Change in participation,Decreased,6,30.0
Age,65-74,20,37,Change in participation,Increased,2,10.0
Age,65-74,20,37,Change in participation,Significantly decreased,1,5.0
Age,65-74,20,36,Level of participation,Observational only,7,35.0
Age,65-74,20,36,Level of participation,Occasional participation,6,30.0
Age,65-74,20,36,Level of participation,Moderately active participation,2,10.0
Age,65-74,20,36,Level of participation,Very active participation,2,10.0
Age,65-74,20,36,Level of participation,Do not participate / Not applicable,2,10.0
Age,65-74,20,36,Level of participation,Inactive,1,5.0
Age,65-74,20,19,Considers self a contributor,Neutral,7,35.0
Age,65-74,20,19,Considers self a contributor,Disagree,5,25.0
Age,65-74,20,19,Considers self a contributor,Agree,4,20.0
Age,65-74,20,19,Considers self a contributor,Strongly agree,2,10.0
Age,65-74,20,19,Considers self a contributor,Strongly disagree,2,10.0
Age,65-74,20,22,Considers self a community member,Agree,12,60.0
Age,65-74,20,22,Considers self a community member,Strongly agree,4,20.0
Age,65-74,20,22,Considers self a community member,Neutral,4,20.0
Age,65-74,20,15,Ever paid for participation,No - I am not paid for any of my participation in WordPress,17,85.0
Age,65-74,20,15,Ever paid for participation,Yes directly - Some or all of my work duties include participating in WordPress,3,15.0
Age,65-74,20,51,Relationship to official events,I have not attended any WordPress events and I'm not interested in attending,8,40.0
Age,65-74,20,51,Relationship to official events,I used to participate in WordPress events but I no longer do,5,25.0
Age,65-74,20,51,Relationship to official events,I have not attended any WordPress events but I'd like to or am planning to,3,15.0
Age,65-74,20,51,Relationship to official events,I participate in WordPress events multiple times per year,3,15.0
Age,65-74,20,51,Relationship to official events,I participate in WordPress events annually or occasionally,1,5.0
Age,65-74,20,71,AI impact so far,AI has not significantly impacted my work or income,10,50.0
Age,65-74,20,71,AI impact so far,AI has had a negative impact on my work or income,5,25.0
Age,65-74,20,71,AI impact so far,AI has had a positive impact on my work or income,3,15.0
Age,65-74,20,71,AI impact so far,Other (please describe),2,10.0
Age,65-74,20,73,AI impact expected,AI will probably negatively impact my work or income in the future,12,60.0
Age,65-74,20,73,AI impact expected,AI will probably not impact my work or income in the future,4,20.0
Age,65-74,20,73,AI impact expected,AI will probably positively impact my work or income in the future,3,15.0
Age,65-74,20,73,AI impact expected,Other (please describe),1,5.0
Age,65-74,20,29,Sentiment toward WordPress changed,Yes,14,70.0
Age,65-74,20,29,Sentiment toward WordPress changed,No,6,30.0
Age,65-74,20,50,Events important to me,Neutral,8,40.0
Age,65-74,20,50,Events important to me,Strongly disagree,4,20.0
Age,65-74,20,50,Events important to me,Agree,4,20.0
Age,65-74,20,50,Events important to me,Disagree,3,15.0
Age,65-74,20,50,Events important to me,Strongly agree,1,5.0
Age,65-74,20,23,Tenure (current members),15+ years,7,35.0
Age,65-74,20,23,Tenure (current members),10-15 years,7,35.0
Age,65-74,20,23,Tenure (current members),6-10 years,1,5.0
Age,65-74,20,23,Tenure (current members),1-2 years,1,5.0
Age,65-74,20,25,Tenure (former members),6-10 years,2,10.0
Age,65-74,20,25,Tenure (former members),15+ years,1,5.0
Location,Non-US,246,28,Sentiment: WordPress now,Positive,77,31.3
Location,Non-US,246,28,Sentiment: WordPress now,Neutral / Unsure,75,30.5
Location,Non-US,246,28,Sentiment: WordPress now,Negative,56,22.8
Location,Non-US,246,28,Sentiment: WordPress now,Very negative,25,10.2
Location,Non-US,246,28,Sentiment: WordPress now,Very positive,13,5.3
Location,Non-US,246,31,Sentiment: WordPress future,Neutral / Unsure,92,37.4
Location,Non-US,246,31,Sentiment: WordPress future,Negative,68,27.6
Location,Non-US,246,31,Sentiment: WordPress future,Positive,51,20.7
Location,Non-US,246,31,Sentiment: WordPress future,Very negative,21,8.5
Location,Non-US,246,31,Sentiment: WordPress future,Very positive,14,5.7
Location,Non-US,246,59,Sentiment: open source software,Very positive,113,45.9
Location,Non-US,246,59,Sentiment: open source software,Positive,95,38.6
Location,Non-US,246,59,Sentiment: open source software,Neutral / Unsure,31,12.6
Location,Non-US,246,59,Sentiment: open source software,Negative,5,2.0
Location,Non-US,246,59,Sentiment: open source software,Very negative,2,0.8
Location,Non-US,246,68,Sentiment: AI in WordPress,Very negative,88,35.8
Location,Non-US,246,68,Sentiment: AI in WordPress,Neutral / Unsure,85,34.6
Location,Non-US,246,68,Sentiment: AI in WordPress,Negative,33,13.4
Location,Non-US,246,68,Sentiment: AI in WordPress,Positive,32,13.0
Location,Non-US,246,68,Sentiment: AI in WordPress,Very positive,8,3.3
Location,Non-US,246,69,Sentiment: AI in web development,Very negative,77,31.3
Location,Non-US,246,69,Sentiment: AI in web development,Positive,55,22.4
Location,Non-US,246,69,Sentiment: AI in web development,Neutral / Unsure,52,21.1
Location,Non-US,246,69,Sentiment: AI in web development,Negative,33,13.4
Location,Non-US,246,69,Sentiment: AI in web development,Very positive,29,11.8
Location,Non-US,246,37,Change in participation,No change / About the same,114,46.3
Location,Non-US,246,37,Change in participation,Decreased,49,19.9
Location,Non-US,246,37,Change in participation,Significantly decreased,43,17.5
Location,Non-US,246,37,Change in participation,Increased,30,12.2
Location,Non-US,246,37,Change in participation,Significantly increased,10,4.1
Location,Non-US,246,36,Level of participation,Occasional participation,86,35.0
Location,Non-US,246,36,Level of participation,Observational only,49,19.9
Location,Non-US,246,36,Level of participation,Moderately active participation,42,17.1
Location,Non-US,246,36,Level of participation,Very active participation,31,12.6
Location,Non-US,246,36,Level of participation,Do not participate / Not applicable,20,8.1
Location,Non-US,246,36,Level of participation,Inactive,18,7.3
Location,Non-US,246,19,Considers self a contributor,Agree,70,28.5
Location,Non-US,246,19,Considers self a contributor,Neutral,47,19.1
Location,Non-US,246,19,Considers self a contributor,Strongly agree,47,19.1
Location,Non-US,246,19,Considers self a contributor,Disagree,41,16.7
Location,Non-US,246,19,Considers self a contributor,Strongly disagree,41,16.7
Location,Non-US,246,22,Considers self a community member,Strongly agree,93,37.8
Location,Non-US,246,22,Considers self a community member,Agree,85,34.6
Location,Non-US,246,22,Considers self a community member,Neutral,37,15.0
Location,Non-US,246,22,Considers self a community member,Disagree,22,8.9
Location,Non-US,246,22,Considers self a community member,Strongly disagree,9,3.7
Location,Non-US,246,15,Ever paid for participation,No - I am not paid for any of my participation in WordPress,155,63.0
Location,Non-US,246,15,Ever paid for participation,Yes directly - Some or all of my work duties include participating in WordPress,59,24.0
Location,Non-US,246,15,Ever paid for participation,Yes indirectly - I participate in WordPress for work but am not required to do so,32,13.0
Location,Non-US,246,51,Relationship to official events,I participate in WordPress events multiple times per year,65,26.4
Location,Non-US,246,51,Relationship to official events,I have not attended any WordPress events and I'm not interested in attending,62,25.2
Location,Non-US,246,51,Relationship to official events,I participate in WordPress events annually or occasionally,59,24.0
Location,Non-US,246,51,Relationship to official events,I used to participate in WordPress events but I no longer do,43,17.5
Location,Non-US,246,51,Relationship to official events,I have not attended any WordPress events but I'd like to or am planning to,17,6.9
Location,Non-US,246,71,AI impact so far,AI has had a positive impact on my work or income,89,36.2
Location,Non-US,246,71,AI impact so far,AI has not significantly impacted my work or income,78,31.7
Location,Non-US,246,71,AI impact so far,AI has had a negative impact on my work or income,64,26.0
Location,Non-US,246,71,AI impact so far,Other (please describe),15,6.1
Location,Non-US,246,73,AI impact expected,AI will probably negatively impact my work or income in the future,115,46.7
Location,Non-US,246,73,AI impact expected,AI will probably positively impact my work or income in the future,81,32.9
Location,Non-US,246,73,AI impact expected,AI will probably not impact my work or income in the future,29,11.8
Location,Non-US,246,73,AI impact expected,Other (please describe),21,8.5
Location,Non-US,246,29,Sentiment toward WordPress changed,Yes,186,75.6
Location,Non-US,246,29,Sentiment toward WordPress changed,No,60,24.4
Location,Non-US,246,50,Events important to me,Strongly agree,67,27.2
Location,Non-US,246,50,Events important to me,Agree,60,24.4
Location,Non-US,246,50,Events important to me,Strongly disagree,46,18.7
Location,Non-US,246,50,Events important to me,Neutral,41,16.7
Location,Non-US,246,50,Events important to me,Disagree,32,13.0
Location,Non-US,246,23,Tenure (current members),15+ years,70,28.5
Location,Non-US,246,23,Tenure (current members),10-15 years,61,24.8
Location,Non-US,246,23,Tenure (current members),6-10 years,32,13.0
Location,Non-US,246,23,Tenure (current members),3-6 years,12,4.9
Location,Non-US,246,23,Tenure (current members),1-2 years,2,0.8
Location,Non-US,246,23,Tenure (current members),Less than 1 year,1,0.4
Location,Non-US,246,25,Tenure (former members),1-2 years,7,2.8
Location,Non-US,246,25,Tenure (former members),10-15 years,5,2.0
Location,Non-US,246,25,Tenure (former members),15+ years,5,2.0
Location,Non-US,246,25,Tenure (former members),3-6 years,5,2.0
Location,Non-US,246,25,Tenure (former members),6-10 years,3,1.2
Location,Non-US,246,25,Tenure (former members),Less than 1 year,1,0.4
Location,US,174,28,Sentiment: WordPress now,Negative,51,29.3
Location,US,174,28,Sentiment: WordPress now,Neutral / Unsure,46,26.4
Location,US,174,28,Sentiment: WordPress now,Positive,43,24.7
Location,US,174,28,Sentiment: WordPress now,Very negative,27,15.5
Location,US,174,28,Sentiment: WordPress now,Very positive,7,4.0
Location,US,174,31,Sentiment: WordPress future,Neutral / Unsure,61,35.1
Location,US,174,31,Sentiment: WordPress future,Negative,49,28.2
Location,US,174,31,Sentiment: WordPress future,Positive,32,18.4
Location,US,174,31,Sentiment: WordPress future,Very negative,24,13.8
Location,US,174,31,Sentiment: WordPress future,Very positive,8,4.6
Location,US,174,59,Sentiment: open source software,Positive,81,46.6
Location,US,174,59,Sentiment: open source software,Very positive,55,31.6
Location,US,174,59,Sentiment: open source software,Neutral / Unsure,28,16.1
Location,US,174,59,Sentiment: open source software,Negative,8,4.6
Location,US,174,59,Sentiment: open source software,Very negative,2,1.1
Location,US,174,68,Sentiment: AI in WordPress,Very negative,62,35.6
Location,US,174,68,Sentiment: AI in WordPress,Neutral / Unsure,55,31.6
Location,US,174,68,Sentiment: AI in WordPress,Positive,24,13.8
Location,US,174,68,Sentiment: AI in WordPress,Negative,24,13.8
Location,US,174,68,Sentiment: AI in WordPress,Very positive,9,5.2
Location,US,174,69,Sentiment: AI in web development,Very negative,56,32.2
Location,US,174,69,Sentiment: AI in web development,Positive,39,22.4
Location,US,174,69,Sentiment: AI in web development,Neutral / Unsure,34,19.5
Location,US,174,69,Sentiment: AI in web development,Very positive,25,14.4
Location,US,174,69,Sentiment: AI in web development,Negative,20,11.5
Location,US,174,37,Change in participation,No change / About the same,80,46.0
Location,US,174,37,Change in participation,Decreased,43,24.7
Location,US,174,37,Change in participation,Significantly decreased,26,14.9
Location,US,174,37,Change in participation,Increased,18,10.3
Location,US,174,37,Change in participation,Significantly increased,7,4.0
Location,US,174,36,Level of participation,Occasional participation,57,32.8
Location,US,174,36,Level of participation,Observational only,47,27.0
Location,US,174,36,Level of participation,Moderately active participation,33,19.0
Location,US,174,36,Level of participation,Very active participation,13,7.5
Location,US,174,36,Level of participation,Inactive,12,6.9
Location,US,174,36,Level of participation,Do not participate / Not applicable,12,6.9
Location,US,174,19,Considers self a contributor,Neutral,41,23.6
Location,US,174,19,Considers self a contributor,Disagree,37,21.3
Location,US,174,19,Considers self a contributor,Agree,34,19.5
Location,US,174,19,Considers self a contributor,Strongly disagree,34,19.5
Location,US,174,19,Considers self a contributor,Strongly agree,28,16.1
Location,US,174,22,Considers self a community member,Agree,80,46.0
Location,US,174,22,Considers self a community member,Strongly agree,48,27.6
Location,US,174,22,Considers self a community member,Neutral,29,16.7
Location,US,174,22,Considers self a community member,Disagree,13,7.5
Location,US,174,22,Considers self a community member,Strongly disagree,4,2.3
Location,US,174,15,Ever paid for participation,No - I am not paid for any of my participation in WordPress,86,49.4
Location,US,174,15,Ever paid for participation,Yes directly - Some or all of my work duties include participating in WordPress,56,32.2
Location,US,174,15,Ever paid for participation,Yes indirectly - I participate in WordPress for work but am not required to do so,32,18.4
Location,US,174,51,Relationship to official events,I have not attended any WordPress events and I'm not interested in attending,50,28.7
Location,US,174,51,Relationship to official events,I used to participate in WordPress events but I no longer do,50,28.7
Location,US,174,51,Relationship to official events,I participate in WordPress events annually or occasionally,31,17.8
Location,US,174,51,Relationship to official events,I participate in WordPress events multiple times per year,25,14.4
Location,US,174,51,Relationship to official events,I have not attended any WordPress events but I'd like to or am planning to,11,6.3
Location,US,174,51,Relationship to official events,Other (please describe),7,4.0
Location,US,174,71,AI impact so far,AI has had a positive impact on my work or income,63,36.2
Location,US,174,71,AI impact so far,AI has not significantly impacted my work or income,59,33.9
Location,US,174,71,AI impact so far,AI has had a negative impact on my work or income,40,23.0
Location,US,174,71,AI impact so far,Other (please describe),12,6.9
Location,US,174,73,AI impact expected,AI will probably negatively impact my work or income in the future,81,46.6
Location,US,174,73,AI impact expected,AI will probably positively impact my work or income in the future,64,36.8
Location,US,174,73,AI impact expected,AI will probably not impact my work or income in the future,20,11.5
Location,US,174,73,AI impact expected,Other (please describe),9,5.2
Location,US,174,29,Sentiment toward WordPress changed,Yes,138,79.3
Location,US,174,29,Sentiment toward WordPress changed,No,36,20.7
Location,US,174,50,Events important to me,Agree,49,28.2
Location,US,174,50,Events important to me,Strongly disagree,35,20.1
Location,US,174,50,Events important to me,Neutral,35,20.1
Location,US,174,50,Events important to me,Disagree,31,17.8
Location,US,174,50,Events important to me,Strongly agree,24,13.8
Location,US,174,23,Tenure (current members),15+ years,57,32.8
Location,US,174,23,Tenure (current members),10-15 years,48,27.6
Location,US,174,23,Tenure (current members),6-10 years,15,8.6
Location,US,174,23,Tenure (current members),3-6 years,5,2.9
Location,US,174,23,Tenure (current members),1-2 years,3,1.7
Location,US,174,25,Tenure (former members),10-15 years,6,3.4
Location,US,174,25,Tenure (former members),3-6 years,5,2.9
Location,US,174,25,Tenure (former members),6-10 years,5,2.9
Location,US,174,25,Tenure (former members),Less than 1 year,3,1.7
Location,US,174,25,Tenure (former members),15+ years,3,1.7
Location,US,174,25,Tenure (former members),1-2 years,2,1.1
Work role,Employee only,150,28,Sentiment: WordPress now,Neutral / Unsure,45,30.0
Work role,Employee only,150,28,Sentiment: WordPress now,Positive,42,28.0
Work role,Employee only,150,28,Sentiment: WordPress now,Negative,38,25.3
Work role,Employee only,150,28,Sentiment: WordPress now,Very negative,19,12.7
Work role,Employee only,150,28,Sentiment: WordPress now,Very positive,6,4.0
Work role,Employee only,150,31,Sentiment: WordPress future,Neutral / Unsure,47,31.3
Work role,Employee only,150,31,Sentiment: WordPress future,Negative,42,28.0
Work role,Employee only,150,31,Sentiment: WordPress future,Positive,35,23.3
Work role,Employee only,150,31,Sentiment: WordPress future,Very negative,19,12.7
Work role,Employee only,150,31,Sentiment: WordPress future,Very positive,7,4.7
Work role,Employee only,150,59,Sentiment: open source software,Positive,62,41.3
Work role,Employee only,150,59,Sentiment: open source software,Very positive,57,38.0
Work role,Employee only,150,59,Sentiment: open source software,Neutral / Unsure,21,14.0
Work role,Employee only,150,59,Sentiment: open source software,Negative,8,5.3
Work role,Employee only,150,59,Sentiment: open source software,Very negative,2,1.3
Work role,Employee only,150,68,Sentiment: AI in WordPress,Very negative,62,41.3
Work role,Employee only,150,68,Sentiment: AI in WordPress,Neutral / Unsure,40,26.7
Work role,Employee only,150,68,Sentiment: AI in WordPress,Positive,22,14.7
Work role,Employee only,150,68,Sentiment: AI in WordPress,Negative,20,13.3
Work role,Employee only,150,68,Sentiment: AI in WordPress,Very positive,6,4.0
Work role,Employee only,150,69,Sentiment: AI in web development,Very negative,62,41.3
Work role,Employee only,150,69,Sentiment: AI in web development,Positive,34,22.7
Work role,Employee only,150,69,Sentiment: AI in web development,Neutral / Unsure,23,15.3
Work role,Employee only,150,69,Sentiment: AI in web development,Negative,17,11.3
Work role,Employee only,150,69,Sentiment: AI in web development,Very positive,14,9.3
Work role,Employee only,150,37,Change in participation,No change / About the same,76,50.7
Work role,Employee only,150,37,Change in participation,Decreased,31,20.7
Work role,Employee only,150,37,Change in participation,Significantly decreased,21,14.0
Work role,Employee only,150,37,Change in participation,Increased,16,10.7
Work role,Employee only,150,37,Change in participation,Significantly increased,6,4.0
Work role,Employee only,150,36,Level of participation,Occasional participation,51,34.0
Work role,Employee only,150,36,Level of participation,Observational only,36,24.0
Work role,Employee only,150,36,Level of participation,Inactive,19,12.7
Work role,Employee only,150,36,Level of participation,Moderately active participation,17,11.3
Work role,Employee only,150,36,Level of participation,Do not participate / Not applicable,14,9.3
Work role,Employee only,150,36,Level of participation,Very active participation,13,8.7
Work role,Employee only,150,19,Considers self a contributor,Strongly disagree,36,24.0
Work role,Employee only,150,19,Considers self a contributor,Agree,34,22.7
Work role,Employee only,150,19,Considers self a contributor,Disagree,30,20.0
Work role,Employee only,150,19,Considers self a contributor,Neutral,26,17.3
Work role,Employee only,150,19,Considers self a contributor,Strongly agree,24,16.0
Work role,Employee only,150,22,Considers self a community member,Agree,54,36.0
Work role,Employee only,150,22,Considers self a community member,Strongly agree,42,28.0
Work role,Employee only,150,22,Considers self a community member,Neutral,28,18.7
Work role,Employee only,150,22,Considers self a community member,Disagree,20,13.3
Work role,Employee only,150,22,Considers self a community member,Strongly disagree,6,4.0
Work role,Employee only,150,15,Ever paid for participation,No - I am not paid for any of my participation in WordPress,74,49.3
Work role,Employee only,150,15,Ever paid for participation,Yes directly - Some or all of my work duties include participating in WordPress,42,28.0
Work role,Employee only,150,15,Ever paid for participation,Yes indirectly - I participate in WordPress for work but am not required to do so,34,22.7
Work role,Employee only,150,51,Relationship to official events,I have not attended any WordPress events and I'm not interested in attending,51,34.0
Work role,Employee only,150,51,Relationship to official events,I participate in WordPress events annually or occasionally,32,21.3
Work role,Employee only,150,51,Relationship to official events,I used to participate in WordPress events but I no longer do,32,21.3
Work role,Employee only,150,51,Relationship to official events,I participate in WordPress events multiple times per year,23,15.3
Work role,Employee only,150,51,Relationship to official events,I have not attended any WordPress events but I'd like to or am planning to,8,5.3
Work role,Employee only,150,51,Relationship to official events,Other (please describe),4,2.7
Work role,Employee only,150,71,AI impact so far,AI has not significantly impacted my work or income,53,35.3
Work role,Employee only,150,71,AI impact so far,AI has had a positive impact on my work or income,49,32.7
Work role,Employee only,150,71,AI impact so far,AI has had a negative impact on my work or income,41,27.3
Work role,Employee only,150,71,AI impact so far,Other (please describe),7,4.7
Work role,Employee only,150,73,AI impact expected,AI will probably negatively impact my work or income in the future,71,47.3
Work role,Employee only,150,73,AI impact expected,AI will probably positively impact my work or income in the future,46,30.7
Work role,Employee only,150,73,AI impact expected,AI will probably not impact my work or income in the future,24,16.0
Work role,Employee only,150,73,AI impact expected,Other (please describe),9,6.0
Work role,Employee only,150,29,Sentiment toward WordPress changed,Yes,107,71.3
Work role,Employee only,150,29,Sentiment toward WordPress changed,No,43,28.7
Work role,Employee only,150,50,Events important to me,Agree,35,23.3
Work role,Employee only,150,50,Events important to me,Strongly disagree,32,21.3
Work role,Employee only,150,50,Events important to me,Strongly agree,29,19.3
Work role,Employee only,150,50,Events important to me,Disagree,29,19.3
Work role,Employee only,150,50,Events important to me,Neutral,25,16.7
Work role,Employee only,150,23,Tenure (current members),15+ years,41,27.3
Work role,Employee only,150,23,Tenure (current members),10-15 years,31,20.7
Work role,Employee only,150,23,Tenure (current members),6-10 years,15,10.0
Work role,Employee only,150,23,Tenure (current members),3-6 years,7,4.7
Work role,Employee only,150,23,Tenure (current members),1-2 years,1,0.7
Work role,Employee only,150,23,Tenure (current members),Less than 1 year,1,0.7
Work role,Employee only,150,25,Tenure (former members),1-2 years,6,4.0
Work role,Employee only,150,25,Tenure (former members),3-6 years,5,3.3
Work role,Employee only,150,25,Tenure (former members),10-15 years,4,2.7
Work role,Employee only,150,25,Tenure (former members),6-10 years,4,2.7
Work role,Employee only,150,25,Tenure (former members),Less than 1 year,2,1.3
Work role,Employee only,150,25,Tenure (former members),15+ years,1,0.7
Work role,Owner/Exec,120,28,Sentiment: WordPress now,Positive,40,33.3
Work role,Owner/Exec,120,28,Sentiment: WordPress now,Negative,33,27.5
Work role,Owner/Exec,120,28,Sentiment: WordPress now,Neutral / Unsure,28,23.3
Work role,Owner/Exec,120,28,Sentiment: WordPress now,Very negative,15,12.5
Work role,Owner/Exec,120,28,Sentiment: WordPress now,Very positive,4,3.3
Work role,Owner/Exec,120,31,Sentiment: WordPress future,Neutral / Unsure,44,36.7
Work role,Owner/Exec,120,31,Sentiment: WordPress future,Negative,36,30.0
Work role,Owner/Exec,120,31,Sentiment: WordPress future,Positive,22,18.3
Work role,Owner/Exec,120,31,Sentiment: WordPress future,Very negative,11,9.2
Work role,Owner/Exec,120,31,Sentiment: WordPress future,Very positive,7,5.8
Work role,Owner/Exec,120,59,Sentiment: open source software,Very positive,51,42.5
Work role,Owner/Exec,120,59,Sentiment: open source software,Positive,49,40.8
Work role,Owner/Exec,120,59,Sentiment: open source software,Neutral / Unsure,17,14.2
Work role,Owner/Exec,120,59,Sentiment: open source software,Negative,2,1.7
Work role,Owner/Exec,120,59,Sentiment: open source software,Very negative,1,0.8
Work role,Owner/Exec,120,68,Sentiment: AI in WordPress,Neutral / Unsure,42,35.0
Work role,Owner/Exec,120,68,Sentiment: AI in WordPress,Very negative,30,25.0
Work role,Owner/Exec,120,68,Sentiment: AI in WordPress,Negative,24,20.0
Work role,Owner/Exec,120,68,Sentiment: AI in WordPress,Positive,17,14.2
Work role,Owner/Exec,120,68,Sentiment: AI in WordPress,Very positive,7,5.8
Work role,Owner/Exec,120,69,Sentiment: AI in web development,Very positive,32,26.7
Work role,Owner/Exec,120,69,Sentiment: AI in web development,Positive,26,21.7
Work role,Owner/Exec,120,69,Sentiment: AI in web development,Very negative,25,20.8
Work role,Owner/Exec,120,69,Sentiment: AI in web development,Neutral / Unsure,23,19.2
Work role,Owner/Exec,120,69,Sentiment: AI in web development,Negative,14,11.7
Work role,Owner/Exec,120,37,Change in participation,No change / About the same,52,43.3
Work role,Owner/Exec,120,37,Change in participation,Decreased,27,22.5
Work role,Owner/Exec,120,37,Change in participation,Significantly decreased,23,19.2
Work role,Owner/Exec,120,37,Change in participation,Increased,12,10.0
Work role,Owner/Exec,120,37,Change in participation,Significantly increased,6,5.0
Work role,Owner/Exec,120,36,Level of participation,Occasional participation,37,30.8
Work role,Owner/Exec,120,36,Level of participation,Observational only,28,23.3
Work role,Owner/Exec,120,36,Level of participation,Moderately active participation,25,20.8
Work role,Owner/Exec,120,36,Level of participation,Very active participation,19,15.8
Work role,Owner/Exec,120,36,Level of participation,Do not participate / Not applicable,6,5.0
Work role,Owner/Exec,120,36,Level of participation,Inactive,5,4.2
Work role,Owner/Exec,120,19,Considers self a contributor,Agree,32,26.7
Work role,Owner/Exec,120,19,Considers self a contributor,Neutral,29,24.2
Work role,Owner/Exec,120,19,Considers self a contributor,Strongly agree,26,21.7
Work role,Owner/Exec,120,19,Considers self a contributor,Disagree,18,15.0
Work role,Owner/Exec,120,19,Considers self a contributor,Strongly disagree,15,12.5
Work role,Owner/Exec,120,22,Considers self a community member,Strongly agree,52,43.3
Work role,Owner/Exec,120,22,Considers self a community member,Agree,42,35.0
Work role,Owner/Exec,120,22,Considers self a community member,Neutral,17,14.2
Work role,Owner/Exec,120,22,Considers self a community member,Disagree,7,5.8
Work role,Owner/Exec,120,22,Considers self a community member,Strongly disagree,2,1.7
Work role,Owner/Exec,120,15,Ever paid for participation,No - I am not paid for any of my participation in WordPress,80,66.7
Work role,Owner/Exec,120,15,Ever paid for participation,Yes directly - Some or all of my work duties include participating in WordPress,28,23.3
Work role,Owner/Exec,120,15,Ever paid for participation,Yes indirectly - I participate in WordPress for work but am not required to do so,12,10.0
Work role,Owner/Exec,120,51,Relationship to official events,I participate in WordPress events multiple times per year,35,29.2
Work role,Owner/Exec,120,51,Relationship to official events,I used to participate in WordPress events but I no longer do,28,23.3
Work role,Owner/Exec,120,51,Relationship to official events,I participate in WordPress events annually or occasionally,24,20.0
Work role,Owner/Exec,120,51,Relationship to official events,I have not attended any WordPress events and I'm not interested in attending,22,18.3
Work role,Owner/Exec,120,51,Relationship to official events,I have not attended any WordPress events but I'd like to or am planning to,9,7.5
Work role,Owner/Exec,120,51,Relationship to official events,Other (please describe),2,1.7
Work role,Owner/Exec,120,71,AI impact so far,AI has had a positive impact on my work or income,57,47.5
Work role,Owner/Exec,120,71,AI impact so far,AI has had a negative impact on my work or income,28,23.3
Work role,Owner/Exec,120,71,AI impact so far,AI has not significantly impacted my work or income,27,22.5
Work role,Owner/Exec,120,71,AI impact so far,Other (please describe),8,6.7
Work role,Owner/Exec,120,73,AI impact expected,AI will probably positively impact my work or income in the future,55,45.8
Work role,Owner/Exec,120,73,AI impact expected,AI will probably negatively impact my work or income in the future,49,40.8
Work role,Owner/Exec,120,73,AI impact expected,Other (please describe),8,6.7
Work role,Owner/Exec,120,73,AI impact expected,AI will probably not impact my work or income in the future,8,6.7
Work role,Owner/Exec,120,29,Sentiment toward WordPress changed,Yes,96,80.0
Work role,Owner/Exec,120,29,Sentiment toward WordPress changed,No,24,20.0
Work role,Owner/Exec,120,50,Events important to me,Agree,37,30.8
Work role,Owner/Exec,120,50,Events important to me,Strongly agree,30,25.0
Work role,Owner/Exec,120,50,Events important to me,Strongly disagree,23,19.2
Work role,Owner/Exec,120,50,Events important to me,Neutral,17,14.2
Work role,Owner/Exec,120,50,Events important to me,Disagree,13,10.8
Work role,Owner/Exec,120,23,Tenure (current members),15+ years,41,34.2
Work role,Owner/Exec,120,23,Tenure (current members),10-15 years,35,29.2
Work role,Owner/Exec,120,23,Tenure (current members),6-10 years,10,8.3
Work role,Owner/Exec,120,23,Tenure (current members),3-6 years,6,5.0
Work role,Owner/Exec,120,23,Tenure (current members),1-2 years,2,1.7
Work role,Owner/Exec,120,25,Tenure (former members),10-15 years,4,3.3
Work role,Owner/Exec,120,25,Tenure (former members),15+ years,3,2.5
Work role,Owner/Exec,120,25,Tenure (former members),6-10 years,2,1.7
Work role,Owner/Exec,120,25,Tenure (former members),Less than 1 year,1,0.8
Work role,Owner/Exec,120,25,Tenure (former members),1-2 years,1,0.8
Work role,Owner/Exec,120,25,Tenure (former members),3-6 years,1,0.8
Work role,Freelancer only,79,28,Sentiment: WordPress now,Neutral / Unsure,28,35.4
Work role,Freelancer only,79,28,Sentiment: WordPress now,Negative,20,25.3
Work role,Freelancer only,79,28,Sentiment: WordPress now,Positive,15,19.0
Work role,Freelancer only,79,28,Sentiment: WordPress now,Very negative,10,12.7
Work role,Freelancer only,79,28,Sentiment: WordPress now,Very positive,6,7.6
Work role,Freelancer only,79,31,Sentiment: WordPress future,Neutral / Unsure,35,44.3
Work role,Freelancer only,79,31,Sentiment: WordPress future,Negative,19,24.1
Work role,Freelancer only,79,31,Sentiment: WordPress future,Positive,11,13.9
Work role,Freelancer only,79,31,Sentiment: WordPress future,Very negative,10,12.7
Work role,Freelancer only,79,31,Sentiment: WordPress future,Very positive,4,5.1
Work role,Freelancer only,79,59,Sentiment: open source software,Positive,31,39.2
Work role,Freelancer only,79,59,Sentiment: open source software,Very positive,30,38.0
Work role,Freelancer only,79,59,Sentiment: open source software,Neutral / Unsure,16,20.3
Work role,Freelancer only,79,59,Sentiment: open source software,Very negative,1,1.3
Work role,Freelancer only,79,59,Sentiment: open source software,Negative,1,1.3
Work role,Freelancer only,79,68,Sentiment: AI in WordPress,Neutral / Unsure,37,46.8
Work role,Freelancer only,79,68,Sentiment: AI in WordPress,Very negative,27,34.2
Work role,Freelancer only,79,68,Sentiment: AI in WordPress,Positive,7,8.9
Work role,Freelancer only,79,68,Sentiment: AI in WordPress,Negative,7,8.9
Work role,Freelancer only,79,68,Sentiment: AI in WordPress,Very positive,1,1.3
Work role,Freelancer only,79,69,Sentiment: AI in web development,Neutral / Unsure,23,29.1
Work role,Freelancer only,79,69,Sentiment: AI in web development,Very negative,23,29.1
Work role,Freelancer only,79,69,Sentiment: AI in web development,Positive,20,25.3
Work role,Freelancer only,79,69,Sentiment: AI in web development,Negative,12,15.2
Work role,Freelancer only,79,69,Sentiment: AI in web development,Very positive,1,1.3
Work role,Freelancer only,79,37,Change in participation,No change / About the same,36,45.6
Work role,Freelancer only,79,37,Change in participation,Significantly decreased,17,21.5
Work role,Freelancer only,79,37,Change in participation,Decreased,13,16.5
Work role,Freelancer only,79,37,Change in participation,Increased,10,12.7
Work role,Freelancer only,79,37,Change in participation,Significantly increased,3,3.8
Work role,Freelancer only,79,36,Level of participation,Occasional participation,26,32.9
Work role,Freelancer only,79,36,Level of participation,Moderately active participation,20,25.3
Work role,Freelancer only,79,36,Level of participation,Observational only,19,24.1
Work role,Freelancer only,79,36,Level of participation,Inactive,6,7.6
Work role,Freelancer only,79,36,Level of participation,Very active participation,5,6.3
Work role,Freelancer only,79,36,Level of participation,Do not participate / Not applicable,3,3.8
Work role,Freelancer only,79,19,Considers self a contributor,Agree,23,29.1
Work role,Freelancer only,79,19,Considers self a contributor,Disagree,20,25.3
Work role,Freelancer only,79,19,Considers self a contributor,Neutral,15,19.0
Work role,Freelancer only,79,19,Considers self a contributor,Strongly agree,11,13.9
Work role,Freelancer only,79,19,Considers self a contributor,Strongly disagree,10,12.7
Work role,Freelancer only,79,22,Considers self a community member,Agree,34,43.0
Work role,Freelancer only,79,22,Considers self a community member,Strongly agree,24,30.4
Work role,Freelancer only,79,22,Considers self a community member,Neutral,14,17.7
Work role,Freelancer only,79,22,Considers self a community member,Disagree,4,5.1
Work role,Freelancer only,79,22,Considers self a community member,Strongly disagree,3,3.8
Work role,Freelancer only,79,15,Ever paid for participation,No - I am not paid for any of my participation in WordPress,52,65.8
Work role,Freelancer only,79,15,Ever paid for participation,Yes directly - Some or all of my work duties include participating in WordPress,20,25.3
Work role,Freelancer only,79,15,Ever paid for participation,Yes indirectly - I participate in WordPress for work but am not required to do so,7,8.9
Work role,Freelancer only,79,51,Relationship to official events,I participate in WordPress events annually or occasionally,20,25.3
Work role,Freelancer only,79,51,Relationship to official events,I have not attended any WordPress events and I'm not interested in attending,20,25.3
Work role,Freelancer only,79,51,Relationship to official events,I used to participate in WordPress events but I no longer do,17,21.5
Work role,Freelancer only,79,51,Relationship to official events,I participate in WordPress events multiple times per year,16,20.3
Work role,Freelancer only,79,51,Relationship to official events,I have not attended any WordPress events but I'd like to or am planning to,6,7.6
Work role,Freelancer only,79,71,AI impact so far,AI has not significantly impacted my work or income,31,39.2
Work role,Freelancer only,79,71,AI impact so far,AI has had a positive impact on my work or income,23,29.1
Work role,Freelancer only,79,71,AI impact so far,AI has had a negative impact on my work or income,19,24.1
Work role,Freelancer only,79,71,AI impact so far,Other (please describe),6,7.6
Work role,Freelancer only,79,73,AI impact expected,AI will probably negatively impact my work or income in the future,38,48.1
Work role,Freelancer only,79,73,AI impact expected,AI will probably positively impact my work or income in the future,22,27.8
Work role,Freelancer only,79,73,AI impact expected,AI will probably not impact my work or income in the future,10,12.7
Work role,Freelancer only,79,73,AI impact expected,Other (please describe),9,11.4
Work role,Freelancer only,79,29,Sentiment toward WordPress changed,Yes,64,81.0
Work role,Freelancer only,79,29,Sentiment toward WordPress changed,No,15,19.0
Work role,Freelancer only,79,50,Events important to me,Strongly agree,19,24.1
Work role,Freelancer only,79,50,Events important to me,Agree,17,21.5
Work role,Freelancer only,79,50,Events important to me,Disagree,16,20.3
Work role,Freelancer only,79,50,Events important to me,Neutral,16,20.3
Work role,Freelancer only,79,50,Events important to me,Strongly disagree,11,13.9
Work role,Freelancer only,79,23,Tenure (current members),15+ years,21,26.6
Work role,Freelancer only,79,23,Tenure (current members),10-15 years,20,25.3
Work role,Freelancer only,79,23,Tenure (current members),6-10 years,13,16.5
Work role,Freelancer only,79,23,Tenure (current members),3-6 years,4,5.1
Work role,Freelancer only,79,25,Tenure (former members),15+ years,4,5.1
Work role,Freelancer only,79,25,Tenure (former members),1-2 years,3,3.8
Work role,Freelancer only,79,25,Tenure (former members),6-10 years,3,3.8
Work role,Freelancer only,79,25,Tenure (former members),3-6 years,2,2.5
Work role,Freelancer only,79,25,Tenure (former members),10-15 years,2,2.5
Work role,Freelancer only,79,25,Tenure (former members),Less than 1 year,1,1.3
Work role,Employee+Freelance,40,28,Sentiment: WordPress now,Positive,13,32.5
Work role,Employee+Freelance,40,28,Sentiment: WordPress now,Neutral / Unsure,13,32.5
Work role,Employee+Freelance,40,28,Sentiment: WordPress now,Negative,11,27.5
Work role,Employee+Freelance,40,28,Sentiment: WordPress now,Very negative,2,5.0
Work role,Employee+Freelance,40,28,Sentiment: WordPress now,Very positive,1,2.5
Work role,Employee+Freelance,40,31,Sentiment: WordPress future,Neutral / Unsure,17,42.5
Work role,Employee+Freelance,40,31,Sentiment: WordPress future,Negative,10,25.0
Work role,Employee+Freelance,40,31,Sentiment: WordPress future,Positive,9,22.5
Work role,Employee+Freelance,40,31,Sentiment: WordPress future,Very negative,2,5.0
Work role,Employee+Freelance,40,31,Sentiment: WordPress future,Very positive,2,5.0
Work role,Employee+Freelance,40,59,Sentiment: open source software,Positive,23,57.5
Work role,Employee+Freelance,40,59,Sentiment: open source software,Very positive,14,35.0
Work role,Employee+Freelance,40,59,Sentiment: open source software,Neutral / Unsure,2,5.0
Work role,Employee+Freelance,40,59,Sentiment: open source software,Negative,1,2.5
Work role,Employee+Freelance,40,68,Sentiment: AI in WordPress,Neutral / Unsure,16,40.0
Work role,Employee+Freelance,40,68,Sentiment: AI in WordPress,Very negative,14,35.0
Work role,Employee+Freelance,40,68,Sentiment: AI in WordPress,Positive,4,10.0
Work role,Employee+Freelance,40,68,Sentiment: AI in WordPress,Negative,4,10.0
Work role,Employee+Freelance,40,68,Sentiment: AI in WordPress,Very positive,2,5.0
Work role,Employee+Freelance,40,69,Sentiment: AI in web development,Neutral / Unsure,11,27.5
Work role,Employee+Freelance,40,69,Sentiment: AI in web development,Positive,10,25.0
Work role,Employee+Freelance,40,69,Sentiment: AI in web development,Very negative,10,25.0
Work role,Employee+Freelance,40,69,Sentiment: AI in web development,Negative,7,17.5
Work role,Employee+Freelance,40,69,Sentiment: AI in web development,Very positive,2,5.0
Work role,Employee+Freelance,40,37,Change in participation,Decreased,16,40.0
Work role,Employee+Freelance,40,37,Change in participation,No change / About the same,14,35.0
Work role,Employee+Freelance,40,37,Change in participation,Increased,6,15.0
Work role,Employee+Freelance,40,37,Change in participation,Significantly decreased,3,7.5
Work role,Employee+Freelance,40,37,Change in participation,Significantly increased,1,2.5
Work role,Employee+Freelance,40,36,Level of participation,Occasional participation,13,32.5
Work role,Employee+Freelance,40,36,Level of participation,Moderately active participation,9,22.5
Work role,Employee+Freelance,40,36,Level of participation,Observational only,7,17.5
Work role,Employee+Freelance,40,36,Level of participation,Very active participation,5,12.5
Work role,Employee+Freelance,40,36,Level of participation,Do not participate / Not applicable,3,7.5
Work role,Employee+Freelance,40,36,Level of participation,Inactive,3,7.5
Work role,Employee+Freelance,40,19,Considers self a contributor,Neutral,10,25.0
Work role,Employee+Freelance,40,19,Considers self a contributor,Agree,9,22.5
Work role,Employee+Freelance,40,19,Considers self a contributor,Strongly disagree,8,20.0
Work role,Employee+Freelance,40,19,Considers self a contributor,Strongly agree,7,17.5
Work role,Employee+Freelance,40,19,Considers self a contributor,Disagree,6,15.0
Work role,Employee+Freelance,40,22,Considers self a community member,Agree,17,42.5
Work role,Employee+Freelance,40,22,Considers self a community member,Strongly agree,15,37.5
Work role,Employee+Freelance,40,22,Considers self a community member,Neutral,4,10.0
Work role,Employee+Freelance,40,22,Considers self a community member,Strongly disagree,2,5.0
Work role,Employee+Freelance,40,22,Considers self a community member,Disagree,2,5.0
Work role,Employee+Freelance,40,15,Ever paid for participation,No - I am not paid for any of my participation in WordPress,17,42.5
Work role,Employee+Freelance,40,15,Ever paid for participation,Yes directly - Some or all of my work duties include participating in WordPress,13,32.5
Work role,Employee+Freelance,40,15,Ever paid for participation,Yes indirectly - I participate in WordPress for work but am not required to do so,10,25.0
Work role,Employee+Freelance,40,51,Relationship to official events,I participate in WordPress events annually or occasionally,10,25.0
Work role,Employee+Freelance,40,51,Relationship to official events,I participate in WordPress events multiple times per year,10,25.0
Work role,Employee+Freelance,40,51,Relationship to official events,I used to participate in WordPress events but I no longer do,8,20.0
Work role,Employee+Freelance,40,51,Relationship to official events,I have not attended any WordPress events and I'm not interested in attending,8,20.0
Work role,Employee+Freelance,40,51,Relationship to official events,I have not attended any WordPress events but I'd like to or am planning to,3,7.5
Work role,Employee+Freelance,40,51,Relationship to official events,Other (please describe),1,2.5
Work role,Employee+Freelance,40,71,AI impact so far,AI has not significantly impacted my work or income,15,37.5
Work role,Employee+Freelance,40,71,AI impact so far,AI has had a positive impact on my work or income,12,30.0
Work role,Employee+Freelance,40,71,AI impact so far,AI has had a negative impact on my work or income,10,25.0
Work role,Employee+Freelance,40,71,AI impact so far,Other (please describe),3,7.5
Work role,Employee+Freelance,40,73,AI impact expected,AI will probably negatively impact my work or income in the future,22,55.0
Work role,Employee+Freelance,40,73,AI impact expected,AI will probably positively impact my work or income in the future,14,35.0
Work role,Employee+Freelance,40,73,AI impact expected,Other (please describe),2,5.0
Work role,Employee+Freelance,40,73,AI impact expected,AI will probably not impact my work or income in the future,2,5.0
Work role,Employee+Freelance,40,29,Sentiment toward WordPress changed,Yes,30,75.0
Work role,Employee+Freelance,40,29,Sentiment toward WordPress changed,No,10,25.0
Work role,Employee+Freelance,40,50,Events important to me,Agree,13,32.5
Work role,Employee+Freelance,40,50,Events important to me,Strongly agree,9,22.5
Work role,Employee+Freelance,40,50,Events important to me,Neutral,8,20.0
Work role,Employee+Freelance,40,50,Events important to me,Strongly disagree,7,17.5
Work role,Employee+Freelance,40,50,Events important to me,Disagree,3,7.5
Work role,Employee+Freelance,40,23,Tenure (current members),10-15 years,16,40.0
Work role,Employee+Freelance,40,23,Tenure (current members),15+ years,10,25.0
Work role,Employee+Freelance,40,23,Tenure (current members),6-10 years,6,15.0
Work role,Employee+Freelance,40,25,Tenure (former members),3-6 years,2,5.0
Work role,Other/Non-working,22,28,Sentiment: WordPress now,Neutral / Unsure,7,31.8
Work role,Other/Non-working,22,28,Sentiment: WordPress now,Negative,6,27.3
Work role,Other/Non-working,22,28,Sentiment: WordPress now,Very negative,4,18.2
Work role,Other/Non-working,22,28,Sentiment: WordPress now,Positive,3,13.6
Work role,Other/Non-working,22,28,Sentiment: WordPress now,Very positive,2,9.1
Work role,Other/Non-working,22,31,Sentiment: WordPress future,Negative,7,31.8
Work role,Other/Non-working,22,31,Sentiment: WordPress future,Neutral / Unsure,7,31.8
Work role,Other/Non-working,22,31,Sentiment: WordPress future,Very negative,5,22.7
Work role,Other/Non-working,22,31,Sentiment: WordPress future,Positive,2,9.1
Work role,Other/Non-working,22,31,Sentiment: WordPress future,Very positive,1,4.5
Work role,Other/Non-working,22,59,Sentiment: open source software,Positive,11,50.0
Work role,Other/Non-working,22,59,Sentiment: open source software,Very positive,9,40.9
Work role,Other/Non-working,22,59,Sentiment: open source software,Neutral / Unsure,1,4.5
Work role,Other/Non-working,22,59,Sentiment: open source software,Negative,1,4.5
Work role,Other/Non-working,22,68,Sentiment: AI in WordPress,Very negative,15,68.2
Work role,Other/Non-working,22,68,Sentiment: AI in WordPress,Neutral / Unsure,3,13.6
Work role,Other/Non-working,22,68,Sentiment: AI in WordPress,Negative,2,9.1
Work role,Other/Non-working,22,68,Sentiment: AI in WordPress,Very positive,1,4.5
Work role,Other/Non-working,22,68,Sentiment: AI in WordPress,Positive,1,4.5
Work role,Other/Non-working,22,69,Sentiment: AI in web development,Very negative,13,59.1
Work role,Other/Non-working,22,69,Sentiment: AI in web development,Neutral / Unsure,4,18.2
Work role,Other/Non-working,22,69,Sentiment: AI in web development,Negative,2,9.1
Work role,Other/Non-working,22,69,Sentiment: AI in web development,Positive,2,9.1
Work role,Other/Non-working,22,69,Sentiment: AI in web development,Very positive,1,4.5
Work role,Other/Non-working,22,37,Change in participation,No change / About the same,11,50.0
Work role,Other/Non-working,22,37,Change in participation,Significantly decreased,4,18.2
Work role,Other/Non-working,22,37,Change in participation,Decreased,4,18.2
Work role,Other/Non-working,22,37,Change in participation,Increased,3,13.6
Work role,Other/Non-working,22,36,Level of participation,Do not participate / Not applicable,8,36.4
Work role,Other/Non-working,22,36,Level of participation,Occasional participation,7,31.8
Work role,Other/Non-working,22,36,Level of participation,Moderately active participation,3,13.6
Work role,Other/Non-working,22,36,Level of participation,Inactive,2,9.1
Work role,Other/Non-working,22,36,Level of participation,Observational only,1,4.5
Work role,Other/Non-working,22,36,Level of participation,Very active participation,1,4.5
Work role,Other/Non-working,22,19,Considers self a contributor,Strongly disagree,7,31.8
Work role,Other/Non-working,22,19,Considers self a contributor,Neutral,5,22.7
Work role,Other/Non-working,22,19,Considers self a contributor,Disagree,4,18.2
Work role,Other/Non-working,22,19,Considers self a contributor,Agree,3,13.6
Work role,Other/Non-working,22,19,Considers self a contributor,Strongly agree,3,13.6
Work role,Other/Non-working,22,22,Considers self a community member,Agree,8,36.4
Work role,Other/Non-working,22,22,Considers self a community member,Neutral,4,18.2
Work role,Other/Non-working,22,22,Considers self a community member,Strongly agree,4,18.2
Work role,Other/Non-working,22,22,Considers self a community member,Disagree,3,13.6
Work role,Other/Non-working,22,22,Considers self a community member,Strongly disagree,3,13.6
Work role,Other/Non-working,22,15,Ever paid for participation,No - I am not paid for any of my participation in WordPress,17,77.3
Work role,Other/Non-working,22,15,Ever paid for participation,Yes directly - Some or all of my work duties include participating in WordPress,5,22.7
Work role,Other/Non-working,22,51,Relationship to official events,I have not attended any WordPress events and I'm not interested in attending,13,59.1
Work role,Other/Non-working,22,51,Relationship to official events,I used to participate in WordPress events but I no longer do,5,22.7
Work role,Other/Non-working,22,51,Relationship to official events,I participate in WordPress events annually or occasionally,2,9.1
Work role,Other/Non-working,22,51,Relationship to official events,I participate in WordPress events multiple times per year,1,4.5
Work role,Other/Non-working,22,51,Relationship to official events,I have not attended any WordPress events but I'd like to or am planning to,1,4.5
Work role,Other/Non-working,22,71,AI impact so far,AI has not significantly impacted my work or income,10,45.5
Work role,Other/Non-working,22,71,AI impact so far,AI has had a negative impact on my work or income,8,36.4
Work role,Other/Non-working,22,71,AI impact so far,AI has had a positive impact on my work or income,2,9.1
Work role,Other/Non-working,22,71,AI impact so far,Other (please describe),2,9.1
Work role,Other/Non-working,22,73,AI impact expected,AI will probably negatively impact my work or income in the future,13,59.1
Work role,Other/Non-working,22,73,AI impact expected,AI will probably not impact my work or income in the future,6,27.3
Work role,Other/Non-working,22,73,AI impact expected,Other (please describe),2,9.1
Work role,Other/Non-working,22,73,AI impact expected,AI will probably positively impact my work or income in the future,1,4.5
Work role,Other/Non-working,22,29,Sentiment toward WordPress changed,Yes,19,86.4
Work role,Other/Non-working,22,29,Sentiment toward WordPress changed,No,3,13.6
Work role,Other/Non-working,22,50,Events important to me,Strongly disagree,6,27.3
Work role,Other/Non-working,22,50,Events important to me,Disagree,6,27.3
Work role,Other/Non-working,22,50,Events important to me,Neutral,5,22.7
Work role,Other/Non-working,22,50,Events important to me,Agree,4,18.2
Work role,Other/Non-working,22,50,Events important to me,Strongly agree,1,4.5
Work role,Other/Non-working,22,23,Tenure (current members),10-15 years,5,22.7
Work role,Other/Non-working,22,23,Tenure (current members),15+ years,4,18.2
Work role,Other/Non-working,22,23,Tenure (current members),6-10 years,2,9.1
Work role,Other/Non-working,22,23,Tenure (current members),1-2 years,1,4.5
Work role,Other/Non-working,22,25,Tenure (former members),Less than 1 year,2,9.1
Work role,Other/Non-working,22,25,Tenure (former members),10-15 years,2,9.1
Work role,Employee+Owner,20,28,Sentiment: WordPress now,Positive,8,40.0
Work role,Employee+Owner,20,28,Sentiment: WordPress now,Neutral / Unsure,5,25.0
Work role,Employee+Owner,20,28,Sentiment: WordPress now,Very negative,3,15.0
Work role,Employee+Owner,20,28,Sentiment: WordPress now,Negative,3,15.0
Work role,Employee+Owner,20,28,Sentiment: WordPress now,Very positive,1,5.0
Work role,Employee+Owner,20,31,Sentiment: WordPress future,Neutral / Unsure,8,40.0
Work role,Employee+Owner,20,31,Sentiment: WordPress future,Negative,7,35.0
Work role,Employee+Owner,20,31,Sentiment: WordPress future,Positive,4,20.0
Work role,Employee+Owner,20,31,Sentiment: WordPress future,Very positive,1,5.0
Work role,Employee+Owner,20,59,Sentiment: open source software,Very positive,9,45.0
Work role,Employee+Owner,20,59,Sentiment: open source software,Positive,6,30.0
Work role,Employee+Owner,20,59,Sentiment: open source software,Neutral / Unsure,5,25.0
Work role,Employee+Owner,20,68,Sentiment: AI in WordPress,Very negative,9,45.0
Work role,Employee+Owner,20,68,Sentiment: AI in WordPress,Neutral / Unsure,5,25.0
Work role,Employee+Owner,20,68,Sentiment: AI in WordPress,Positive,5,25.0
Work role,Employee+Owner,20,68,Sentiment: AI in WordPress,Negative,1,5.0
Work role,Employee+Owner,20,69,Sentiment: AI in web development,Very negative,7,35.0
Work role,Employee+Owner,20,69,Sentiment: AI in web development,Neutral / Unsure,5,25.0
Work role,Employee+Owner,20,69,Sentiment: AI in web development,Very positive,4,20.0
Work role,Employee+Owner,20,69,Sentiment: AI in web development,Positive,3,15.0
Work role,Employee+Owner,20,69,Sentiment: AI in web development,Negative,1,5.0
Work role,Employee+Owner,20,37,Change in participation,No change / About the same,10,50.0
Work role,Employee+Owner,20,37,Change in participation,Significantly decreased,5,25.0
Work role,Employee+Owner,20,37,Change in participation,Decreased,3,15.0
Work role,Employee+Owner,20,37,Change in participation,Increased,1,5.0
Work role,Employee+Owner,20,37,Change in participation,Significantly increased,1,5.0
Work role,Employee+Owner,20,36,Level of participation,Occasional participation,10,50.0
Work role,Employee+Owner,20,36,Level of participation,Observational only,6,30.0
Work role,Employee+Owner,20,36,Level of participation,Moderately active participation,2,10.0
Work role,Employee+Owner,20,36,Level of participation,Do not participate / Not applicable,1,5.0
Work role,Employee+Owner,20,36,Level of participation,Very active participation,1,5.0
Work role,Employee+Owner,20,19,Considers self a contributor,Neutral,5,25.0
Work role,Employee+Owner,20,19,Considers self a contributor,Strongly agree,5,25.0
Work role,Employee+Owner,20,19,Considers self a contributor,Agree,4,20.0
Work role,Employee+Owner,20,19,Considers self a contributor,Strongly disagree,3,15.0
Work role,Employee+Owner,20,19,Considers self a contributor,Disagree,3,15.0
Work role,Employee+Owner,20,22,Considers self a community member,Agree,11,55.0
Work role,Employee+Owner,20,22,Considers self a community member,Strongly agree,5,25.0
Work role,Employee+Owner,20,22,Considers self a community member,Neutral,3,15.0
Work role,Employee+Owner,20,22,Considers self a community member,Strongly disagree,1,5.0
Work role,Employee+Owner,20,15,Ever paid for participation,Yes directly - Some or all of my work duties include participating in WordPress,8,40.0
Work role,Employee+Owner,20,15,Ever paid for participation,No - I am not paid for any of my participation in WordPress,8,40.0
Work role,Employee+Owner,20,15,Ever paid for participation,Yes indirectly - I participate in WordPress for work but am not required to do so,4,20.0
Work role,Employee+Owner,20,51,Relationship to official events,I have not attended any WordPress events and I'm not interested in attending,6,30.0
Work role,Employee+Owner,20,51,Relationship to official events,I participate in WordPress events multiple times per year,6,30.0
Work role,Employee+Owner,20,51,Relationship to official events,I used to participate in WordPress events but I no longer do,4,20.0
Work role,Employee+Owner,20,51,Relationship to official events,I participate in WordPress events annually or occasionally,2,10.0
Work role,Employee+Owner,20,51,Relationship to official events,Other (please describe),1,5.0
Work role,Employee+Owner,20,51,Relationship to official events,I have not attended any WordPress events but I'd like to or am planning to,1,5.0
Work role,Employee+Owner,20,71,AI impact so far,AI has had a positive impact on my work or income,10,50.0
Work role,Employee+Owner,20,71,AI impact so far,AI has not significantly impacted my work or income,5,25.0
Work role,Employee+Owner,20,71,AI impact so far,AI has had a negative impact on my work or income,4,20.0
Work role,Employee+Owner,20,71,AI impact so far,Other (please describe),1,5.0
Work role,Employee+Owner,20,73,AI impact expected,AI will probably negatively impact my work or income in the future,10,50.0
Work role,Employee+Owner,20,73,AI impact expected,AI will probably positively impact my work or income in the future,7,35.0
Work role,Employee+Owner,20,73,AI impact expected,Other (please describe),2,10.0
Work role,Employee+Owner,20,73,AI impact expected,AI will probably not impact my work or income in the future,1,5.0
Work role,Employee+Owner,20,29,Sentiment toward WordPress changed,Yes,17,85.0
Work role,Employee+Owner,20,29,Sentiment toward WordPress changed,No,3,15.0
Work role,Employee+Owner,20,50,Events important to me,Neutral,7,35.0
Work role,Employee+Owner,20,50,Events important to me,Strongly disagree,5,25.0
Work role,Employee+Owner,20,50,Events important to me,Strongly agree,4,20.0
Work role,Employee+Owner,20,50,Events important to me,Agree,3,15.0
Work role,Employee+Owner,20,50,Events important to me,Disagree,1,5.0
Work role,Employee+Owner,20,23,Tenure (current members),15+ years,10,50.0
Work role,Employee+Owner,20,23,Tenure (current members),10-15 years,3,15.0
Work role,Employee+Owner,20,23,Tenure (current members),1-2 years,1,5.0
Work role,Employee+Owner,20,23,Tenure (current members),3-6 years,1,5.0
Work role,Employee+Owner,20,23,Tenure (current members),6-10 years,1,5.0
Work role,Employee+Owner,20,25,Tenure (former members),3-6 years,1,5.0
Pay status,Unpaid,248,28,Sentiment: WordPress now,Neutral / Unsure,76,30.6
Pay status,Unpaid,248,28,Sentiment: WordPress now,Positive,66,26.6
Pay status,Unpaid,248,28,Sentiment: WordPress now,Negative,57,23.0
Pay status,Unpaid,248,28,Sentiment: WordPress now,Very negative,39,15.7
Pay status,Unpaid,248,28,Sentiment: WordPress now,Very positive,10,4.0
Pay status,Unpaid,248,31,Sentiment: WordPress future,Neutral / Unsure,87,35.1
Pay status,Unpaid,248,31,Sentiment: WordPress future,Negative,73,29.4
Pay status,Unpaid,248,31,Sentiment: WordPress future,Positive,44,17.7
Pay status,Unpaid,248,31,Sentiment: WordPress future,Very negative,33,13.3
Pay status,Unpaid,248,31,Sentiment: WordPress future,Very positive,11,4.4
Pay status,Unpaid,248,59,Sentiment: open source software,Positive,107,43.1
Pay status,Unpaid,248,59,Sentiment: open source software,Very positive,98,39.5
Pay status,Unpaid,248,59,Sentiment: open source software,Neutral / Unsure,30,12.1
Pay status,Unpaid,248,59,Sentiment: open source software,Negative,9,3.6
Pay status,Unpaid,248,59,Sentiment: open source software,Very negative,4,1.6
Pay status,Unpaid,248,68,Sentiment: AI in WordPress,Very negative,103,41.5
Pay status,Unpaid,248,68,Sentiment: AI in WordPress,Neutral / Unsure,84,33.9
Pay status,Unpaid,248,68,Sentiment: AI in WordPress,Negative,30,12.1
Pay status,Unpaid,248,68,Sentiment: AI in WordPress,Positive,24,9.7
Pay status,Unpaid,248,68,Sentiment: AI in WordPress,Very positive,7,2.8
Pay status,Unpaid,248,69,Sentiment: AI in web development,Very negative,96,38.7
Pay status,Unpaid,248,69,Sentiment: AI in web development,Neutral / Unsure,59,23.8
Pay status,Unpaid,248,69,Sentiment: AI in web development,Positive,49,19.8
Pay status,Unpaid,248,69,Sentiment: AI in web development,Negative,23,9.3
Pay status,Unpaid,248,69,Sentiment: AI in web development,Very positive,21,8.5
Pay status,Unpaid,248,37,Change in participation,No change / About the same,131,52.8
Pay status,Unpaid,248,37,Change in participation,Decreased,50,20.2
Pay status,Unpaid,248,37,Change in participation,Significantly decreased,46,18.5
Pay status,Unpaid,248,37,Change in participation,Increased,17,6.9
Pay status,Unpaid,248,37,Change in participation,Significantly increased,4,1.6
Pay status,Unpaid,248,36,Level of participation,Occasional participation,78,31.5
Pay status,Unpaid,248,36,Level of participation,Observational only,69,27.8
Pay status,Unpaid,248,36,Level of participation,Moderately active participation,39,15.7
Pay status,Unpaid,248,36,Level of participation,Do not participate / Not applicable,26,10.5
Pay status,Unpaid,248,36,Level of participation,Inactive,23,9.3
Pay status,Unpaid,248,36,Level of participation,Very active participation,13,5.2
Pay status,Unpaid,248,19,Considers self a contributor,Strongly disagree,61,24.6
Pay status,Unpaid,248,19,Considers self a contributor,Neutral,58,23.4
Pay status,Unpaid,248,19,Considers self a contributor,Agree,56,22.6
Pay status,Unpaid,248,19,Considers self a contributor,Disagree,51,20.6
Pay status,Unpaid,248,19,Considers self a contributor,Strongly agree,22,8.9
Pay status,Unpaid,248,22,Considers self a community member,Agree,101,40.7
Pay status,Unpaid,248,22,Considers self a community member,Strongly agree,61,24.6
Pay status,Unpaid,248,22,Considers self a community member,Neutral,48,19.4
Pay status,Unpaid,248,22,Considers self a community member,Disagree,24,9.7
Pay status,Unpaid,248,22,Considers self a community member,Strongly disagree,14,5.6
Pay status,Unpaid,248,51,Relationship to official events,I have not attended any WordPress events and I'm not interested in attending,83,33.5
Pay status,Unpaid,248,51,Relationship to official events,I participate in WordPress events annually or occasionally,55,22.2
Pay status,Unpaid,248,51,Relationship to official events,I used to participate in WordPress events but I no longer do,51,20.6
Pay status,Unpaid,248,51,Relationship to official events,I participate in WordPress events multiple times per year,36,14.5
Pay status,Unpaid,248,51,Relationship to official events,I have not attended any WordPress events but I'd like to or am planning to,19,7.7
Pay status,Unpaid,248,51,Relationship to official events,Other (please describe),4,1.6
Pay status,Unpaid,248,71,AI impact so far,AI has not significantly impacted my work or income,88,35.5
Pay status,Unpaid,248,71,AI impact so far,AI has had a positive impact on my work or income,76,30.6
Pay status,Unpaid,248,71,AI impact so far,AI has had a negative impact on my work or income,64,25.8
Pay status,Unpaid,248,71,AI impact so far,Other (please describe),20,8.1
Pay status,Unpaid,248,73,AI impact expected,AI will probably negatively impact my work or income in the future,123,49.6
Pay status,Unpaid,248,73,AI impact expected,AI will probably positively impact my work or income in the future,70,28.2
Pay status,Unpaid,248,73,AI impact expected,AI will probably not impact my work or income in the future,36,14.5
Pay status,Unpaid,248,73,AI impact expected,Other (please describe),19,7.7
Pay status,Unpaid,248,29,Sentiment toward WordPress changed,Yes,192,77.4
Pay status,Unpaid,248,29,Sentiment toward WordPress changed,No,56,22.6
Pay status,Unpaid,248,50,Events important to me,Agree,66,26.6
Pay status,Unpaid,248,50,Events important to me,Strongly disagree,57,23.0
Pay status,Unpaid,248,50,Events important to me,Neutral,44,17.7
Pay status,Unpaid,248,50,Events important to me,Disagree,41,16.5
Pay status,Unpaid,248,50,Events important to me,Strongly agree,40,16.1
Pay status,Unpaid,248,23,Tenure (current members),15+ years,74,29.8
Pay status,Unpaid,248,23,Tenure (current members),10-15 years,50,20.2
Pay status,Unpaid,248,23,Tenure (current members),6-10 years,27,10.9
Pay status,Unpaid,248,23,Tenure (current members),3-6 years,7,2.8
Pay status,Unpaid,248,23,Tenure (current members),1-2 years,3,1.2
Pay status,Unpaid,248,23,Tenure (current members),Less than 1 year,1,0.4
Pay status,Unpaid,248,25,Tenure (former members),1-2 years,8,3.2
Pay status,Unpaid,248,25,Tenure (former members),Less than 1 year,6,2.4
Pay status,Unpaid,248,25,Tenure (former members),15+ years,6,2.4
Pay status,Unpaid,248,25,Tenure (former members),3-6 years,5,2.0
Pay status,Unpaid,248,25,Tenure (former members),10-15 years,5,2.0
Pay status,Unpaid,248,25,Tenure (former members),6-10 years,4,1.6
Pay status,Paid directly,116,28,Sentiment: WordPress now,Positive,36,31.0
Pay status,Paid directly,116,28,Sentiment: WordPress now,Negative,33,28.4
Pay status,Paid directly,116,28,Sentiment: WordPress now,Neutral / Unsure,28,24.1
Pay status,Paid directly,116,28,Sentiment: WordPress now,Very negative,11,9.5
Pay status,Paid directly,116,28,Sentiment: WordPress now,Very positive,8,6.9
Pay status,Paid directly,116,31,Sentiment: WordPress future,Neutral / Unsure,45,38.8
Pay status,Paid directly,116,31,Sentiment: WordPress future,Negative,30,25.9
Pay status,Paid directly,116,31,Sentiment: WordPress future,Positive,26,22.4
Pay status,Paid directly,116,31,Sentiment: WordPress future,Very positive,8,6.9
Pay status,Paid directly,116,31,Sentiment: WordPress future,Very negative,7,6.0
Pay status,Paid directly,116,59,Sentiment: open source software,Positive,55,47.4
Pay status,Paid directly,116,59,Sentiment: open source software,Very positive,42,36.2
Pay status,Paid directly,116,59,Sentiment: open source software,Neutral / Unsure,16,13.8
Pay status,Paid directly,116,59,Sentiment: open source software,Negative,3,2.6
Pay status,Paid directly,116,68,Sentiment: AI in WordPress,Very negative,35,30.2
Pay status,Paid directly,116,68,Sentiment: AI in WordPress,Neutral / Unsure,34,29.3
Pay status,Paid directly,116,68,Sentiment: AI in WordPress,Positive,23,19.8
Pay status,Paid directly,116,68,Sentiment: AI in WordPress,Negative,17,14.7
Pay status,Paid directly,116,68,Sentiment: AI in WordPress,Very positive,7,6.0
Pay status,Paid directly,116,69,Sentiment: AI in web development,Positive,28,24.1
Pay status,Paid directly,116,69,Sentiment: AI in web development,Very positive,25,21.6
Pay status,Paid directly,116,69,Sentiment: AI in web development,Very negative,25,21.6
Pay status,Paid directly,116,69,Sentiment: AI in web development,Neutral / Unsure,20,17.2
Pay status,Paid directly,116,69,Sentiment: AI in web development,Negative,18,15.5
Pay status,Paid directly,116,37,Change in participation,No change / About the same,42,36.2
Pay status,Paid directly,116,37,Change in participation,Decreased,24,20.7
Pay status,Paid directly,116,37,Change in participation,Increased,21,18.1
Pay status,Paid directly,116,37,Change in participation,Significantly decreased,19,16.4
Pay status,Paid directly,116,37,Change in participation,Significantly increased,10,8.6
Pay status,Paid directly,116,36,Level of participation,Occasional participation,36,31.0
Pay status,Paid directly,116,36,Level of participation,Very active participation,24,20.7
Pay status,Paid directly,116,36,Level of participation,Moderately active participation,23,19.8
Pay status,Paid directly,116,36,Level of participation,Observational only,16,13.8
Pay status,Paid directly,116,36,Level of participation,Do not participate / Not applicable,9,7.8
Pay status,Paid directly,116,36,Level of participation,Inactive,8,6.9
Pay status,Paid directly,116,19,Considers self a contributor,Strongly agree,39,33.6
Pay status,Paid directly,116,19,Considers self a contributor,Agree,28,24.1
Pay status,Paid directly,116,19,Considers self a contributor,Neutral,19,16.4
Pay status,Paid directly,116,19,Considers self a contributor,Disagree,18,15.5
Pay status,Paid directly,116,19,Considers self a contributor,Strongly disagree,12,10.3
Pay status,Paid directly,116,22,Considers self a community member,Strongly agree,58,50.0
Pay status,Paid directly,116,22,Considers self a community member,Agree,31,26.7
Pay status,Paid directly,116,22,Considers self a community member,Neutral,15,12.9
Pay status,Paid directly,116,22,Considers self a community member,Disagree,9,7.8
Pay status,Paid directly,116,22,Considers self a community member,Strongly disagree,3,2.6
Pay status,Paid directly,116,51,Relationship to official events,I participate in WordPress events multiple times per year,39,33.6
Pay status,Paid directly,116,51,Relationship to official events,I used to participate in WordPress events but I no longer do,24,20.7
Pay status,Paid directly,116,51,Relationship to official events,I participate in WordPress events annually or occasionally,22,19.0
Pay status,Paid directly,116,51,Relationship to official events,I have not attended any WordPress events and I'm not interested in attending,21,18.1
Pay status,Paid directly,116,51,Relationship to official events,I have not attended any WordPress events but I'd like to or am planning to,8,6.9
Pay status,Paid directly,116,51,Relationship to official events,Other (please describe),2,1.7
Pay status,Paid directly,116,71,AI impact so far,AI has had a positive impact on my work or income,54,46.6
Pay status,Paid directly,116,71,AI impact so far,AI has had a negative impact on my work or income,31,26.7
Pay status,Paid directly,116,71,AI impact so far,AI has not significantly impacted my work or income,29,25.0
Pay status,Paid directly,116,71,AI impact so far,Other (please describe),2,1.7
Pay status,Paid directly,116,73,AI impact expected,AI will probably positively impact my work or income in the future,51,44.0
Pay status,Paid directly,116,73,AI impact expected,AI will probably negatively impact my work or income in the future,51,44.0
Pay status,Paid directly,116,73,AI impact expected,AI will probably not impact my work or income in the future,7,6.0
Pay status,Paid directly,116,73,AI impact expected,Other (please describe),7,6.0
Pay status,Paid directly,116,29,Sentiment toward WordPress changed,Yes,83,71.6
Pay status,Paid directly,116,29,Sentiment toward WordPress changed,No,33,28.4
Pay status,Paid directly,116,50,Events important to me,Strongly agree,34,29.3
Pay status,Paid directly,116,50,Events important to me,Agree,30,25.9
Pay status,Paid directly,116,50,Events important to me,Strongly disagree,18,15.5
Pay status,Paid directly,116,50,Events important to me,Neutral,18,15.5
Pay status,Paid directly,116,50,Events important to me,Disagree,16,13.8
Pay status,Paid directly,116,23,Tenure (current members),10-15 years,41,35.3
Pay status,Paid directly,116,23,Tenure (current members),15+ years,30,25.9
Pay status,Paid directly,116,23,Tenure (current members),6-10 years,8,6.9
Pay status,Paid directly,116,23,Tenure (current members),3-6 years,8,6.9
Pay status,Paid directly,116,23,Tenure (current members),1-2 years,2,1.7
Pay status,Paid directly,116,25,Tenure (former members),10-15 years,6,5.2
Pay status,Paid directly,116,25,Tenure (former members),3-6 years,5,4.3
Pay status,Paid directly,116,25,Tenure (former members),6-10 years,4,3.4
Pay status,Paid directly,116,25,Tenure (former members),15+ years,2,1.7
Pay status,Paid directly,116,25,Tenure (former members),1-2 years,2,1.7
Pay status,Paid indirectly,67,28,Sentiment: WordPress now,Neutral / Unsure,22,32.8
Pay status,Paid indirectly,67,28,Sentiment: WordPress now,Negative,21,31.3
Pay status,Paid indirectly,67,28,Sentiment: WordPress now,Positive,19,28.4
Pay status,Paid indirectly,67,28,Sentiment: WordPress now,Very negative,3,4.5
Pay status,Paid indirectly,67,28,Sentiment: WordPress now,Very positive,2,3.0
Pay status,Paid indirectly,67,31,Sentiment: WordPress future,Neutral / Unsure,26,38.8
Pay status,Paid indirectly,67,31,Sentiment: WordPress future,Negative,18,26.9
Pay status,Paid indirectly,67,31,Sentiment: WordPress future,Positive,13,19.4
Pay status,Paid indirectly,67,31,Sentiment: WordPress future,Very negative,7,10.4
Pay status,Paid indirectly,67,31,Sentiment: WordPress future,Very positive,3,4.5
Pay status,Paid indirectly,67,59,Sentiment: open source software,Very positive,30,44.8
Pay status,Paid indirectly,67,59,Sentiment: open source software,Positive,20,29.9
Pay status,Paid indirectly,67,59,Sentiment: open source software,Neutral / Unsure,16,23.9
Pay status,Paid indirectly,67,59,Sentiment: open source software,Negative,1,1.5
Pay status,Paid indirectly,67,68,Sentiment: AI in WordPress,Neutral / Unsure,25,37.3
Pay status,Paid indirectly,67,68,Sentiment: AI in WordPress,Very negative,19,28.4
Pay status,Paid indirectly,67,68,Sentiment: AI in WordPress,Negative,11,16.4
Pay status,Paid indirectly,67,68,Sentiment: AI in WordPress,Positive,9,13.4
Pay status,Paid indirectly,67,68,Sentiment: AI in WordPress,Very positive,3,4.5
Pay status,Paid indirectly,67,69,Sentiment: AI in web development,Very negative,19,28.4
Pay status,Paid indirectly,67,69,Sentiment: AI in web development,Positive,18,26.9
Pay status,Paid indirectly,67,69,Sentiment: AI in web development,Negative,12,17.9
Pay status,Paid indirectly,67,69,Sentiment: AI in web development,Neutral / Unsure,10,14.9
Pay status,Paid indirectly,67,69,Sentiment: AI in web development,Very positive,8,11.9
Pay status,Paid indirectly,67,37,Change in participation,No change / About the same,26,38.8
Pay status,Paid indirectly,67,37,Change in participation,Decreased,20,29.9
Pay status,Paid indirectly,67,37,Change in participation,Increased,10,14.9
Pay status,Paid indirectly,67,37,Change in participation,Significantly decreased,8,11.9
Pay status,Paid indirectly,67,37,Change in participation,Significantly increased,3,4.5
Pay status,Paid indirectly,67,36,Level of participation,Occasional participation,30,44.8
Pay status,Paid indirectly,67,36,Level of participation,Moderately active participation,14,20.9
Pay status,Paid indirectly,67,36,Level of participation,Observational only,12,17.9
Pay status,Paid indirectly,67,36,Level of participation,Very active participation,7,10.4
Pay status,Paid indirectly,67,36,Level of participation,Inactive,4,6.0
Pay status,Paid indirectly,67,19,Considers self a contributor,Agree,21,31.3
Pay status,Paid indirectly,67,19,Considers self a contributor,Strongly agree,15,22.4
Pay status,Paid indirectly,67,19,Considers self a contributor,Neutral,13,19.4
Pay status,Paid indirectly,67,19,Considers self a contributor,Disagree,12,17.9
Pay status,Paid indirectly,67,19,Considers self a contributor,Strongly disagree,6,9.0
Pay status,Paid indirectly,67,22,Considers self a community member,Agree,34,50.7
Pay status,Paid indirectly,67,22,Considers self a community member,Strongly agree,23,34.3
Pay status,Paid indirectly,67,22,Considers self a community member,Neutral,7,10.4
Pay status,Paid indirectly,67,22,Considers self a community member,Disagree,3,4.5
Pay status,Paid indirectly,67,51,Relationship to official events,I used to participate in WordPress events but I no longer do,19,28.4
Pay status,Paid indirectly,67,51,Relationship to official events,I have not attended any WordPress events and I'm not interested in attending,16,23.9
Pay status,Paid indirectly,67,51,Relationship to official events,I participate in WordPress events multiple times per year,16,23.9
Pay status,Paid indirectly,67,51,Relationship to official events,I participate in WordPress events annually or occasionally,13,19.4
Pay status,Paid indirectly,67,51,Relationship to official events,Other (please describe),2,3.0
Pay status,Paid indirectly,67,51,Relationship to official events,I have not attended any WordPress events but I'd like to or am planning to,1,1.5
Pay status,Paid indirectly,67,71,AI impact so far,AI has not significantly impacted my work or income,24,35.8
Pay status,Paid indirectly,67,71,AI impact so far,AI has had a positive impact on my work or income,23,34.3
Pay status,Paid indirectly,67,71,AI impact so far,AI has had a negative impact on my work or income,15,22.4
Pay status,Paid indirectly,67,71,AI impact so far,Other (please describe),5,7.5
Pay status,Paid indirectly,67,73,AI impact expected,AI will probably negatively impact my work or income in the future,29,43.3
Pay status,Paid indirectly,67,73,AI impact expected,AI will probably positively impact my work or income in the future,24,35.8
Pay status,Paid indirectly,67,73,AI impact expected,AI will probably not impact my work or income in the future,8,11.9
Pay status,Paid indirectly,67,73,AI impact expected,Other (please describe),6,9.0
Pay status,Paid indirectly,67,29,Sentiment toward WordPress changed,Yes,58,86.6
Pay status,Paid indirectly,67,29,Sentiment toward WordPress changed,No,9,13.4
Pay status,Paid indirectly,67,50,Events important to me,Strongly agree,18,26.9
Pay status,Paid indirectly,67,50,Events important to me,Neutral,16,23.9
Pay status,Paid indirectly,67,50,Events important to me,Agree,13,19.4
Pay status,Paid indirectly,67,50,Events important to me,Disagree,11,16.4
Pay status,Paid indirectly,67,50,Events important to me,Strongly disagree,9,13.4
Pay status,Paid indirectly,67,23,Tenure (current members),15+ years,23,34.3
Pay status,Paid indirectly,67,23,Tenure (current members),10-15 years,19,28.4
Pay status,Paid indirectly,67,23,Tenure (current members),6-10 years,12,17.9
Pay status,Paid indirectly,67,23,Tenure (current members),3-6 years,3,4.5
Pay status,Paid indirectly,67,25,Tenure (former members),10-15 years,1,1.5
Pay status,Paid indirectly,67,25,Tenure (former members),6-10 years,1,1.5
Pay status,Paid indirectly,67,25,Tenure (former members),3-6 years,1,1.5
Tenure (combined),15+ years,135,28,Sentiment: WordPress now,Neutral / Unsure,42,31.1
Tenure (combined),15+ years,135,28,Sentiment: WordPress now,Positive,38,28.1
Tenure (combined),15+ years,135,28,Sentiment: WordPress now,Negative,27,20.0
Tenure (combined),15+ years,135,28,Sentiment: WordPress now,Very negative,19,14.1
Tenure (combined),15+ years,135,28,Sentiment: WordPress now,Very positive,9,6.7
Tenure (combined),15+ years,135,31,Sentiment: WordPress future,Neutral / Unsure,47,34.8
Tenure (combined),15+ years,135,31,Sentiment: WordPress future,Negative,31,23.0
Tenure (combined),15+ years,135,31,Sentiment: WordPress future,Positive,30,22.2
Tenure (combined),15+ years,135,31,Sentiment: WordPress future,Very negative,17,12.6
Tenure (combined),15+ years,135,31,Sentiment: WordPress future,Very positive,10,7.4
Tenure (combined),15+ years,135,59,Sentiment: open source software,Very positive,59,43.7
Tenure (combined),15+ years,135,59,Sentiment: open source software,Positive,54,40.0
Tenure (combined),15+ years,135,59,Sentiment: open source software,Neutral / Unsure,17,12.6
Tenure (combined),15+ years,135,59,Sentiment: open source software,Negative,4,3.0
Tenure (combined),15+ years,135,59,Sentiment: open source software,Very negative,1,0.7
Tenure (combined),15+ years,135,68,Sentiment: AI in WordPress,Neutral / Unsure,48,35.6
Tenure (combined),15+ years,135,68,Sentiment: AI in WordPress,Very negative,33,24.4
Tenure (combined),15+ years,135,68,Sentiment: AI in WordPress,Positive,24,17.8
Tenure (combined),15+ years,135,68,Sentiment: AI in WordPress,Negative,20,14.8
Tenure (combined),15+ years,135,68,Sentiment: AI in WordPress,Very positive,10,7.4
Tenure (combined),15+ years,135,69,Sentiment: AI in web development,Neutral / Unsure,32,23.7
Tenure (combined),15+ years,135,69,Sentiment: AI in web development,Positive,29,21.5
Tenure (combined),15+ years,135,69,Sentiment: AI in web development,Very negative,28,20.7
Tenure (combined),15+ years,135,69,Sentiment: AI in web development,Very positive,25,18.5
Tenure (combined),15+ years,135,69,Sentiment: AI in web development,Negative,21,15.6
Tenure (combined),15+ years,135,37,Change in participation,No change / About the same,56,41.5
Tenure (combined),15+ years,135,37,Change in participation,Decreased,31,23.0
Tenure (combined),15+ years,135,37,Change in participation,Significantly decreased,30,22.2
Tenure (combined),15+ years,135,37,Change in participation,Increased,10,7.4
Tenure (combined),15+ years,135,37,Change in participation,Significantly increased,8,5.9
Tenure (combined),15+ years,135,36,Level of participation,Occasional participation,51,37.8
Tenure (combined),15+ years,135,36,Level of participation,Moderately active participation,36,26.7
Tenure (combined),15+ years,135,36,Level of participation,Observational only,21,15.6
Tenure (combined),15+ years,135,36,Level of participation,Very active participation,18,13.3
Tenure (combined),15+ years,135,36,Level of participation,Inactive,6,4.4
Tenure (combined),15+ years,135,36,Level of participation,Do not participate / Not applicable,3,2.2
Tenure (combined),15+ years,135,19,Considers self a contributor,Agree,40,29.6
Tenure (combined),15+ years,135,19,Considers self a contributor,Strongly agree,39,28.9
Tenure (combined),15+ years,135,19,Considers self a contributor,Neutral,27,20.0
Tenure (combined),15+ years,135,19,Considers self a contributor,Disagree,15,11.1
Tenure (combined),15+ years,135,19,Considers self a contributor,Strongly disagree,14,10.4
Tenure (combined),15+ years,135,22,Considers self a community member,Strongly agree,70,51.9
Tenure (combined),15+ years,135,22,Considers self a community member,Agree,57,42.2
Tenure (combined),15+ years,135,22,Considers self a community member,Neutral,5,3.7
Tenure (combined),15+ years,135,22,Considers self a community member,Disagree,2,1.5
Tenure (combined),15+ years,135,22,Considers self a community member,Strongly disagree,1,0.7
Tenure (combined),15+ years,135,15,Ever paid for participation,No - I am not paid for any of my participation in WordPress,80,59.3
Tenure (combined),15+ years,135,15,Ever paid for participation,Yes directly - Some or all of my work duties include participating in WordPress,32,23.7
Tenure (combined),15+ years,135,15,Ever paid for participation,Yes indirectly - I participate in WordPress for work but am not required to do so,23,17.0
Tenure (combined),15+ years,135,51,Relationship to official events,I participate in WordPress events multiple times per year,38,28.1
Tenure (combined),15+ years,135,51,Relationship to official events,I participate in WordPress events annually or occasionally,36,26.7
Tenure (combined),15+ years,135,51,Relationship to official events,I used to participate in WordPress events but I no longer do,32,23.7
Tenure (combined),15+ years,135,51,Relationship to official events,I have not attended any WordPress events and I'm not interested in attending,18,13.3
Tenure (combined),15+ years,135,51,Relationship to official events,I have not attended any WordPress events but I'd like to or am planning to,8,5.9
Tenure (combined),15+ years,135,51,Relationship to official events,Other (please describe),3,2.2
Tenure (combined),15+ years,135,71,AI impact so far,AI has had a positive impact on my work or income,61,45.2
Tenure (combined),15+ years,135,71,AI impact so far,AI has not significantly impacted my work or income,49,36.3
Tenure (combined),15+ years,135,71,AI impact so far,AI has had a negative impact on my work or income,20,14.8
Tenure (combined),15+ years,135,71,AI impact so far,Other (please describe),5,3.7
Tenure (combined),15+ years,135,73,AI impact expected,AI will probably positively impact my work or income in the future,60,44.4
Tenure (combined),15+ years,135,73,AI impact expected,AI will probably negatively impact my work or income in the future,52,38.5
Tenure (combined),15+ years,135,73,AI impact expected,AI will probably not impact my work or income in the future,15,11.1
Tenure (combined),15+ years,135,73,AI impact expected,Other (please describe),8,5.9
Tenure (combined),15+ years,135,29,Sentiment toward WordPress changed,Yes,115,85.2
Tenure (combined),15+ years,135,29,Sentiment toward WordPress changed,No,20,14.8
Tenure (combined),15+ years,135,50,Events important to me,Agree,40,29.6
Tenure (combined),15+ years,135,50,Events important to me,Strongly agree,40,29.6
Tenure (combined),15+ years,135,50,Events important to me,Neutral,27,20.0
Tenure (combined),15+ years,135,50,Events important to me,Strongly disagree,19,14.1
Tenure (combined),15+ years,135,50,Events important to me,Disagree,9,6.7
Tenure (combined),10-15 years,122,28,Sentiment: WordPress now,Neutral / Unsure,37,30.3
Tenure (combined),10-15 years,122,28,Sentiment: WordPress now,Negative,37,30.3
Tenure (combined),10-15 years,122,28,Sentiment: WordPress now,Positive,36,29.5
Tenure (combined),10-15 years,122,28,Sentiment: WordPress now,Very negative,9,7.4
Tenure (combined),10-15 years,122,28,Sentiment: WordPress now,Very positive,3,2.5
Tenure (combined),10-15 years,122,31,Sentiment: WordPress future,Neutral / Unsure,47,38.5
Tenure (combined),10-15 years,122,31,Sentiment: WordPress future,Negative,33,27.0
Tenure (combined),10-15 years,122,31,Sentiment: WordPress future,Positive,26,21.3
Tenure (combined),10-15 years,122,31,Sentiment: WordPress future,Very negative,12,9.8
Tenure (combined),10-15 years,122,31,Sentiment: WordPress future,Very positive,4,3.3
Tenure (combined),10-15 years,122,59,Sentiment: open source software,Positive,58,47.5
Tenure (combined),10-15 years,122,59,Sentiment: open source software,Very positive,43,35.2
Tenure (combined),10-15 years,122,59,Sentiment: open source software,Neutral / Unsure,17,13.9
Tenure (combined),10-15 years,122,59,Sentiment: open source software,Negative,3,2.5
Tenure (combined),10-15 years,122,59,Sentiment: open source software,Very negative,1,0.8
Tenure (combined),10-15 years,122,68,Sentiment: AI in WordPress,Neutral / Unsure,49,40.2
Tenure (combined),10-15 years,122,68,Sentiment: AI in WordPress,Very negative,33,27.0
Tenure (combined),10-15 years,122,68,Sentiment: AI in WordPress,Negative,20,16.4
Tenure (combined),10-15 years,122,68,Sentiment: AI in WordPress,Positive,15,12.3
Tenure (combined),10-15 years,122,68,Sentiment: AI in WordPress,Very positive,5,4.1
Tenure (combined),10-15 years,122,69,Sentiment: AI in web development,Very negative,34,27.9
Tenure (combined),10-15 years,122,69,Sentiment: AI in web development,Positive,29,23.8
Tenure (combined),10-15 years,122,69,Sentiment: AI in web development,Neutral / Unsure,28,23.0
Tenure (combined),10-15 years,122,69,Sentiment: AI in web development,Negative,18,14.8
Tenure (combined),10-15 years,122,69,Sentiment: AI in web development,Very positive,13,10.7
Tenure (combined),10-15 years,122,37,Change in participation,No change / About the same,40,32.8
Tenure (combined),10-15 years,122,37,Change in participation,Decreased,36,29.5
Tenure (combined),10-15 years,122,37,Change in participation,Significantly decreased,25,20.5
Tenure (combined),10-15 years,122,37,Change in participation,Increased,18,14.8
Tenure (combined),10-15 years,122,37,Change in participation,Significantly increased,3,2.5
Tenure (combined),10-15 years,122,36,Level of participation,Occasional participation,44,36.1
Tenure (combined),10-15 years,122,36,Level of participation,Observational only,26,21.3
Tenure (combined),10-15 years,122,36,Level of participation,Moderately active participation,24,19.7
Tenure (combined),10-15 years,122,36,Level of participation,Very active participation,17,13.9
Tenure (combined),10-15 years,122,36,Level of participation,Do not participate / Not applicable,8,6.6
Tenure (combined),10-15 years,122,36,Level of participation,Inactive,3,2.5
Tenure (combined),10-15 years,122,19,Considers self a contributor,Agree,35,28.7
Tenure (combined),10-15 years,122,19,Considers self a contributor,Strongly agree,27,22.1
Tenure (combined),10-15 years,122,19,Considers self a contributor,Neutral,25,20.5
Tenure (combined),10-15 years,122,19,Considers self a contributor,Disagree,25,20.5
Tenure (combined),10-15 years,122,19,Considers self a contributor,Strongly disagree,10,8.2
Tenure (combined),10-15 years,122,22,Considers self a community member,Agree,59,48.4
Tenure (combined),10-15 years,122,22,Considers self a community member,Strongly agree,51,41.8
Tenure (combined),10-15 years,122,22,Considers self a community member,Neutral,9,7.4
Tenure (combined),10-15 years,122,22,Considers self a community member,Disagree,2,1.6
Tenure (combined),10-15 years,122,22,Considers self a community member,Strongly disagree,1,0.8
Tenure (combined),10-15 years,122,15,Ever paid for participation,No - I am not paid for any of my participation in WordPress,55,45.1
Tenure (combined),10-15 years,122,15,Ever paid for participation,Yes directly - Some or all of my work duties include participating in WordPress,47,38.5
Tenure (combined),10-15 years,122,15,Ever paid for participation,Yes indirectly - I participate in WordPress for work but am not required to do so,20,16.4
Tenure (combined),10-15 years,122,51,Relationship to official events,I used to participate in WordPress events but I no longer do,36,29.5
Tenure (combined),10-15 years,122,51,Relationship to official events,I participate in WordPress events multiple times per year,34,27.9
Tenure (combined),10-15 years,122,51,Relationship to official events,I have not attended any WordPress events and I'm not interested in attending,22,18.0
Tenure (combined),10-15 years,122,51,Relationship to official events,I participate in WordPress events annually or occasionally,19,15.6
Tenure (combined),10-15 years,122,51,Relationship to official events,I have not attended any WordPress events but I'd like to or am planning to,9,7.4
Tenure (combined),10-15 years,122,51,Relationship to official events,Other (please describe),2,1.6
Tenure (combined),10-15 years,122,71,AI impact so far,AI has not significantly impacted my work or income,38,31.1
Tenure (combined),10-15 years,122,71,AI impact so far,AI has had a positive impact on my work or income,36,29.5
Tenure (combined),10-15 years,122,71,AI impact so far,AI has had a negative impact on my work or income,35,28.7
Tenure (combined),10-15 years,122,71,AI impact so far,Other (please describe),13,10.7
Tenure (combined),10-15 years,122,73,AI impact expected,AI will probably negatively impact my work or income in the future,64,52.5
Tenure (combined),10-15 years,122,73,AI impact expected,AI will probably positively impact my work or income in the future,33,27.0
Tenure (combined),10-15 years,122,73,AI impact expected,Other (please describe),16,13.1
Tenure (combined),10-15 years,122,73,AI impact expected,AI will probably not impact my work or income in the future,9,7.4
Tenure (combined),10-15 years,122,29,Sentiment toward WordPress changed,Yes,93,76.2
Tenure (combined),10-15 years,122,29,Sentiment toward WordPress changed,No,29,23.8
Tenure (combined),10-15 years,122,50,Events important to me,Agree,34,27.9
Tenure (combined),10-15 years,122,50,Events important to me,Strongly agree,30,24.6
Tenure (combined),10-15 years,122,50,Events important to me,Neutral,23,18.9
Tenure (combined),10-15 years,122,50,Events important to me,Disagree,22,18.0
Tenure (combined),10-15 years,122,50,Events important to me,Strongly disagree,13,10.7
Tenure (combined),6-10 years,56,28,Sentiment: WordPress now,Positive,20,35.7
Tenure (combined),6-10 years,56,28,Sentiment: WordPress now,Negative,14,25.0
Tenure (combined),6-10 years,56,28,Sentiment: WordPress now,Neutral / Unsure,12,21.4
Tenure (combined),6-10 years,56,28,Sentiment: WordPress now,Very negative,8,14.3
Tenure (combined),6-10 years,56,28,Sentiment: WordPress now,Very positive,2,3.6
Tenure (combined),6-10 years,56,31,Sentiment: WordPress future,Neutral / Unsure,21,37.5
Tenure (combined),6-10 years,56,31,Sentiment: WordPress future,Positive,14,25.0
Tenure (combined),6-10 years,56,31,Sentiment: WordPress future,Negative,13,23.2
Tenure (combined),6-10 years,56,31,Sentiment: WordPress future,Very positive,4,7.1
Tenure (combined),6-10 years,56,31,Sentiment: WordPress future,Very negative,4,7.1
Tenure (combined),6-10 years,56,59,Sentiment: open source software,Positive,25,44.6
Tenure (combined),6-10 years,56,59,Sentiment: open source software,Very positive,21,37.5
Tenure (combined),6-10 years,56,59,Sentiment: open source software,Neutral / Unsure,9,16.1
Tenure (combined),6-10 years,56,59,Sentiment: open source software,Negative,1,1.8
Tenure (combined),6-10 years,56,68,Sentiment: AI in WordPress,Neutral / Unsure,21,37.5
Tenure (combined),6-10 years,56,68,Sentiment: AI in WordPress,Very negative,15,26.8
Tenure (combined),6-10 years,56,68,Sentiment: AI in WordPress,Positive,12,21.4
Tenure (combined),6-10 years,56,68,Sentiment: AI in WordPress,Negative,7,12.5
Tenure (combined),6-10 years,56,68,Sentiment: AI in WordPress,Very positive,1,1.8
Tenure (combined),6-10 years,56,69,Sentiment: AI in web development,Positive,19,33.9
Tenure (combined),6-10 years,56,69,Sentiment: AI in web development,Neutral / Unsure,13,23.2
Tenure (combined),6-10 years,56,69,Sentiment: AI in web development,Very negative,10,17.9
Tenure (combined),6-10 years,56,69,Sentiment: AI in web development,Very positive,9,16.1
Tenure (combined),6-10 years,56,69,Sentiment: AI in web development,Negative,5,8.9
Tenure (combined),6-10 years,56,37,Change in participation,No change / About the same,22,39.3
Tenure (combined),6-10 years,56,37,Change in participation,Increased,10,17.9
Tenure (combined),6-10 years,56,37,Change in participation,Decreased,10,17.9
Tenure (combined),6-10 years,56,37,Change in participation,Significantly decreased,9,16.1
Tenure (combined),6-10 years,56,37,Change in participation,Significantly increased,5,8.9
Tenure (combined),6-10 years,56,36,Level of participation,Occasional participation,23,41.1
Tenure (combined),6-10 years,56,36,Level of participation,Moderately active participation,11,19.6
Tenure (combined),6-10 years,56,36,Level of participation,Observational only,7,12.5
Tenure (combined),6-10 years,56,36,Level of participation,Very active participation,7,12.5
Tenure (combined),6-10 years,56,36,Level of participation,Inactive,6,10.7
Tenure (combined),6-10 years,56,36,Level of participation,Do not participate / Not applicable,2,3.6
Tenure (combined),6-10 years,56,19,Considers self a contributor,Agree,19,33.9
Tenure (combined),6-10 years,56,19,Considers self a contributor,Neutral,15,26.8
Tenure (combined),6-10 years,56,19,Considers self a contributor,Disagree,8,14.3
Tenure (combined),6-10 years,56,19,Considers self a contributor,Strongly agree,8,14.3
Tenure (combined),6-10 years,56,19,Considers self a contributor,Strongly disagree,6,10.7
Tenure (combined),6-10 years,56,22,Considers self a community member,Agree,31,55.4
Tenure (combined),6-10 years,56,22,Considers self a community member,Strongly agree,16,28.6
Tenure (combined),6-10 years,56,22,Considers self a community member,Neutral,6,10.7
Tenure (combined),6-10 years,56,22,Considers self a community member,Disagree,2,3.6
Tenure (combined),6-10 years,56,22,Considers self a community member,Strongly disagree,1,1.8
Tenure (combined),6-10 years,56,15,Ever paid for participation,No - I am not paid for any of my participation in WordPress,31,55.4
Tenure (combined),6-10 years,56,15,Ever paid for participation,Yes indirectly - I participate in WordPress for work but am not required to do so,13,23.2
Tenure (combined),6-10 years,56,15,Ever paid for participation,Yes directly - Some or all of my work duties include participating in WordPress,12,21.4
Tenure (combined),6-10 years,56,51,Relationship to official events,I participate in WordPress events annually or occasionally,18,32.1
Tenure (combined),6-10 years,56,51,Relationship to official events,I used to participate in WordPress events but I no longer do,13,23.2
Tenure (combined),6-10 years,56,51,Relationship to official events,I participate in WordPress events multiple times per year,13,23.2
Tenure (combined),6-10 years,56,51,Relationship to official events,I have not attended any WordPress events and I'm not interested in attending,9,16.1
Tenure (combined),6-10 years,56,51,Relationship to official events,I have not attended any WordPress events but I'd like to or am planning to,2,3.6
Tenure (combined),6-10 years,56,51,Relationship to official events,Other (please describe),1,1.8
Tenure (combined),6-10 years,56,71,AI impact so far,AI has had a positive impact on my work or income,29,51.8
Tenure (combined),6-10 years,56,71,AI impact so far,AI has not significantly impacted my work or income,14,25.0
Tenure (combined),6-10 years,56,71,AI impact so far,AI has had a negative impact on my work or income,10,17.9
Tenure (combined),6-10 years,56,71,AI impact so far,Other (please describe),3,5.4
Tenure (combined),6-10 years,56,73,AI impact expected,AI will probably positively impact my work or income in the future,30,53.6
Tenure (combined),6-10 years,56,73,AI impact expected,AI will probably negatively impact my work or income in the future,19,33.9
Tenure (combined),6-10 years,56,73,AI impact expected,AI will probably not impact my work or income in the future,7,12.5
Tenure (combined),6-10 years,56,29,Sentiment toward WordPress changed,Yes,39,69.6
Tenure (combined),6-10 years,56,29,Sentiment toward WordPress changed,No,17,30.4
Tenure (combined),6-10 years,56,50,Events important to me,Strongly agree,18,32.1
Tenure (combined),6-10 years,56,50,Events important to me,Agree,16,28.6
Tenure (combined),6-10 years,56,50,Events important to me,Neutral,10,17.9
Tenure (combined),6-10 years,56,50,Events important to me,Strongly disagree,6,10.7
Tenure (combined),6-10 years,56,50,Events important to me,Disagree,6,10.7
Tenure (combined),3-6 years,29,28,Sentiment: WordPress now,Negative,9,31.0
Tenure (combined),3-6 years,29,28,Sentiment: WordPress now,Neutral / Unsure,9,31.0
Tenure (combined),3-6 years,29,28,Sentiment: WordPress now,Positive,8,27.6
Tenure (combined),3-6 years,29,28,Sentiment: WordPress now,Very positive,2,6.9
Tenure (combined),3-6 years,29,28,Sentiment: WordPress now,Very negative,1,3.4
Tenure (combined),3-6 years,29,31,Sentiment: WordPress future,Negative,12,41.4
Tenure (combined),3-6 years,29,31,Sentiment: WordPress future,Neutral / Unsure,11,37.9
Tenure (combined),3-6 years,29,31,Sentiment: WordPress future,Positive,4,13.8
Tenure (combined),3-6 years,29,31,Sentiment: WordPress future,Very positive,1,3.4
Tenure (combined),3-6 years,29,31,Sentiment: WordPress future,Very negative,1,3.4
Tenure (combined),3-6 years,29,59,Sentiment: open source software,Positive,13,44.8
Tenure (combined),3-6 years,29,59,Sentiment: open source software,Very positive,11,37.9
Tenure (combined),3-6 years,29,59,Sentiment: open source software,Neutral / Unsure,4,13.8
Tenure (combined),3-6 years,29,59,Sentiment: open source software,Negative,1,3.4
Tenure (combined),3-6 years,29,68,Sentiment: AI in WordPress,Very negative,12,41.4
Tenure (combined),3-6 years,29,68,Sentiment: AI in WordPress,Neutral / Unsure,8,27.6
Tenure (combined),3-6 years,29,68,Sentiment: AI in WordPress,Positive,5,17.2
Tenure (combined),3-6 years,29,68,Sentiment: AI in WordPress,Negative,4,13.8
Tenure (combined),3-6 years,29,69,Sentiment: AI in web development,Very negative,10,34.5
Tenure (combined),3-6 years,29,69,Sentiment: AI in web development,Positive,9,31.0
Tenure (combined),3-6 years,29,69,Sentiment: AI in web development,Neutral / Unsure,5,17.2
Tenure (combined),3-6 years,29,69,Sentiment: AI in web development,Very positive,3,10.3
Tenure (combined),3-6 years,29,69,Sentiment: AI in web development,Negative,2,6.9
Tenure (combined),3-6 years,29,37,Change in participation,No change / About the same,16,55.2
Tenure (combined),3-6 years,29,37,Change in participation,Decreased,7,24.1
Tenure (combined),3-6 years,29,37,Change in participation,Increased,5,17.2
Tenure (combined),3-6 years,29,37,Change in participation,Significantly decreased,1,3.4
Tenure (combined),3-6 years,29,36,Level of participation,Occasional participation,11,37.9
Tenure (combined),3-6 years,29,36,Level of participation,Observational only,10,34.5
Tenure (combined),3-6 years,29,36,Level of participation,Moderately active participation,4,13.8
Tenure (combined),3-6 years,29,36,Level of participation,Inactive,2,6.9
Tenure (combined),3-6 years,29,36,Level of participation,Very active participation,1,3.4
Tenure (combined),3-6 years,29,36,Level of participation,Do not participate / Not applicable,1,3.4
Tenure (combined),3-6 years,29,19,Considers self a contributor,Disagree,13,44.8
Tenure (combined),3-6 years,29,19,Considers self a contributor,Agree,5,17.2
Tenure (combined),3-6 years,29,19,Considers self a contributor,Strongly disagree,5,17.2
Tenure (combined),3-6 years,29,19,Considers self a contributor,Neutral,4,13.8
Tenure (combined),3-6 years,29,19,Considers self a contributor,Strongly agree,2,6.9
Tenure (combined),3-6 years,29,22,Considers self a community member,Agree,14,48.3
Tenure (combined),3-6 years,29,22,Considers self a community member,Neutral,7,24.1
Tenure (combined),3-6 years,29,22,Considers self a community member,Strongly agree,4,13.8
Tenure (combined),3-6 years,29,22,Considers self a community member,Disagree,4,13.8
Tenure (combined),3-6 years,29,15,Ever paid for participation,Yes directly - Some or all of my work duties include participating in WordPress,13,44.8
Tenure (combined),3-6 years,29,15,Ever paid for participation,No - I am not paid for any of my participation in WordPress,12,41.4
Tenure (combined),3-6 years,29,15,Ever paid for participation,Yes indirectly - I participate in WordPress for work but am not required to do so,4,13.8
Tenure (combined),3-6 years,29,51,Relationship to official events,I participate in WordPress events annually or occasionally,10,34.5
Tenure (combined),3-6 years,29,51,Relationship to official events,I have not attended any WordPress events and I'm not interested in attending,8,27.6
Tenure (combined),3-6 years,29,51,Relationship to official events,I used to participate in WordPress events but I no longer do,5,17.2
Tenure (combined),3-6 years,29,51,Relationship to official events,I participate in WordPress events multiple times per year,4,13.8
Tenure (combined),3-6 years,29,51,Relationship to official events,Other (please describe),1,3.4
Tenure (combined),3-6 years,29,51,Relationship to official events,I have not attended any WordPress events but I'd like to or am planning to,1,3.4
Tenure (combined),3-6 years,29,71,AI impact so far,AI has had a positive impact on my work or income,11,37.9
Tenure (combined),3-6 years,29,71,AI impact so far,AI has had a negative impact on my work or income,9,31.0
Tenure (combined),3-6 years,29,71,AI impact so far,AI has not significantly impacted my work or income,5,17.2
Tenure (combined),3-6 years,29,71,AI impact so far,Other (please describe),4,13.8
Tenure (combined),3-6 years,29,73,AI impact expected,AI will probably negatively impact my work or income in the future,14,48.3
Tenure (combined),3-6 years,29,73,AI impact expected,AI will probably positively impact my work or income in the future,8,27.6
Tenure (combined),3-6 years,29,73,AI impact expected,Other (please describe),4,13.8
Tenure (combined),3-6 years,29,73,AI impact expected,AI will probably not impact my work or income in the future,3,10.3
Tenure (combined),3-6 years,29,29,Sentiment toward WordPress changed,Yes,23,79.3
Tenure (combined),3-6 years,29,29,Sentiment toward WordPress changed,No,6,20.7
Tenure (combined),3-6 years,29,50,Events important to me,Agree,12,41.4
Tenure (combined),3-6 years,29,50,Events important to me,Disagree,5,17.2
Tenure (combined),3-6 years,29,50,Events important to me,Strongly disagree,5,17.2
Tenure (combined),3-6 years,29,50,Events important to me,Neutral,4,13.8
Tenure (combined),3-6 years,29,50,Events important to me,Strongly agree,3,10.3
Tenure (combined),1-2 years,15,28,Sentiment: WordPress now,Positive,6,40.0
Tenure (combined),1-2 years,15,28,Sentiment: WordPress now,Very negative,5,33.3
Tenure (combined),1-2 years,15,28,Sentiment: WordPress now,Neutral / Unsure,4,26.7
Tenure (combined),1-2 years,15,31,Sentiment: WordPress future,Neutral / Unsure,8,53.3
Tenure (combined),1-2 years,15,31,Sentiment: WordPress future,Very negative,5,33.3
Tenure (combined),1-2 years,15,31,Sentiment: WordPress future,Positive,1,6.7
Tenure (combined),1-2 years,15,31,Sentiment: WordPress future,Negative,1,6.7
Tenure (combined),1-2 years,15,59,Sentiment: open source software,Very positive,9,60.0
Tenure (combined),1-2 years,15,59,Sentiment: open source software,Positive,3,20.0
Tenure (combined),1-2 years,15,59,Sentiment: open source software,Neutral / Unsure,3,20.0
Tenure (combined),1-2 years,15,68,Sentiment: AI in WordPress,Very negative,9,60.0
Tenure (combined),1-2 years,15,68,Sentiment: AI in WordPress,Neutral / Unsure,3,20.0
Tenure (combined),1-2 years,15,68,Sentiment: AI in WordPress,Negative,3,20.0
Tenure (combined),1-2 years,15,69,Sentiment: AI in web development,Very negative,6,40.0
Tenure (combined),1-2 years,15,69,Sentiment: AI in web development,Neutral / Unsure,3,20.0
Tenure (combined),1-2 years,15,69,Sentiment: AI in web development,Positive,3,20.0
Tenure (combined),1-2 years,15,69,Sentiment: AI in web development,Negative,2,13.3
Tenure (combined),1-2 years,15,69,Sentiment: AI in web development,Very positive,1,6.7
Tenure (combined),1-2 years,15,37,Change in participation,No change / About the same,9,60.0
Tenure (combined),1-2 years,15,37,Change in participation,Significantly decreased,3,20.0
Tenure (combined),1-2 years,15,37,Change in participation,Decreased,2,13.3
Tenure (combined),1-2 years,15,37,Change in participation,Significantly increased,1,6.7
Tenure (combined),1-2 years,15,36,Level of participation,Inactive,5,33.3
Tenure (combined),1-2 years,15,36,Level of participation,Occasional participation,4,26.7
Tenure (combined),1-2 years,15,36,Level of participation,Observational only,3,20.0
Tenure (combined),1-2 years,15,36,Level of participation,Do not participate / Not applicable,2,13.3
Tenure (combined),1-2 years,15,36,Level of participation,Very active participation,1,6.7
Tenure (combined),1-2 years,15,19,Considers self a contributor,Strongly disagree,6,40.0
Tenure (combined),1-2 years,15,19,Considers self a contributor,Disagree,4,26.7
Tenure (combined),1-2 years,15,19,Considers self a contributor,Neutral,3,20.0
Tenure (combined),1-2 years,15,19,Considers self a contributor,Agree,2,13.3
Tenure (combined),1-2 years,15,22,Considers self a community member,Agree,4,26.7
Tenure (combined),1-2 years,15,22,Considers self a community member,Disagree,4,26.7
Tenure (combined),1-2 years,15,22,Considers self a community member,Neutral,4,26.7
Tenure (combined),1-2 years,15,22,Considers self a community member,Strongly disagree,2,13.3
Tenure (combined),1-2 years,15,22,Considers self a community member,Strongly agree,1,6.7
Tenure (combined),1-2 years,15,15,Ever paid for participation,No - I am not paid for any of my participation in WordPress,11,73.3
Tenure (combined),1-2 years,15,15,Ever paid for participation,Yes directly - Some or all of my work duties include participating in WordPress,4,26.7
Tenure (combined),1-2 years,15,51,Relationship to official events,I have not attended any WordPress events and I'm not interested in attending,10,66.7
Tenure (combined),1-2 years,15,51,Relationship to official events,I used to participate in WordPress events but I no longer do,3,20.0
Tenure (combined),1-2 years,15,51,Relationship to official events,I have not attended any WordPress events but I'd like to or am planning to,1,6.7
Tenure (combined),1-2 years,15,51,Relationship to official events,I participate in WordPress events multiple times per year,1,6.7
Tenure (combined),1-2 years,15,71,AI impact so far,AI has had a negative impact on my work or income,6,40.0
Tenure (combined),1-2 years,15,71,AI impact so far,AI has not significantly impacted my work or income,5,33.3
Tenure (combined),1-2 years,15,71,AI impact so far,AI has had a positive impact on my work or income,4,26.7
Tenure (combined),1-2 years,15,73,AI impact expected,AI will probably negatively impact my work or income in the future,9,60.0
Tenure (combined),1-2 years,15,73,AI impact expected,AI will probably positively impact my work or income in the future,3,20.0
Tenure (combined),1-2 years,15,73,AI impact expected,AI will probably not impact my work or income in the future,3,20.0
Tenure (combined),1-2 years,15,29,Sentiment toward WordPress changed,Yes,9,60.0
Tenure (combined),1-2 years,15,29,Sentiment toward WordPress changed,No,6,40.0
Tenure (combined),1-2 years,15,50,Events important to me,Disagree,7,46.7
Tenure (combined),1-2 years,15,50,Events important to me,Strongly disagree,5,33.3
Tenure (combined),1-2 years,15,50,Events important to me,Neutral,2,13.3
Tenure (combined),1-2 years,15,50,Events important to me,Strongly agree,1,6.7
Participation level,Occasional participation,144,28,Sentiment: WordPress now,Positive,42,29.2
Participation level,Occasional participation,144,28,Sentiment: WordPress now,Neutral / Unsure,42,29.2
Participation level,Occasional participation,144,28,Sentiment: WordPress now,Negative,39,27.1
Participation level,Occasional participation,144,28,Sentiment: WordPress now,Very negative,15,10.4
Participation level,Occasional participation,144,28,Sentiment: WordPress now,Very positive,6,4.2
Participation level,Occasional participation,144,31,Sentiment: WordPress future,Neutral / Unsure,56,38.9
Participation level,Occasional participation,144,31,Sentiment: WordPress future,Negative,44,30.6
Participation level,Occasional participation,144,31,Sentiment: WordPress future,Positive,29,20.1
Participation level,Occasional participation,144,31,Sentiment: WordPress future,Very negative,10,6.9
Participation level,Occasional participation,144,31,Sentiment: WordPress future,Very positive,5,3.5
Participation level,Occasional participation,144,59,Sentiment: open source software,Positive,61,42.4
Participation level,Occasional participation,144,59,Sentiment: open source software,Very positive,54,37.5
Participation level,Occasional participation,144,59,Sentiment: open source software,Neutral / Unsure,19,13.2
Participation level,Occasional participation,144,59,Sentiment: open source software,Negative,9,6.2
Participation level,Occasional participation,144,59,Sentiment: open source software,Very negative,1,0.7
Participation level,Occasional participation,144,68,Sentiment: AI in WordPress,Neutral / Unsure,47,32.6
Participation level,Occasional participation,144,68,Sentiment: AI in WordPress,Very negative,47,32.6
Participation level,Occasional participation,144,68,Sentiment: AI in WordPress,Negative,23,16.0
Participation level,Occasional participation,144,68,Sentiment: AI in WordPress,Positive,21,14.6
Participation level,Occasional participation,144,68,Sentiment: AI in WordPress,Very positive,6,4.2
Participation level,Occasional participation,144,69,Sentiment: AI in web development,Very negative,39,27.1
Participation level,Occasional participation,144,69,Sentiment: AI in web development,Positive,33,22.9
Participation level,Occasional participation,144,69,Sentiment: AI in web development,Negative,29,20.1
Participation level,Occasional participation,144,69,Sentiment: AI in web development,Neutral / Unsure,23,16.0
Participation level,Occasional participation,144,69,Sentiment: AI in web development,Very positive,20,13.9
Participation level,Occasional participation,144,37,Change in participation,No change / About the same,55,38.2
Participation level,Occasional participation,144,37,Change in participation,Decreased,44,30.6
Participation level,Occasional participation,144,37,Change in participation,Significantly decreased,30,20.8
Participation level,Occasional participation,144,37,Change in participation,Increased,15,10.4
Participation level,Occasional participation,144,19,Considers self a contributor,Agree,48,33.3
Participation level,Occasional participation,144,19,Considers self a contributor,Neutral,44,30.6
Participation level,Occasional participation,144,19,Considers self a contributor,Disagree,22,15.3
Participation level,Occasional participation,144,19,Considers self a contributor,Strongly agree,20,13.9
Participation level,Occasional participation,144,19,Considers self a contributor,Strongly disagree,10,6.9
Participation level,Occasional participation,144,22,Considers self a community member,Agree,87,60.4
Participation level,Occasional participation,144,22,Considers self a community member,Strongly agree,37,25.7
Participation level,Occasional participation,144,22,Considers self a community member,Neutral,16,11.1
Participation level,Occasional participation,144,22,Considers self a community member,Disagree,4,2.8
Participation level,Occasional participation,144,15,Ever paid for participation,No - I am not paid for any of my participation in WordPress,78,54.2
Participation level,Occasional participation,144,15,Ever paid for participation,Yes directly - Some or all of my work duties include participating in WordPress,36,25.0
Participation level,Occasional participation,144,15,Ever paid for participation,Yes indirectly - I participate in WordPress for work but am not required to do so,30,20.8
Participation level,Occasional participation,144,51,Relationship to official events,I participate in WordPress events annually or occasionally,45,31.2
Participation level,Occasional participation,144,51,Relationship to official events,I used to participate in WordPress events but I no longer do,37,25.7
Participation level,Occasional participation,144,51,Relationship to official events,I have not attended any WordPress events and I'm not interested in attending,27,18.8
Participation level,Occasional participation,144,51,Relationship to official events,I participate in WordPress events multiple times per year,22,15.3
Participation level,Occasional participation,144,51,Relationship to official events,I have not attended any WordPress events but I'd like to or am planning to,10,6.9
Participation level,Occasional participation,144,51,Relationship to official events,Other (please describe),3,2.1
Participation level,Occasional participation,144,71,AI impact so far,AI has had a positive impact on my work or income,54,37.5
Participation level,Occasional participation,144,71,AI impact so far,AI has not significantly impacted my work or income,49,34.0
Participation level,Occasional participation,144,71,AI impact so far,AI has had a negative impact on my work or income,30,20.8
Participation level,Occasional participation,144,71,AI impact so far,Other (please describe),11,7.6
Participation level,Occasional participation,144,73,AI impact expected,AI will probably negatively impact my work or income in the future,72,50.0
Participation level,Occasional participation,144,73,AI impact expected,AI will probably positively impact my work or income in the future,48,33.3
Participation level,Occasional participation,144,73,AI impact expected,Other (please describe),14,9.7
Participation level,Occasional participation,144,73,AI impact expected,AI will probably not impact my work or income in the future,10,6.9
Participation level,Occasional participation,144,29,Sentiment toward WordPress changed,Yes,113,78.5
Participation level,Occasional participation,144,29,Sentiment toward WordPress changed,No,31,21.5
Participation level,Occasional participation,144,50,Events important to me,Agree,49,34.0
Participation level,Occasional participation,144,50,Events important to me,Neutral,34,23.6
Participation level,Occasional participation,144,50,Events important to me,Strongly agree,23,16.0
Participation level,Occasional participation,144,50,Events important to me,Disagree,20,13.9
Participation level,Occasional participation,144,50,Events important to me,Strongly disagree,18,12.5
Participation level,Occasional participation,144,23,Tenure (current members),15+ years,50,34.7
Participation level,Occasional participation,144,23,Tenure (current members),10-15 years,41,28.5
Participation level,Occasional participation,144,23,Tenure (current members),6-10 years,22,15.3
Participation level,Occasional participation,144,23,Tenure (current members),3-6 years,8,5.6
Participation level,Occasional participation,144,23,Tenure (current members),1-2 years,3,2.1
Participation level,Occasional participation,144,25,Tenure (former members),3-6 years,3,2.1
Participation level,Occasional participation,144,25,Tenure (former members),10-15 years,3,2.1
Participation level,Occasional participation,144,25,Tenure (former members),15+ years,1,0.7
Participation level,Occasional participation,144,25,Tenure (former members),1-2 years,1,0.7
Participation level,Occasional participation,144,25,Tenure (former members),Less than 1 year,1,0.7
Participation level,Occasional participation,144,25,Tenure (former members),6-10 years,1,0.7
Participation level,Observational only,97,28,Sentiment: WordPress now,Negative,34,35.1
Participation level,Observational only,97,28,Sentiment: WordPress now,Neutral / Unsure,25,25.8
Participation level,Observational only,97,28,Sentiment: WordPress now,Positive,21,21.6
Participation level,Observational only,97,28,Sentiment: WordPress now,Very negative,12,12.4
Participation level,Observational only,97,28,Sentiment: WordPress now,Very positive,5,5.2
Participation level,Observational only,97,31,Sentiment: WordPress future,Negative,39,40.2
Participation level,Observational only,97,31,Sentiment: WordPress future,Neutral / Unsure,29,29.9
Participation level,Observational only,97,31,Sentiment: WordPress future,Very negative,14,14.4
Participation level,Observational only,97,31,Sentiment: WordPress future,Positive,11,11.3
Participation level,Observational only,97,31,Sentiment: WordPress future,Very positive,4,4.1
Participation level,Observational only,97,59,Sentiment: open source software,Positive,45,46.4
Participation level,Observational only,97,59,Sentiment: open source software,Very positive,37,38.1
Participation level,Observational only,97,59,Sentiment: open source software,Neutral / Unsure,14,14.4
Participation level,Observational only,97,59,Sentiment: open source software,Negative,1,1.0
Participation level,Observational only,97,68,Sentiment: AI in WordPress,Very negative,54,55.7
Participation level,Observational only,97,68,Sentiment: AI in WordPress,Neutral / Unsure,31,32.0
Participation level,Observational only,97,68,Sentiment: AI in WordPress,Negative,9,9.3
Participation level,Observational only,97,68,Sentiment: AI in WordPress,Positive,2,2.1
Participation level,Observational only,97,68,Sentiment: AI in WordPress,Very positive,1,1.0
Participation level,Observational only,97,69,Sentiment: AI in web development,Very negative,50,51.5
Participation level,Observational only,97,69,Sentiment: AI in web development,Neutral / Unsure,25,25.8
Participation level,Observational only,97,69,Sentiment: AI in web development,Positive,13,13.4
Participation level,Observational only,97,69,Sentiment: AI in web development,Very positive,6,6.2
Participation level,Observational only,97,69,Sentiment: AI in web development,Negative,3,3.1
Participation level,Observational only,97,37,Change in participation,No change / About the same,57,58.8
Participation level,Observational only,97,37,Change in participation,Decreased,21,21.6
Participation level,Observational only,97,37,Change in participation,Significantly decreased,15,15.5
Participation level,Observational only,97,37,Change in participation,Increased,3,3.1
Participation level,Observational only,97,37,Change in participation,Significantly increased,1,1.0
Participation level,Observational only,97,19,Considers self a contributor,Disagree,38,39.2
Participation level,Observational only,97,19,Considers self a contributor,Strongly disagree,26,26.8
Participation level,Observational only,97,19,Considers self a contributor,Neutral,19,19.6
Participation level,Observational only,97,19,Considers self a contributor,Agree,13,13.4
Participation level,Observational only,97,19,Considers self a contributor,Strongly agree,1,1.0
Participation level,Observational only,97,22,Considers self a community member,Agree,46,47.4
Participation level,Observational only,97,22,Considers self a community member,Neutral,27,27.8
Participation level,Observational only,97,22,Considers self a community member,Disagree,15,15.5
Participation level,Observational only,97,22,Considers self a community member,Strongly agree,5,5.2
Participation level,Observational only,97,22,Considers self a community member,Strongly disagree,4,4.1
Participation level,Observational only,97,15,Ever paid for participation,No - I am not paid for any of my participation in WordPress,69,71.1
Participation level,Observational only,97,15,Ever paid for participation,Yes directly - Some or all of my work duties include participating in WordPress,16,16.5
Participation level,Observational only,97,15,Ever paid for participation,Yes indirectly - I participate in WordPress for work but am not required to do so,12,12.4
Participation level,Observational only,97,51,Relationship to official events,I have not attended any WordPress events and I'm not interested in attending,45,46.4
Participation level,Observational only,97,51,Relationship to official events,I used to participate in WordPress events but I no longer do,25,25.8
Participation level,Observational only,97,51,Relationship to official events,I participate in WordPress events annually or occasionally,12,12.4
Participation level,Observational only,97,51,Relationship to official events,I have not attended any WordPress events but I'd like to or am planning to,9,9.3
Participation level,Observational only,97,51,Relationship to official events,I participate in WordPress events multiple times per year,4,4.1
Participation level,Observational only,97,51,Relationship to official events,Other (please describe),2,2.1
Participation level,Observational only,97,71,AI impact so far,AI has not significantly impacted my work or income,34,35.1
Participation level,Observational only,97,71,AI impact so far,AI has had a negative impact on my work or income,31,32.0
Participation level,Observational only,97,71,AI impact so far,AI has had a positive impact on my work or income,23,23.7
Participation level,Observational only,97,71,AI impact so far,Other (please describe),9,9.3
Participation level,Observational only,97,73,AI impact expected,AI will probably negatively impact my work or income in the future,44,45.4
Participation level,Observational only,97,73,AI impact expected,AI will probably positively impact my work or income in the future,24,24.7
Participation level,Observational only,97,73,AI impact expected,AI will probably not impact my work or income in the future,20,20.6
Participation level,Observational only,97,73,AI impact expected,Other (please describe),9,9.3
Participation level,Observational only,97,29,Sentiment toward WordPress changed,Yes,76,78.4
Participation level,Observational only,97,29,Sentiment toward WordPress changed,No,21,21.6
Participation level,Observational only,97,50,Events important to me,Strongly disagree,30,30.9
Participation level,Observational only,97,50,Events important to me,Disagree,25,25.8
Participation level,Observational only,97,50,Events important to me,Neutral,19,19.6
Participation level,Observational only,97,50,Events important to me,Agree,17,17.5
Participation level,Observational only,97,50,Events important to me,Strongly agree,6,6.2
Participation level,Observational only,97,23,Tenure (current members),10-15 years,21,21.6
Participation level,Observational only,97,23,Tenure (current members),15+ years,19,19.6
Participation level,Observational only,97,23,Tenure (current members),3-6 years,5,5.2
Participation level,Observational only,97,23,Tenure (current members),6-10 years,4,4.1
Participation level,Observational only,97,23,Tenure (current members),1-2 years,1,1.0
Participation level,Observational only,97,23,Tenure (current members),Less than 1 year,1,1.0
Participation level,Observational only,97,25,Tenure (former members),3-6 years,5,5.2
Participation level,Observational only,97,25,Tenure (former members),10-15 years,5,5.2
Participation level,Observational only,97,25,Tenure (former members),6-10 years,3,3.1
Participation level,Observational only,97,25,Tenure (former members),15+ years,2,2.1
Participation level,Observational only,97,25,Tenure (former members),1-2 years,2,2.1
Participation level,Observational only,97,25,Tenure (former members),Less than 1 year,1,1.0
Participation level,Moderately active participation,76,28,Sentiment: WordPress now,Neutral / Unsure,31,40.8
Participation level,Moderately active participation,76,28,Sentiment: WordPress now,Positive,22,28.9
Participation level,Moderately active participation,76,28,Sentiment: WordPress now,Negative,14,18.4
Participation level,Moderately active participation,76,28,Sentiment: WordPress now,Very negative,6,7.9
Participation level,Moderately active participation,76,28,Sentiment: WordPress now,Very positive,3,3.9
Participation level,Moderately active participation,76,31,Sentiment: WordPress future,Neutral / Unsure,32,42.1
Participation level,Moderately active participation,76,31,Sentiment: WordPress future,Positive,19,25.0
Participation level,Moderately active participation,76,31,Sentiment: WordPress future,Negative,13,17.1
Participation level,Moderately active participation,76,31,Sentiment: WordPress future,Very positive,6,7.9
Participation level,Moderately active participation,76,31,Sentiment: WordPress future,Very negative,6,7.9
Participation level,Moderately active participation,76,59,Sentiment: open source software,Positive,33,43.4
Participation level,Moderately active participation,76,59,Sentiment: open source software,Very positive,29,38.2
Participation level,Moderately active participation,76,59,Sentiment: open source software,Neutral / Unsure,13,17.1
Participation level,Moderately active participation,76,59,Sentiment: open source software,Negative,1,1.3
Participation level,Moderately active participation,76,68,Sentiment: AI in WordPress,Neutral / Unsure,32,42.1
Participation level,Moderately active participation,76,68,Sentiment: AI in WordPress,Positive,17,22.4
Participation level,Moderately active participation,76,68,Sentiment: AI in WordPress,Negative,12,15.8
Participation level,Moderately active participation,76,68,Sentiment: AI in WordPress,Very negative,9,11.8
Participation level,Moderately active participation,76,68,Sentiment: AI in WordPress,Very positive,6,7.9
Participation level,Moderately active participation,76,69,Sentiment: AI in web development,Positive,24,31.6
Participation level,Moderately active participation,76,69,Sentiment: AI in web development,Neutral / Unsure,20,26.3
Participation level,Moderately active participation,76,69,Sentiment: AI in web development,Very positive,16,21.1
Participation level,Moderately active participation,76,69,Sentiment: AI in web development,Negative,9,11.8
Participation level,Moderately active participation,76,69,Sentiment: AI in web development,Very negative,7,9.2
Participation level,Moderately active participation,76,37,Change in participation,No change / About the same,27,35.5
Participation level,Moderately active participation,76,37,Change in participation,Decreased,21,27.6
Participation level,Moderately active participation,76,37,Change in participation,Increased,16,21.1
Participation level,Moderately active participation,76,37,Change in participation,Significantly increased,8,10.5
Participation level,Moderately active participation,76,37,Change in participation,Significantly decreased,4,5.3
Participation level,Moderately active participation,76,19,Considers self a contributor,Agree,32,42.1
Participation level,Moderately active participation,76,19,Considers self a contributor,Strongly agree,24,31.6
Participation level,Moderately active participation,76,19,Considers self a contributor,Neutral,14,18.4
Participation level,Moderately active participation,76,19,Considers self a contributor,Disagree,3,3.9
Participation level,Moderately active participation,76,19,Considers self a contributor,Strongly disagree,3,3.9
Participation level,Moderately active participation,76,22,Considers self a community member,Strongly agree,54,71.1
Participation level,Moderately active participation,76,22,Considers self a community member,Agree,20,26.3
Participation level,Moderately active participation,76,22,Considers self a community member,Neutral,2,2.6
Participation level,Moderately active participation,76,15,Ever paid for participation,No - I am not paid for any of my participation in WordPress,39,51.3
Participation level,Moderately active participation,76,15,Ever paid for participation,Yes directly - Some or all of my work duties include participating in WordPress,23,30.3
Participation level,Moderately active participation,76,15,Ever paid for participation,Yes indirectly - I participate in WordPress for work but am not required to do so,14,18.4
Participation level,Moderately active participation,76,51,Relationship to official events,I participate in WordPress events multiple times per year,32,42.1
Participation level,Moderately active participation,76,51,Relationship to official events,I participate in WordPress events annually or occasionally,24,31.6
Participation level,Moderately active participation,76,51,Relationship to official events,I used to participate in WordPress events but I no longer do,10,13.2
Participation level,Moderately active participation,76,51,Relationship to official events,I have not attended any WordPress events and I'm not interested in attending,5,6.6
Participation level,Moderately active participation,76,51,Relationship to official events,I have not attended any WordPress events but I'd like to or am planning to,3,3.9
Participation level,Moderately active participation,76,51,Relationship to official events,Other (please describe),2,2.6
Participation level,Moderately active participation,76,71,AI impact so far,AI has had a positive impact on my work or income,40,52.6
Participation level,Moderately active participation,76,71,AI impact so far,AI has not significantly impacted my work or income,21,27.6
Participation level,Moderately active participation,76,71,AI impact so far,AI has had a negative impact on my work or income,13,17.1
Participation level,Moderately active participation,76,71,AI impact so far,Other (please describe),2,2.6
Participation level,Moderately active participation,76,73,AI impact expected,AI will probably positively impact my work or income in the future,34,44.7
Participation level,Moderately active participation,76,73,AI impact expected,AI will probably negatively impact my work or income in the future,30,39.5
Participation level,Moderately active participation,76,73,AI impact expected,AI will probably not impact my work or income in the future,7,9.2
Participation level,Moderately active participation,76,73,AI impact expected,Other (please describe),5,6.6
Participation level,Moderately active participation,76,29,Sentiment toward WordPress changed,Yes,63,82.9
Participation level,Moderately active participation,76,29,Sentiment toward WordPress changed,No,13,17.1
Participation level,Moderately active participation,76,50,Events important to me,Agree,30,39.5
Participation level,Moderately active participation,76,50,Events important to me,Strongly agree,29,38.2
Participation level,Moderately active participation,76,50,Events important to me,Neutral,10,13.2
Participation level,Moderately active participation,76,50,Events important to me,Strongly disagree,4,5.3
Participation level,Moderately active participation,76,50,Events important to me,Disagree,3,3.9
Participation level,Moderately active participation,76,23,Tenure (current members),15+ years,36,47.4
Participation level,Moderately active participation,76,23,Tenure (current members),10-15 years,24,31.6
Participation level,Moderately active participation,76,23,Tenure (current members),6-10 years,10,13.2
Participation level,Moderately active participation,76,23,Tenure (current members),3-6 years,4,5.3
Participation level,Moderately active participation,76,25,Tenure (former members),Less than 1 year,1,1.3
Participation level,Moderately active participation,76,25,Tenure (former members),6-10 years,1,1.3
Participation level,Very active participation,44,28,Sentiment: WordPress now,Positive,24,54.5
Participation level,Very active participation,44,28,Sentiment: WordPress now,Neutral / Unsure,10,22.7
Participation level,Very active participation,44,28,Sentiment: WordPress now,Very positive,5,11.4
Participation level,Very active participation,44,28,Sentiment: WordPress now,Negative,4,9.1
Participation level,Very active participation,44,28,Sentiment: WordPress now,Very negative,1,2.3
Participation level,Very active participation,44,31,Sentiment: WordPress future,Positive,18,40.9
Participation level,Very active participation,44,31,Sentiment: WordPress future,Neutral / Unsure,14,31.8
Participation level,Very active participation,44,31,Sentiment: WordPress future,Very positive,7,15.9
Participation level,Very active participation,44,31,Sentiment: WordPress future,Negative,3,6.8
Participation level,Very active participation,44,31,Sentiment: WordPress future,Very negative,2,4.5
Participation level,Very active participation,44,59,Sentiment: open source software,Very positive,26,59.1
Participation level,Very active participation,44,59,Sentiment: open source software,Positive,14,31.8
Participation level,Very active participation,44,59,Sentiment: open source software,Neutral / Unsure,4,9.1
Participation level,Very active participation,44,68,Sentiment: AI in WordPress,Neutral / Unsure,18,40.9
Participation level,Very active participation,44,68,Sentiment: AI in WordPress,Positive,14,31.8
Participation level,Very active participation,44,68,Sentiment: AI in WordPress,Negative,6,13.6
Participation level,Very active participation,44,68,Sentiment: AI in WordPress,Very positive,4,9.1
Participation level,Very active participation,44,68,Sentiment: AI in WordPress,Very negative,2,4.5
Participation level,Very active participation,44,69,Sentiment: AI in web development,Positive,16,36.4
Participation level,Very active participation,44,69,Sentiment: AI in web development,Neutral / Unsure,12,27.3
Participation level,Very active participation,44,69,Sentiment: AI in web development,Very positive,9,20.5
Participation level,Very active participation,44,69,Sentiment: AI in web development,Negative,5,11.4
Participation level,Very active participation,44,69,Sentiment: AI in web development,Very negative,2,4.5
Participation level,Very active participation,44,37,Change in participation,No change / About the same,15,34.1
Participation level,Very active participation,44,37,Change in participation,Increased,14,31.8
Participation level,Very active participation,44,37,Change in participation,Significantly increased,8,18.2
Participation level,Very active participation,44,37,Change in participation,Significantly decreased,4,9.1
Participation level,Very active participation,44,37,Change in participation,Decreased,3,6.8
Participation level,Very active participation,44,19,Considers self a contributor,Strongly agree,30,68.2
Participation level,Very active participation,44,19,Considers self a contributor,Agree,9,20.5
Participation level,Very active participation,44,19,Considers self a contributor,Neutral,3,6.8
Participation level,Very active participation,44,19,Considers self a contributor,Strongly disagree,1,2.3
Participation level,Very active participation,44,19,Considers self a contributor,Disagree,1,2.3
Participation level,Very active participation,44,22,Considers self a community member,Strongly agree,42,95.5
Participation level,Very active participation,44,22,Considers self a community member,Agree,2,4.5
Participation level,Very active participation,44,15,Ever paid for participation,Yes directly - Some or all of my work duties include participating in WordPress,24,54.5
Participation level,Very active participation,44,15,Ever paid for participation,No - I am not paid for any of my participation in WordPress,13,29.5
Participation level,Very active participation,44,15,Ever paid for participation,Yes indirectly - I participate in WordPress for work but am not required to do so,7,15.9
Participation level,Very active participation,44,51,Relationship to official events,I participate in WordPress events multiple times per year,33,75.0
Participation level,Very active participation,44,51,Relationship to official events,I participate in WordPress events annually or occasionally,8,18.2
Participation level,Very active participation,44,51,Relationship to official events,I have not attended any WordPress events but I'd like to or am planning to,1,2.3
Participation level,Very active participation,44,51,Relationship to official events,I have not attended any WordPress events and I'm not interested in attending,1,2.3
Participation level,Very active participation,44,51,Relationship to official events,I used to participate in WordPress events but I no longer do,1,2.3
Participation level,Very active participation,44,71,AI impact so far,AI has had a positive impact on my work or income,23,52.3
Participation level,Very active participation,44,71,AI impact so far,AI has not significantly impacted my work or income,14,31.8
Participation level,Very active participation,44,71,AI impact so far,AI has had a negative impact on my work or income,5,11.4
Participation level,Very active participation,44,71,AI impact so far,Other (please describe),2,4.5
Participation level,Very active participation,44,73,AI impact expected,AI will probably positively impact my work or income in the future,25,56.8
Participation level,Very active participation,44,73,AI impact expected,AI will probably negatively impact my work or income in the future,11,25.0
Participation level,Very active participation,44,73,AI impact expected,AI will probably not impact my work or income in the future,6,13.6
Participation level,Very active participation,44,73,AI impact expected,Other (please describe),2,4.5
Participation level,Very active participation,44,29,Sentiment toward WordPress changed,Yes,32,72.7
Participation level,Very active participation,44,29,Sentiment toward WordPress changed,No,12,27.3
Participation level,Very active participation,44,50,Events important to me,Strongly agree,33,75.0
Participation level,Very active participation,44,50,Events important to me,Agree,7,15.9
Participation level,Very active participation,44,50,Events important to me,Neutral,2,4.5
Participation level,Very active participation,44,50,Events important to me,Disagree,1,2.3
Participation level,Very active participation,44,50,Events important to me,Strongly disagree,1,2.3
Participation level,Very active participation,44,23,Tenure (current members),15+ years,18,40.9
Participation level,Very active participation,44,23,Tenure (current members),10-15 years,17,38.6
Participation level,Very active participation,44,23,Tenure (current members),6-10 years,7,15.9
Participation level,Very active participation,44,23,Tenure (current members),3-6 years,1,2.3
Participation level,Very active participation,44,23,Tenure (current members),1-2 years,1,2.3
Participation level,Inactive,35,28,Sentiment: WordPress now,Negative,12,34.3
Participation level,Inactive,35,28,Sentiment: WordPress now,Very negative,9,25.7
Participation level,Inactive,35,28,Sentiment: WordPress now,Neutral / Unsure,7,20.0
Participation level,Inactive,35,28,Sentiment: WordPress now,Positive,7,20.0
Participation level,Inactive,35,31,Sentiment: WordPress future,Neutral / Unsure,14,40.0
Participation level,Inactive,35,31,Sentiment: WordPress future,Negative,10,28.6
Participation level,Inactive,35,31,Sentiment: WordPress future,Very negative,8,22.9
Participation level,Inactive,35,31,Sentiment: WordPress future,Positive,3,8.6
Participation level,Inactive,35,59,Sentiment: open source software,Positive,14,40.0
Participation level,Inactive,35,59,Sentiment: open source software,Very positive,13,37.1
Participation level,Inactive,35,59,Sentiment: open source software,Neutral / Unsure,7,20.0
Participation level,Inactive,35,59,Sentiment: open source software,Very negative,1,2.9
Participation level,Inactive,35,68,Sentiment: AI in WordPress,Very negative,19,54.3
Participation level,Inactive,35,68,Sentiment: AI in WordPress,Neutral / Unsure,7,20.0
Participation level,Inactive,35,68,Sentiment: AI in WordPress,Negative,7,20.0
Participation level,Inactive,35,68,Sentiment: AI in WordPress,Positive,2,5.7
Participation level,Inactive,35,69,Sentiment: AI in web development,Very negative,19,54.3
Participation level,Inactive,35,69,Sentiment: AI in web development,Neutral / Unsure,6,17.1
Participation level,Inactive,35,69,Sentiment: AI in web development,Positive,6,17.1
Participation level,Inactive,35,69,Sentiment: AI in web development,Negative,3,8.6
Participation level,Inactive,35,69,Sentiment: AI in web development,Very positive,1,2.9
Participation level,Inactive,35,37,Change in participation,No change / About the same,19,54.3
Participation level,Inactive,35,37,Change in participation,Significantly decreased,14,40.0
Participation level,Inactive,35,37,Change in participation,Decreased,2,5.7
Participation level,Inactive,35,19,Considers self a contributor,Strongly disagree,17,48.6
Participation level,Inactive,35,19,Considers self a contributor,Disagree,9,25.7
Participation level,Inactive,35,19,Considers self a contributor,Neutral,6,17.1
Participation level,Inactive,35,19,Considers self a contributor,Agree,2,5.7
Participation level,Inactive,35,19,Considers self a contributor,Strongly agree,1,2.9
Participation level,Inactive,35,22,Considers self a community member,Neutral,13,37.1
Participation level,Inactive,35,22,Considers self a community member,Disagree,8,22.9
Participation level,Inactive,35,22,Considers self a community member,Agree,6,17.1
Participation level,Inactive,35,22,Considers self a community member,Strongly disagree,5,14.3
Participation level,Inactive,35,22,Considers self a community member,Strongly agree,3,8.6
Participation level,Inactive,35,15,Ever paid for participation,No - I am not paid for any of my participation in WordPress,23,65.7
Participation level,Inactive,35,15,Ever paid for participation,Yes directly - Some or all of my work duties include participating in WordPress,8,22.9
Participation level,Inactive,35,15,Ever paid for participation,Yes indirectly - I participate in WordPress for work but am not required to do so,4,11.4
Participation level,Inactive,35,51,Relationship to official events,I have not attended any WordPress events and I'm not interested in attending,17,48.6
Participation level,Inactive,35,51,Relationship to official events,I used to participate in WordPress events but I no longer do,13,37.1
Participation level,Inactive,35,51,Relationship to official events,I have not attended any WordPress events but I'd like to or am planning to,3,8.6
Participation level,Inactive,35,51,Relationship to official events,Other (please describe),1,2.9
Participation level,Inactive,35,51,Relationship to official events,I participate in WordPress events annually or occasionally,1,2.9
Participation level,Inactive,35,71,AI impact so far,AI has had a negative impact on my work or income,15,42.9
Participation level,Inactive,35,71,AI impact so far,AI has not significantly impacted my work or income,11,31.4
Participation level,Inactive,35,71,AI impact so far,AI has had a positive impact on my work or income,8,22.9
Participation level,Inactive,35,71,AI impact so far,Other (please describe),1,2.9
Participation level,Inactive,35,73,AI impact expected,AI will probably negatively impact my work or income in the future,21,60.0
Participation level,Inactive,35,73,AI impact expected,AI will probably positively impact my work or income in the future,8,22.9
Participation level,Inactive,35,73,AI impact expected,AI will probably not impact my work or income in the future,4,11.4
Participation level,Inactive,35,73,AI impact expected,Other (please describe),2,5.7
Participation level,Inactive,35,29,Sentiment toward WordPress changed,Yes,26,74.3
Participation level,Inactive,35,29,Sentiment toward WordPress changed,No,9,25.7
Participation level,Inactive,35,50,Events important to me,Disagree,12,34.3
Participation level,Inactive,35,50,Events important to me,Strongly disagree,9,25.7
Participation level,Inactive,35,50,Events important to me,Neutral,7,20.0
Participation level,Inactive,35,50,Events important to me,Agree,6,17.1
Participation level,Inactive,35,50,Events important to me,Strongly agree,1,2.9
Participation level,Inactive,35,23,Tenure (current members),6-10 years,4,11.4
Participation level,Inactive,35,23,Tenure (current members),10-15 years,3,8.6
Participation level,Inactive,35,23,Tenure (current members),15+ years,2,5.7
Participation level,Inactive,35,25,Tenure (former members),1-2 years,5,14.3
Participation level,Inactive,35,25,Tenure (former members),15+ years,4,11.4
Participation level,Inactive,35,25,Tenure (former members),6-10 years,2,5.7
Participation level,Inactive,35,25,Tenure (former members),3-6 years,2,5.7
Participation level,Inactive,35,25,Tenure (former members),Less than 1 year,1,2.9
Participation level,Do not participate / Not applicable,35,28,Sentiment: WordPress now,Neutral / Unsure,11,31.4
Participation level,Do not participate / Not applicable,35,28,Sentiment: WordPress now,Very negative,10,28.6
Participation level,Do not participate / Not applicable,35,28,Sentiment: WordPress now,Negative,8,22.9
Participation level,Do not participate / Not applicable,35,28,Sentiment: WordPress now,Positive,5,14.3
Participation level,Do not participate / Not applicable,35,28,Sentiment: WordPress now,Very positive,1,2.9
Participation level,Do not participate / Not applicable,35,31,Sentiment: WordPress future,Neutral / Unsure,13,37.1
Participation level,Do not participate / Not applicable,35,31,Sentiment: WordPress future,Negative,12,34.3
Participation level,Do not participate / Not applicable,35,31,Sentiment: WordPress future,Very negative,7,20.0
Participation level,Do not participate / Not applicable,35,31,Sentiment: WordPress future,Positive,3,8.6
Participation level,Do not participate / Not applicable,35,59,Sentiment: open source software,Positive,15,42.9
Participation level,Do not participate / Not applicable,35,59,Sentiment: open source software,Very positive,11,31.4
Participation level,Do not participate / Not applicable,35,59,Sentiment: open source software,Neutral / Unsure,5,14.3
Participation level,Do not participate / Not applicable,35,59,Sentiment: open source software,Negative,2,5.7
Participation level,Do not participate / Not applicable,35,59,Sentiment: open source software,Very negative,2,5.7
Participation level,Do not participate / Not applicable,35,68,Sentiment: AI in WordPress,Very negative,26,74.3
Participation level,Do not participate / Not applicable,35,68,Sentiment: AI in WordPress,Neutral / Unsure,8,22.9
Participation level,Do not participate / Not applicable,35,68,Sentiment: AI in WordPress,Negative,1,2.9
Participation level,Do not participate / Not applicable,35,69,Sentiment: AI in web development,Very negative,23,65.7
Participation level,Do not participate / Not applicable,35,69,Sentiment: AI in web development,Negative,4,11.4
Participation level,Do not participate / Not applicable,35,69,Sentiment: AI in web development,Neutral / Unsure,3,8.6
Participation level,Do not participate / Not applicable,35,69,Sentiment: AI in web development,Positive,3,8.6
Participation level,Do not participate / Not applicable,35,69,Sentiment: AI in web development,Very positive,2,5.7
Participation level,Do not participate / Not applicable,35,37,Change in participation,No change / About the same,26,74.3
Participation level,Do not participate / Not applicable,35,37,Change in participation,Significantly decreased,6,17.1
Participation level,Do not participate / Not applicable,35,37,Change in participation,Decreased,3,8.6
Participation level,Do not participate / Not applicable,35,19,Considers self a contributor,Strongly disagree,22,62.9
Participation level,Do not participate / Not applicable,35,19,Considers self a contributor,Disagree,8,22.9
Participation level,Do not participate / Not applicable,35,19,Considers self a contributor,Neutral,4,11.4
Participation level,Do not participate / Not applicable,35,19,Considers self a contributor,Agree,1,2.9
Participation level,Do not participate / Not applicable,35,22,Considers self a community member,Neutral,12,34.3
Participation level,Do not participate / Not applicable,35,22,Considers self a community member,Disagree,9,25.7
Participation level,Do not participate / Not applicable,35,22,Considers self a community member,Strongly disagree,8,22.9
Participation level,Do not participate / Not applicable,35,22,Considers self a community member,Agree,5,14.3
Participation level,Do not participate / Not applicable,35,22,Considers self a community member,Strongly agree,1,2.9
Participation level,Do not participate / Not applicable,35,15,Ever paid for participation,No - I am not paid for any of my participation in WordPress,26,74.3
Participation level,Do not participate / Not applicable,35,15,Ever paid for participation,Yes directly - Some or all of my work duties include participating in WordPress,9,25.7
Participation level,Do not participate / Not applicable,35,51,Relationship to official events,I have not attended any WordPress events and I'm not interested in attending,25,71.4
Participation level,Do not participate / Not applicable,35,51,Relationship to official events,I used to participate in WordPress events but I no longer do,8,22.9
Participation level,Do not participate / Not applicable,35,51,Relationship to official events,I have not attended any WordPress events but I'd like to or am planning to,2,5.7
Participation level,Do not participate / Not applicable,35,71,AI impact so far,AI has had a negative impact on my work or income,16,45.7
Participation level,Do not participate / Not applicable,35,71,AI impact so far,AI has not significantly impacted my work or income,12,34.3
Participation level,Do not participate / Not applicable,35,71,AI impact so far,AI has had a positive impact on my work or income,5,14.3
Participation level,Do not participate / Not applicable,35,71,AI impact so far,Other (please describe),2,5.7
Participation level,Do not participate / Not applicable,35,73,AI impact expected,AI will probably negatively impact my work or income in the future,25,71.4
Participation level,Do not participate / Not applicable,35,73,AI impact expected,AI will probably positively impact my work or income in the future,6,17.1
Participation level,Do not participate / Not applicable,35,73,AI impact expected,AI will probably not impact my work or income in the future,4,11.4
Participation level,Do not participate / Not applicable,35,29,Sentiment toward WordPress changed,Yes,23,65.7
Participation level,Do not participate / Not applicable,35,29,Sentiment toward WordPress changed,No,12,34.3
Participation level,Do not participate / Not applicable,35,50,Events important to me,Strongly disagree,22,62.9
Participation level,Do not participate / Not applicable,35,50,Events important to me,Disagree,7,20.0
Participation level,Do not participate / Not applicable,35,50,Events important to me,Neutral,6,17.1
Participation level,Do not participate / Not applicable,35,23,Tenure (current members),10-15 years,4,11.4
Participation level,Do not participate / Not applicable,35,23,Tenure (current members),15+ years,2,5.7
Participation level,Do not participate / Not applicable,35,25,Tenure (former members),10-15 years,4,11.4
Participation level,Do not participate / Not applicable,35,25,Tenure (former members),1-2 years,2,5.7
Participation level,Do not participate / Not applicable,35,25,Tenure (former members),6-10 years,2,5.7
Participation level,Do not participate / Not applicable,35,25,Tenure (former members),Less than 1 year,2,5.7
Participation level,Do not participate / Not applicable,35,25,Tenure (former members),15+ years,1,2.9
Participation level,Do not participate / Not applicable,35,25,Tenure (former members),3-6 years,1,2.9
Participation change,No change / About the same,199,28,Sentiment: WordPress now,Positive,79,39.7
Participation change,No change / About the same,199,28,Sentiment: WordPress now,Neutral / Unsure,51,25.6
Participation change,No change / About the same,199,28,Sentiment: WordPress now,Negative,38,19.1
Participation change,No change / About the same,199,28,Sentiment: WordPress now,Very negative,18,9.0
Participation change,No change / About the same,199,28,Sentiment: WordPress now,Very positive,13,6.5
Participation change,No change / About the same,199,31,Sentiment: WordPress future,Neutral / Unsure,75,37.7
Participation change,No change / About the same,199,31,Sentiment: WordPress future,Positive,49,24.6
Participation change,No change / About the same,199,31,Sentiment: WordPress future,Negative,47,23.6
Participation change,No change / About the same,199,31,Sentiment: WordPress future,Very negative,15,7.5
Participation change,No change / About the same,199,31,Sentiment: WordPress future,Very positive,13,6.5
Participation change,No change / About the same,199,59,Sentiment: open source software,Very positive,89,44.7
Participation change,No change / About the same,199,59,Sentiment: open source software,Positive,80,40.2
Participation change,No change / About the same,199,59,Sentiment: open source software,Neutral / Unsure,23,11.6
Participation change,No change / About the same,199,59,Sentiment: open source software,Negative,6,3.0
Participation change,No change / About the same,199,59,Sentiment: open source software,Very negative,1,0.5
Participation change,No change / About the same,199,68,Sentiment: AI in WordPress,Very negative,87,43.7
Participation change,No change / About the same,199,68,Sentiment: AI in WordPress,Neutral / Unsure,58,29.1
Participation change,No change / About the same,199,68,Sentiment: AI in WordPress,Positive,24,12.1
Participation change,No change / About the same,199,68,Sentiment: AI in WordPress,Negative,19,9.5
Participation change,No change / About the same,199,68,Sentiment: AI in WordPress,Very positive,11,5.5
Participation change,No change / About the same,199,69,Sentiment: AI in web development,Very negative,81,40.7
Participation change,No change / About the same,199,69,Sentiment: AI in web development,Positive,46,23.1
Participation change,No change / About the same,199,69,Sentiment: AI in web development,Neutral / Unsure,37,18.6
Participation change,No change / About the same,199,69,Sentiment: AI in web development,Negative,18,9.0
Participation change,No change / About the same,199,69,Sentiment: AI in web development,Very positive,17,8.5
Participation change,No change / About the same,199,36,Level of participation,Observational only,57,28.6
Participation change,No change / About the same,199,36,Level of participation,Occasional participation,55,27.6
Participation change,No change / About the same,199,36,Level of participation,Moderately active participation,27,13.6
Participation change,No change / About the same,199,36,Level of participation,Do not participate / Not applicable,26,13.1
Participation change,No change / About the same,199,36,Level of participation,Inactive,19,9.5
Participation change,No change / About the same,199,36,Level of participation,Very active participation,15,7.5
Participation change,No change / About the same,199,19,Considers self a contributor,Strongly disagree,54,27.1
Participation change,No change / About the same,199,19,Considers self a contributor,Disagree,48,24.1
Participation change,No change / About the same,199,19,Considers self a contributor,Neutral,41,20.6
Participation change,No change / About the same,199,19,Considers self a contributor,Agree,32,16.1
Participation change,No change / About the same,199,19,Considers self a contributor,Strongly agree,24,12.1
Participation change,No change / About the same,199,22,Considers self a community member,Agree,75,37.7
Participation change,No change / About the same,199,22,Considers self a community member,Strongly agree,50,25.1
Participation change,No change / About the same,199,22,Considers self a community member,Neutral,40,20.1
Participation change,No change / About the same,199,22,Considers self a community member,Disagree,24,12.1
Participation change,No change / About the same,199,22,Considers self a community member,Strongly disagree,10,5.0
Participation change,No change / About the same,199,15,Ever paid for participation,No - I am not paid for any of my participation in WordPress,131,65.8
Participation change,No change / About the same,199,15,Ever paid for participation,Yes directly - Some or all of my work duties include participating in WordPress,42,21.1
Participation change,No change / About the same,199,15,Ever paid for participation,Yes indirectly - I participate in WordPress for work but am not required to do so,26,13.1
Participation change,No change / About the same,199,51,Relationship to official events,I have not attended any WordPress events and I'm not interested in attending,79,39.7
Participation change,No change / About the same,199,51,Relationship to official events,I participate in WordPress events annually or occasionally,41,20.6
Participation change,No change / About the same,199,51,Relationship to official events,I participate in WordPress events multiple times per year,29,14.6
Participation change,No change / About the same,199,51,Relationship to official events,I used to participate in WordPress events but I no longer do,27,13.6
Participation change,No change / About the same,199,51,Relationship to official events,I have not attended any WordPress events but I'd like to or am planning to,18,9.0
Participation change,No change / About the same,199,51,Relationship to official events,Other (please describe),5,2.5
Participation change,No change / About the same,199,71,AI impact so far,AI has not significantly impacted my work or income,74,37.2
Participation change,No change / About the same,199,71,AI impact so far,AI has had a positive impact on my work or income,59,29.6
Participation change,No change / About the same,199,71,AI impact so far,AI has had a negative impact on my work or income,56,28.1
Participation change,No change / About the same,199,71,AI impact so far,Other (please describe),10,5.0
Participation change,No change / About the same,199,73,AI impact expected,AI will probably negatively impact my work or income in the future,100,50.3
Participation change,No change / About the same,199,73,AI impact expected,AI will probably positively impact my work or income in the future,58,29.1
Participation change,No change / About the same,199,73,AI impact expected,AI will probably not impact my work or income in the future,26,13.1
Participation change,No change / About the same,199,73,AI impact expected,Other (please describe),15,7.5
Participation change,No change / About the same,199,29,Sentiment toward WordPress changed,Yes,125,62.8
Participation change,No change / About the same,199,29,Sentiment toward WordPress changed,No,74,37.2
Participation change,No change / About the same,199,50,Events important to me,Strongly disagree,49,24.6
Participation change,No change / About the same,199,50,Events important to me,Disagree,41,20.6
Participation change,No change / About the same,199,50,Events important to me,Neutral,39,19.6
Participation change,No change / About the same,199,50,Events important to me,Agree,36,18.1
Participation change,No change / About the same,199,50,Events important to me,Strongly agree,34,17.1
Participation change,No change / About the same,199,23,Tenure (current members),15+ years,55,27.6
Participation change,No change / About the same,199,23,Tenure (current members),10-15 years,36,18.1
Participation change,No change / About the same,199,23,Tenure (current members),6-10 years,19,9.5
Participation change,No change / About the same,199,23,Tenure (current members),3-6 years,11,5.5
Participation change,No change / About the same,199,23,Tenure (current members),1-2 years,3,1.5
Participation change,No change / About the same,199,23,Tenure (current members),Less than 1 year,1,0.5
Participation change,No change / About the same,199,25,Tenure (former members),1-2 years,6,3.0
Participation change,No change / About the same,199,25,Tenure (former members),3-6 years,5,2.5
Participation change,No change / About the same,199,25,Tenure (former members),10-15 years,4,2.0
Participation change,No change / About the same,199,25,Tenure (former members),Less than 1 year,4,2.0
Participation change,No change / About the same,199,25,Tenure (former members),6-10 years,3,1.5
Participation change,No change / About the same,199,25,Tenure (former members),15+ years,1,0.5
Participation change,Decreased,94,28,Sentiment: WordPress now,Negative,40,42.6
Participation change,Decreased,94,28,Sentiment: WordPress now,Neutral / Unsure,34,36.2
Participation change,Decreased,94,28,Sentiment: WordPress now,Very negative,10,10.6
Participation change,Decreased,94,28,Sentiment: WordPress now,Positive,9,9.6
Participation change,Decreased,94,28,Sentiment: WordPress now,Very positive,1,1.1
Participation change,Decreased,94,31,Sentiment: WordPress future,Negative,39,41.5
Participation change,Decreased,94,31,Sentiment: WordPress future,Neutral / Unsure,39,41.5
Participation change,Decreased,94,31,Sentiment: WordPress future,Very negative,9,9.6
Participation change,Decreased,94,31,Sentiment: WordPress future,Positive,7,7.4
Participation change,Decreased,94,59,Sentiment: open source software,Positive,39,41.5
Participation change,Decreased,94,59,Sentiment: open source software,Very positive,31,33.0
Participation change,Decreased,94,59,Sentiment: open source software,Neutral / Unsure,19,20.2
Participation change,Decreased,94,59,Sentiment: open source software,Negative,4,4.3
Participation change,Decreased,94,59,Sentiment: open source software,Very negative,1,1.1
Participation change,Decreased,94,68,Sentiment: AI in WordPress,Very negative,34,36.2
Participation change,Decreased,94,68,Sentiment: AI in WordPress,Neutral / Unsure,30,31.9
Participation change,Decreased,94,68,Sentiment: AI in WordPress,Negative,16,17.0
Participation change,Decreased,94,68,Sentiment: AI in WordPress,Positive,12,12.8
Participation change,Decreased,94,68,Sentiment: AI in WordPress,Very positive,2,2.1
Participation change,Decreased,94,69,Sentiment: AI in web development,Very negative,26,27.7
Participation change,Decreased,94,69,Sentiment: AI in web development,Neutral / Unsure,23,24.5
Participation change,Decreased,94,69,Sentiment: AI in web development,Negative,20,21.3
Participation change,Decreased,94,69,Sentiment: AI in web development,Positive,13,13.8
Participation change,Decreased,94,69,Sentiment: AI in web development,Very positive,12,12.8
Participation change,Decreased,94,36,Level of participation,Occasional participation,44,46.8
Participation change,Decreased,94,36,Level of participation,Observational only,21,22.3
Participation change,Decreased,94,36,Level of participation,Moderately active participation,21,22.3
Participation change,Decreased,94,36,Level of participation,Very active participation,3,3.2
Participation change,Decreased,94,36,Level of participation,Do not participate / Not applicable,3,3.2
Participation change,Decreased,94,36,Level of participation,Inactive,2,2.1
Participation change,Decreased,94,19,Considers self a contributor,Neutral,34,36.2
Participation change,Decreased,94,19,Considers self a contributor,Agree,24,25.5
Participation change,Decreased,94,19,Considers self a contributor,Disagree,17,18.1
Participation change,Decreased,94,19,Considers self a contributor,Strongly agree,12,12.8
Participation change,Decreased,94,19,Considers self a contributor,Strongly disagree,7,7.4
Participation change,Decreased,94,22,Considers self a community member,Agree,50,53.2
Participation change,Decreased,94,22,Considers self a community member,Strongly agree,26,27.7
Participation change,Decreased,94,22,Considers self a community member,Neutral,14,14.9
Participation change,Decreased,94,22,Considers self a community member,Disagree,4,4.3
Participation change,Decreased,94,15,Ever paid for participation,No - I am not paid for any of my participation in WordPress,50,53.2
Participation change,Decreased,94,15,Ever paid for participation,Yes directly - Some or all of my work duties include participating in WordPress,24,25.5
Participation change,Decreased,94,15,Ever paid for participation,Yes indirectly - I participate in WordPress for work but am not required to do so,20,21.3
Participation change,Decreased,94,51,Relationship to official events,I used to participate in WordPress events but I no longer do,29,30.9
Participation change,Decreased,94,51,Relationship to official events,I participate in WordPress events annually or occasionally,23,24.5
Participation change,Decreased,94,51,Relationship to official events,I have not attended any WordPress events and I'm not interested in attending,19,20.2
Participation change,Decreased,94,51,Relationship to official events,I participate in WordPress events multiple times per year,16,17.0
Participation change,Decreased,94,51,Relationship to official events,I have not attended any WordPress events but I'd like to or am planning to,5,5.3
Participation change,Decreased,94,51,Relationship to official events,Other (please describe),2,2.1
Participation change,Decreased,94,71,AI impact so far,AI has not significantly impacted my work or income,32,34.0
Participation change,Decreased,94,71,AI impact so far,AI has had a positive impact on my work or income,30,31.9
Participation change,Decreased,94,71,AI impact so far,AI has had a negative impact on my work or income,23,24.5
Participation change,Decreased,94,71,AI impact so far,Other (please describe),9,9.6
Participation change,Decreased,94,73,AI impact expected,AI will probably negatively impact my work or income in the future,53,56.4
Participation change,Decreased,94,73,AI impact expected,AI will probably positively impact my work or income in the future,25,26.6
Participation change,Decreased,94,73,AI impact expected,Other (please describe),9,9.6
Participation change,Decreased,94,73,AI impact expected,AI will probably not impact my work or income in the future,7,7.4
Participation change,Decreased,94,29,Sentiment toward WordPress changed,Yes,90,95.7
Participation change,Decreased,94,29,Sentiment toward WordPress changed,No,4,4.3
Participation change,Decreased,94,50,Events important to me,Agree,34,36.2
Participation change,Decreased,94,50,Events important to me,Neutral,18,19.1
Participation change,Decreased,94,50,Events important to me,Strongly agree,17,18.1
Participation change,Decreased,94,50,Events important to me,Disagree,14,14.9
Participation change,Decreased,94,50,Events important to me,Strongly disagree,11,11.7
Participation change,Decreased,94,23,Tenure (current members),10-15 years,34,36.2
Participation change,Decreased,94,23,Tenure (current members),15+ years,29,30.9
Participation change,Decreased,94,23,Tenure (current members),6-10 years,9,9.6
Participation change,Decreased,94,23,Tenure (current members),3-6 years,3,3.2
Participation change,Decreased,94,23,Tenure (current members),1-2 years,1,1.1
Participation change,Decreased,94,25,Tenure (former members),3-6 years,4,4.3
Participation change,Decreased,94,25,Tenure (former members),10-15 years,2,2.1
Participation change,Decreased,94,25,Tenure (former members),15+ years,2,2.1
Participation change,Decreased,94,25,Tenure (former members),1-2 years,1,1.1
Participation change,Decreased,94,25,Tenure (former members),6-10 years,1,1.1
Participation change,Significantly decreased,73,28,Sentiment: WordPress now,Negative,29,39.7
Participation change,Significantly decreased,73,28,Sentiment: WordPress now,Very negative,22,30.1
Participation change,Significantly decreased,73,28,Sentiment: WordPress now,Neutral / Unsure,16,21.9
Participation change,Significantly decreased,73,28,Sentiment: WordPress now,Positive,5,6.8
Participation change,Significantly decreased,73,28,Sentiment: WordPress now,Very positive,1,1.4
Participation change,Significantly decreased,73,31,Sentiment: WordPress future,Negative,26,35.6
Participation change,Significantly decreased,73,31,Sentiment: WordPress future,Very negative,21,28.8
Participation change,Significantly decreased,73,31,Sentiment: WordPress future,Neutral / Unsure,20,27.4
Participation change,Significantly decreased,73,31,Sentiment: WordPress future,Positive,5,6.8
Participation change,Significantly decreased,73,31,Sentiment: WordPress future,Very positive,1,1.4
Participation change,Significantly decreased,73,59,Sentiment: open source software,Positive,33,45.2
Participation change,Significantly decreased,73,59,Sentiment: open source software,Very positive,24,32.9
Participation change,Significantly decreased,73,59,Sentiment: open source software,Neutral / Unsure,11,15.1
Participation change,Significantly decreased,73,59,Sentiment: open source software,Negative,3,4.1
Participation change,Significantly decreased,73,59,Sentiment: open source software,Very negative,2,2.7
Participation change,Significantly decreased,73,68,Sentiment: AI in WordPress,Very negative,29,39.7
Participation change,Significantly decreased,73,68,Sentiment: AI in WordPress,Neutral / Unsure,27,37.0
Participation change,Significantly decreased,73,68,Sentiment: AI in WordPress,Negative,13,17.8
Participation change,Significantly decreased,73,68,Sentiment: AI in WordPress,Very positive,2,2.7
Participation change,Significantly decreased,73,68,Sentiment: AI in WordPress,Positive,2,2.7
Participation change,Significantly decreased,73,69,Sentiment: AI in web development,Very negative,26,35.6
Participation change,Significantly decreased,73,69,Sentiment: AI in web development,Neutral / Unsure,16,21.9
Participation change,Significantly decreased,73,69,Sentiment: AI in web development,Very positive,13,17.8
Participation change,Significantly decreased,73,69,Sentiment: AI in web development,Positive,12,16.4
Participation change,Significantly decreased,73,69,Sentiment: AI in web development,Negative,6,8.2
Participation change,Significantly decreased,73,36,Level of participation,Occasional participation,30,41.1
Participation change,Significantly decreased,73,36,Level of participation,Observational only,15,20.5
Participation change,Significantly decreased,73,36,Level of participation,Inactive,14,19.2
Participation change,Significantly decreased,73,36,Level of participation,Do not participate / Not applicable,6,8.2
Participation change,Significantly decreased,73,36,Level of participation,Moderately active participation,4,5.5
Participation change,Significantly decreased,73,36,Level of participation,Very active participation,4,5.5
Participation change,Significantly decreased,73,19,Considers self a contributor,Agree,23,31.5
Participation change,Significantly decreased,73,19,Considers self a contributor,Strongly agree,20,27.4
Participation change,Significantly decreased,73,19,Considers self a contributor,Strongly disagree,14,19.2
Participation change,Significantly decreased,73,19,Considers self a contributor,Neutral,8,11.0
Participation change,Significantly decreased,73,19,Considers self a contributor,Disagree,8,11.0
Participation change,Significantly decreased,73,22,Considers self a community member,Strongly agree,27,37.0
Participation change,Significantly decreased,73,22,Considers self a community member,Agree,21,28.8
Participation change,Significantly decreased,73,22,Considers self a community member,Neutral,11,15.1
Participation change,Significantly decreased,73,22,Considers self a community member,Strongly disagree,7,9.6
Participation change,Significantly decreased,73,22,Considers self a community member,Disagree,7,9.6
Participation change,Significantly decreased,73,15,Ever paid for participation,No - I am not paid for any of my participation in WordPress,46,63.0
Participation change,Significantly decreased,73,15,Ever paid for participation,Yes directly - Some or all of my work duties include participating in WordPress,19,26.0
Participation change,Significantly decreased,73,15,Ever paid for participation,Yes indirectly - I participate in WordPress for work but am not required to do so,8,11.0
Participation change,Significantly decreased,73,51,Relationship to official events,I used to participate in WordPress events but I no longer do,32,43.8
Participation change,Significantly decreased,73,51,Relationship to official events,I participate in WordPress events multiple times per year,15,20.5
Participation change,Significantly decreased,73,51,Relationship to official events,I have not attended any WordPress events and I'm not interested in attending,15,20.5
Participation change,Significantly decreased,73,51,Relationship to official events,I participate in WordPress events annually or occasionally,9,12.3
Participation change,Significantly decreased,73,51,Relationship to official events,I have not attended any WordPress events but I'd like to or am planning to,2,2.7
Participation change,Significantly decreased,73,71,AI impact so far,AI has had a positive impact on my work or income,28,38.4
Participation change,Significantly decreased,73,71,AI impact so far,AI has not significantly impacted my work or income,21,28.8
Participation change,Significantly decreased,73,71,AI impact so far,AI has had a negative impact on my work or income,18,24.7
Participation change,Significantly decreased,73,71,AI impact so far,Other (please describe),6,8.2
Participation change,Significantly decreased,73,73,AI impact expected,AI will probably negatively impact my work or income in the future,29,39.7
Participation change,Significantly decreased,73,73,AI impact expected,AI will probably positively impact my work or income in the future,29,39.7
Participation change,Significantly decreased,73,73,AI impact expected,AI will probably not impact my work or income in the future,11,15.1
Participation change,Significantly decreased,73,73,AI impact expected,Other (please describe),4,5.5
Participation change,Significantly decreased,73,29,Sentiment toward WordPress changed,Yes,68,93.2
Participation change,Significantly decreased,73,29,Sentiment toward WordPress changed,No,5,6.8
Participation change,Significantly decreased,73,50,Events important to me,Agree,19,26.0
Participation change,Significantly decreased,73,50,Events important to me,Strongly disagree,17,23.3
Participation change,Significantly decreased,73,50,Events important to me,Neutral,15,20.5
Participation change,Significantly decreased,73,50,Events important to me,Strongly agree,13,17.8
Participation change,Significantly decreased,73,50,Events important to me,Disagree,9,12.3
Participation change,Significantly decreased,73,23,Tenure (current members),15+ years,25,34.2
Participation change,Significantly decreased,73,23,Tenure (current members),10-15 years,19,26.0
Participation change,Significantly decreased,73,23,Tenure (current members),6-10 years,4,5.5
Participation change,Significantly decreased,73,25,Tenure (former members),10-15 years,6,8.2
Participation change,Significantly decreased,73,25,Tenure (former members),6-10 years,5,6.8
Participation change,Significantly decreased,73,25,Tenure (former members),15+ years,5,6.8
Participation change,Significantly decreased,73,25,Tenure (former members),1-2 years,3,4.1
Participation change,Significantly decreased,73,25,Tenure (former members),3-6 years,1,1.4
Participation change,Significantly decreased,73,25,Tenure (former members),Less than 1 year,1,1.4
Participation change,Increased,48,28,Sentiment: WordPress now,Neutral / Unsure,19,39.6
Participation change,Increased,48,28,Sentiment: WordPress now,Positive,18,37.5
Participation change,Increased,48,28,Sentiment: WordPress now,Very positive,4,8.3
Participation change,Increased,48,28,Sentiment: WordPress now,Negative,4,8.3
Participation change,Increased,48,28,Sentiment: WordPress now,Very negative,3,6.2
Participation change,Increased,48,31,Sentiment: WordPress future,Neutral / Unsure,18,37.5
Participation change,Increased,48,31,Sentiment: WordPress future,Positive,13,27.1
Participation change,Increased,48,31,Sentiment: WordPress future,Negative,9,18.8
Participation change,Increased,48,31,Sentiment: WordPress future,Very positive,6,12.5
Participation change,Increased,48,31,Sentiment: WordPress future,Very negative,2,4.2
Participation change,Increased,48,59,Sentiment: open source software,Positive,25,52.1
Participation change,Increased,48,59,Sentiment: open source software,Very positive,18,37.5
Participation change,Increased,48,59,Sentiment: open source software,Neutral / Unsure,5,10.4
Participation change,Increased,48,68,Sentiment: AI in WordPress,Neutral / Unsure,21,43.8
Participation change,Increased,48,68,Sentiment: AI in WordPress,Positive,10,20.8
Participation change,Increased,48,68,Sentiment: AI in WordPress,Negative,8,16.7
Participation change,Increased,48,68,Sentiment: AI in WordPress,Very negative,7,14.6
Participation change,Increased,48,68,Sentiment: AI in WordPress,Very positive,2,4.2
Participation change,Increased,48,69,Sentiment: AI in web development,Positive,20,41.7
Participation change,Increased,48,69,Sentiment: AI in web development,Neutral / Unsure,8,16.7
Participation change,Increased,48,69,Sentiment: AI in web development,Negative,8,16.7
Participation change,Increased,48,69,Sentiment: AI in web development,Very negative,7,14.6
Participation change,Increased,48,69,Sentiment: AI in web development,Very positive,5,10.4
Participation change,Increased,48,36,Level of participation,Moderately active participation,16,33.3
Participation change,Increased,48,36,Level of participation,Occasional participation,15,31.2
Participation change,Increased,48,36,Level of participation,Very active participation,14,29.2
Participation change,Increased,48,36,Level of participation,Observational only,3,6.2
Participation change,Increased,48,19,Considers self a contributor,Agree,20,41.7
Participation change,Increased,48,19,Considers self a contributor,Strongly agree,11,22.9
Participation change,Increased,48,19,Considers self a contributor,Disagree,8,16.7
Participation change,Increased,48,19,Considers self a contributor,Neutral,6,12.5
Participation change,Increased,48,19,Considers self a contributor,Strongly disagree,3,6.2
Participation change,Increased,48,22,Considers self a community member,Strongly agree,24,50.0
Participation change,Increased,48,22,Considers self a community member,Agree,18,37.5
Participation change,Increased,48,22,Considers self a community member,Neutral,5,10.4
Participation change,Increased,48,22,Considers self a community member,Disagree,1,2.1
Participation change,Increased,48,15,Ever paid for participation,Yes directly - Some or all of my work duties include participating in WordPress,21,43.8
Participation change,Increased,48,15,Ever paid for participation,No - I am not paid for any of my participation in WordPress,17,35.4
Participation change,Increased,48,15,Ever paid for participation,Yes indirectly - I participate in WordPress for work but am not required to do so,10,20.8
Participation change,Increased,48,51,Relationship to official events,I participate in WordPress events multiple times per year,21,43.8
Participation change,Increased,48,51,Relationship to official events,I participate in WordPress events annually or occasionally,13,27.1
Participation change,Increased,48,51,Relationship to official events,I have not attended any WordPress events and I'm not interested in attending,6,12.5
Participation change,Increased,48,51,Relationship to official events,I used to participate in WordPress events but I no longer do,6,12.5
Participation change,Increased,48,51,Relationship to official events,I have not attended any WordPress events but I'd like to or am planning to,2,4.2
Participation change,Increased,48,71,AI impact so far,AI has had a positive impact on my work or income,24,50.0
Participation change,Increased,48,71,AI impact so far,AI has had a negative impact on my work or income,12,25.0
Participation change,Increased,48,71,AI impact so far,AI has not significantly impacted my work or income,11,22.9
Participation change,Increased,48,71,AI impact so far,Other (please describe),1,2.1
Participation change,Increased,48,73,AI impact expected,AI will probably positively impact my work or income in the future,21,43.8
Participation change,Increased,48,73,AI impact expected,AI will probably negatively impact my work or income in the future,18,37.5
Participation change,Increased,48,73,AI impact expected,AI will probably not impact my work or income in the future,6,12.5
Participation change,Increased,48,73,AI impact expected,Other (please describe),3,6.2
Participation change,Increased,48,29,Sentiment toward WordPress changed,Yes,38,79.2
Participation change,Increased,48,29,Sentiment toward WordPress changed,No,10,20.8
Participation change,Increased,48,50,Events important to me,Strongly agree,18,37.5
Participation change,Increased,48,50,Events important to me,Agree,16,33.3
Participation change,Increased,48,50,Events important to me,Strongly disagree,6,12.5
Participation change,Increased,48,50,Events important to me,Neutral,4,8.3
Participation change,Increased,48,50,Events important to me,Disagree,4,8.3
Participation change,Increased,48,23,Tenure (current members),10-15 years,18,37.5
Participation change,Increased,48,23,Tenure (current members),6-10 years,10,20.8
Participation change,Increased,48,23,Tenure (current members),15+ years,10,20.8
Participation change,Increased,48,23,Tenure (current members),3-6 years,4,8.3
Participation change,Increased,48,25,Tenure (former members),Less than 1 year,1,2.1
Participation change,Increased,48,25,Tenure (former members),3-6 years,1,2.1
Participation change,Significantly increased,17,28,Sentiment: WordPress now,Positive,10,58.8
Participation change,Significantly increased,17,28,Sentiment: WordPress now,Neutral / Unsure,6,35.3
Participation change,Significantly increased,17,28,Sentiment: WordPress now,Very positive,1,5.9
Participation change,Significantly increased,17,31,Sentiment: WordPress future,Positive,9,52.9
Participation change,Significantly increased,17,31,Sentiment: WordPress future,Neutral / Unsure,6,35.3
Participation change,Significantly increased,17,31,Sentiment: WordPress future,Very positive,2,11.8
Participation change,Significantly increased,17,59,Sentiment: open source software,Very positive,8,47.1
Participation change,Significantly increased,17,59,Sentiment: open source software,Positive,5,29.4
Participation change,Significantly increased,17,59,Sentiment: open source software,Neutral / Unsure,4,23.5
Participation change,Significantly increased,17,68,Sentiment: AI in WordPress,Positive,8,47.1
Participation change,Significantly increased,17,68,Sentiment: AI in WordPress,Neutral / Unsure,7,41.2
Participation change,Significantly increased,17,68,Sentiment: AI in WordPress,Negative,2,11.8
Participation change,Significantly increased,17,69,Sentiment: AI in web development,Very positive,7,41.2
Participation change,Significantly increased,17,69,Sentiment: AI in web development,Neutral / Unsure,5,29.4
Participation change,Significantly increased,17,69,Sentiment: AI in web development,Positive,4,23.5
Participation change,Significantly increased,17,69,Sentiment: AI in web development,Negative,1,5.9
Participation change,Significantly increased,17,36,Level of participation,Very active participation,8,47.1
Participation change,Significantly increased,17,36,Level of participation,Moderately active participation,8,47.1
Participation change,Significantly increased,17,36,Level of participation,Observational only,1,5.9
Participation change,Significantly increased,17,19,Considers self a contributor,Strongly agree,9,52.9
Participation change,Significantly increased,17,19,Considers self a contributor,Agree,6,35.3
Participation change,Significantly increased,17,19,Considers self a contributor,Strongly disagree,1,5.9
Participation change,Significantly increased,17,19,Considers self a contributor,Neutral,1,5.9
Participation change,Significantly increased,17,22,Considers self a community member,Strongly agree,15,88.2
Participation change,Significantly increased,17,22,Considers self a community member,Agree,2,11.8
Participation change,Significantly increased,17,15,Ever paid for participation,Yes directly - Some or all of my work duties include participating in WordPress,10,58.8
Participation change,Significantly increased,17,15,Ever paid for participation,No - I am not paid for any of my participation in WordPress,4,23.5
Participation change,Significantly increased,17,15,Ever paid for participation,Yes indirectly - I participate in WordPress for work but am not required to do so,3,17.6
Participation change,Significantly increased,17,51,Relationship to official events,I participate in WordPress events multiple times per year,10,58.8
Participation change,Significantly increased,17,51,Relationship to official events,I participate in WordPress events annually or occasionally,4,23.5
Participation change,Significantly increased,17,51,Relationship to official events,I have not attended any WordPress events and I'm not interested in attending,1,5.9
Participation change,Significantly increased,17,51,Relationship to official events,I have not attended any WordPress events but I'd like to or am planning to,1,5.9
Participation change,Significantly increased,17,51,Relationship to official events,Other (please describe),1,5.9
Participation change,Significantly increased,17,71,AI impact so far,AI has had a positive impact on my work or income,12,70.6
Participation change,Significantly increased,17,71,AI impact so far,AI has not significantly impacted my work or income,3,17.6
Participation change,Significantly increased,17,71,AI impact so far,Other (please describe),1,5.9
Participation change,Significantly increased,17,71,AI impact so far,AI has had a negative impact on my work or income,1,5.9
Participation change,Significantly increased,17,73,AI impact expected,AI will probably positively impact my work or income in the future,12,70.6
Participation change,Significantly increased,17,73,AI impact expected,AI will probably negatively impact my work or income in the future,3,17.6
Participation change,Significantly increased,17,73,AI impact expected,AI will probably not impact my work or income in the future,1,5.9
Participation change,Significantly increased,17,73,AI impact expected,Other (please describe),1,5.9
Participation change,Significantly increased,17,29,Sentiment toward WordPress changed,Yes,12,70.6
Participation change,Significantly increased,17,29,Sentiment toward WordPress changed,No,5,29.4
Participation change,Significantly increased,17,50,Events important to me,Strongly agree,10,58.8
Participation change,Significantly increased,17,50,Events important to me,Agree,4,23.5
Participation change,Significantly increased,17,50,Events important to me,Neutral,2,11.8
Participation change,Significantly increased,17,50,Events important to me,Strongly disagree,1,5.9
Participation change,Significantly increased,17,23,Tenure (current members),15+ years,8,47.1
Participation change,Significantly increased,17,23,Tenure (current members),6-10 years,5,29.4
Participation change,Significantly increased,17,23,Tenure (current members),10-15 years,3,17.6
Participation change,Significantly increased,17,23,Tenure (current members),1-2 years,1,5.9
Event relationship,"Never attended, not interested",120,28,Sentiment: WordPress now,Negative,37,30.8
Event relationship,"Never attended, not interested",120,28,Sentiment: WordPress now,Positive,31,25.8
Event relationship,"Never attended, not interested",120,28,Sentiment: WordPress now,Neutral / Unsure,31,25.8
Event relationship,"Never attended, not interested",120,28,Sentiment: WordPress now,Very negative,20,16.7
Event relationship,"Never attended, not interested",120,28,Sentiment: WordPress now,Very positive,1,0.8
Event relationship,"Never attended, not interested",120,31,Sentiment: WordPress future,Negative,49,40.8
Event relationship,"Never attended, not interested",120,31,Sentiment: WordPress future,Neutral / Unsure,40,33.3
Event relationship,"Never attended, not interested",120,31,Sentiment: WordPress future,Very negative,18,15.0
Event relationship,"Never attended, not interested",120,31,Sentiment: WordPress future,Positive,12,10.0
Event relationship,"Never attended, not interested",120,31,Sentiment: WordPress future,Very positive,1,0.8
Event relationship,"Never attended, not interested",120,59,Sentiment: open source software,Very positive,51,42.5
Event relationship,"Never attended, not interested",120,59,Sentiment: open source software,Positive,48,40.0
Event relationship,"Never attended, not interested",120,59,Sentiment: open source software,Neutral / Unsure,13,10.8
Event relationship,"Never attended, not interested",120,59,Sentiment: open source software,Negative,4,3.3
Event relationship,"Never attended, not interested",120,59,Sentiment: open source software,Very negative,4,3.3
Event relationship,"Never attended, not interested",120,68,Sentiment: AI in WordPress,Very negative,93,77.5
Event relationship,"Never attended, not interested",120,68,Sentiment: AI in WordPress,Neutral / Unsure,16,13.3
Event relationship,"Never attended, not interested",120,68,Sentiment: AI in WordPress,Negative,8,6.7
Event relationship,"Never attended, not interested",120,68,Sentiment: AI in WordPress,Positive,3,2.5
Event relationship,"Never attended, not interested",120,69,Sentiment: AI in web development,Very negative,86,71.7
Event relationship,"Never attended, not interested",120,69,Sentiment: AI in web development,Positive,13,10.8
Event relationship,"Never attended, not interested",120,69,Sentiment: AI in web development,Neutral / Unsure,10,8.3
Event relationship,"Never attended, not interested",120,69,Sentiment: AI in web development,Negative,8,6.7
Event relationship,"Never attended, not interested",120,69,Sentiment: AI in web development,Very positive,3,2.5
Event relationship,"Never attended, not interested",120,37,Change in participation,No change / About the same,79,65.8
Event relationship,"Never attended, not interested",120,37,Change in participation,Decreased,19,15.8
Event relationship,"Never attended, not interested",120,37,Change in participation,Significantly decreased,15,12.5
Event relationship,"Never attended, not interested",120,37,Change in participation,Increased,6,5.0
Event relationship,"Never attended, not interested",120,37,Change in participation,Significantly increased,1,0.8
Event relationship,"Never attended, not interested",120,36,Level of participation,Observational only,45,37.5
Event relationship,"Never attended, not interested",120,36,Level of participation,Occasional participation,27,22.5
Event relationship,"Never attended, not interested",120,36,Level of participation,Do not participate / Not applicable,25,20.8
Event relationship,"Never attended, not interested",120,36,Level of participation,Inactive,17,14.2
Event relationship,"Never attended, not interested",120,36,Level of participation,Moderately active participation,5,4.2
Event relationship,"Never attended, not interested",120,36,Level of participation,Very active participation,1,0.8
Event relationship,"Never attended, not interested",120,19,Considers self a contributor,Strongly disagree,44,36.7
Event relationship,"Never attended, not interested",120,19,Considers self a contributor,Disagree,41,34.2
Event relationship,"Never attended, not interested",120,19,Considers self a contributor,Neutral,21,17.5
Event relationship,"Never attended, not interested",120,19,Considers self a contributor,Agree,9,7.5
Event relationship,"Never attended, not interested",120,19,Considers self a contributor,Strongly agree,5,4.2
Event relationship,"Never attended, not interested",120,22,Considers self a community member,Agree,42,35.0
Event relationship,"Never attended, not interested",120,22,Considers self a community member,Neutral,37,30.8
Event relationship,"Never attended, not interested",120,22,Considers self a community member,Disagree,23,19.2
Event relationship,"Never attended, not interested",120,22,Considers self a community member,Strongly disagree,11,9.2
Event relationship,"Never attended, not interested",120,22,Considers self a community member,Strongly agree,7,5.8
Event relationship,"Never attended, not interested",120,15,Ever paid for participation,No - I am not paid for any of my participation in WordPress,83,69.2
Event relationship,"Never attended, not interested",120,15,Ever paid for participation,Yes directly - Some or all of my work duties include participating in WordPress,21,17.5
Event relationship,"Never attended, not interested",120,15,Ever paid for participation,Yes indirectly - I participate in WordPress for work but am not required to do so,16,13.3
Event relationship,"Never attended, not interested",120,71,AI impact so far,AI has had a negative impact on my work or income,51,42.5
Event relationship,"Never attended, not interested",120,71,AI impact so far,AI has not significantly impacted my work or income,43,35.8
Event relationship,"Never attended, not interested",120,71,AI impact so far,AI has had a positive impact on my work or income,17,14.2
Event relationship,"Never attended, not interested",120,71,AI impact so far,Other (please describe),9,7.5
Event relationship,"Never attended, not interested",120,73,AI impact expected,AI will probably negatively impact my work or income in the future,82,68.3
Event relationship,"Never attended, not interested",120,73,AI impact expected,AI will probably not impact my work or income in the future,19,15.8
Event relationship,"Never attended, not interested",120,73,AI impact expected,AI will probably positively impact my work or income in the future,14,11.7
Event relationship,"Never attended, not interested",120,73,AI impact expected,Other (please describe),5,4.2
Event relationship,"Never attended, not interested",120,29,Sentiment toward WordPress changed,Yes,89,74.2
Event relationship,"Never attended, not interested",120,29,Sentiment toward WordPress changed,No,31,25.8
Event relationship,"Never attended, not interested",120,50,Events important to me,Strongly disagree,69,57.5
Event relationship,"Never attended, not interested",120,50,Events important to me,Disagree,38,31.7
Event relationship,"Never attended, not interested",120,50,Events important to me,Neutral,12,10.0
Event relationship,"Never attended, not interested",120,50,Events important to me,Agree,1,0.8
Event relationship,"Never attended, not interested",120,23,Tenure (current members),10-15 years,19,15.8
Event relationship,"Never attended, not interested",120,23,Tenure (current members),15+ years,17,14.2
Event relationship,"Never attended, not interested",120,23,Tenure (current members),6-10 years,6,5.0
Event relationship,"Never attended, not interested",120,23,Tenure (current members),3-6 years,4,3.3
Event relationship,"Never attended, not interested",120,23,Tenure (current members),1-2 years,3,2.5
Event relationship,"Never attended, not interested",120,25,Tenure (former members),1-2 years,7,5.8
Event relationship,"Never attended, not interested",120,25,Tenure (former members),3-6 years,4,3.3
Event relationship,"Never attended, not interested",120,25,Tenure (former members),6-10 years,3,2.5
Event relationship,"Never attended, not interested",120,25,Tenure (former members),10-15 years,3,2.5
Event relationship,"Never attended, not interested",120,25,Tenure (former members),Less than 1 year,2,1.7
Event relationship,"Never attended, not interested",120,25,Tenure (former members),15+ years,1,0.8
Event relationship,Stopped attending,94,28,Sentiment: WordPress now,Negative,31,33.0
Event relationship,Stopped attending,94,28,Sentiment: WordPress now,Neutral / Unsure,25,26.6
Event relationship,Stopped attending,94,28,Sentiment: WordPress now,Very negative,21,22.3
Event relationship,Stopped attending,94,28,Sentiment: WordPress now,Positive,15,16.0
Event relationship,Stopped attending,94,28,Sentiment: WordPress now,Very positive,2,2.1
Event relationship,Stopped attending,94,31,Sentiment: WordPress future,Negative,35,37.2
Event relationship,Stopped attending,94,31,Sentiment: WordPress future,Neutral / Unsure,28,29.8
Event relationship,Stopped attending,94,31,Sentiment: WordPress future,Very negative,20,21.3
Event relationship,Stopped attending,94,31,Sentiment: WordPress future,Positive,9,9.6
Event relationship,Stopped attending,94,31,Sentiment: WordPress future,Very positive,2,2.1
Event relationship,Stopped attending,94,59,Sentiment: open source software,Positive,45,47.9
Event relationship,Stopped attending,94,59,Sentiment: open source software,Very positive,27,28.7
Event relationship,Stopped attending,94,59,Sentiment: open source software,Neutral / Unsure,19,20.2
Event relationship,Stopped attending,94,59,Sentiment: open source software,Negative,3,3.2
Event relationship,Stopped attending,94,68,Sentiment: AI in WordPress,Very negative,33,35.1
Event relationship,Stopped attending,94,68,Sentiment: AI in WordPress,Neutral / Unsure,33,35.1
Event relationship,Stopped attending,94,68,Sentiment: AI in WordPress,Negative,18,19.1
Event relationship,Stopped attending,94,68,Sentiment: AI in WordPress,Positive,7,7.4
Event relationship,Stopped attending,94,68,Sentiment: AI in WordPress,Very positive,3,3.2
Event relationship,Stopped attending,94,69,Sentiment: AI in web development,Very negative,29,30.9
Event relationship,Stopped attending,94,69,Sentiment: AI in web development,Neutral / Unsure,21,22.3
Event relationship,Stopped attending,94,69,Sentiment: AI in web development,Positive,19,20.2
Event relationship,Stopped attending,94,69,Sentiment: AI in web development,Negative,15,16.0
Event relationship,Stopped attending,94,69,Sentiment: AI in web development,Very positive,10,10.6
Event relationship,Stopped attending,94,37,Change in participation,Significantly decreased,32,34.0
Event relationship,Stopped attending,94,37,Change in participation,Decreased,29,30.9
Event relationship,Stopped attending,94,37,Change in participation,No change / About the same,27,28.7
Event relationship,Stopped attending,94,37,Change in participation,Increased,6,6.4
Event relationship,Stopped attending,94,36,Level of participation,Occasional participation,37,39.4
Event relationship,Stopped attending,94,36,Level of participation,Observational only,25,26.6
Event relationship,Stopped attending,94,36,Level of participation,Inactive,13,13.8
Event relationship,Stopped attending,94,36,Level of participation,Moderately active participation,10,10.6
Event relationship,Stopped attending,94,36,Level of participation,Do not participate / Not applicable,8,8.5
Event relationship,Stopped attending,94,36,Level of participation,Very active participation,1,1.1
Event relationship,Stopped attending,94,19,Considers self a contributor,Agree,26,27.7
Event relationship,Stopped attending,94,19,Considers self a contributor,Neutral,22,23.4
Event relationship,Stopped attending,94,19,Considers self a contributor,Strongly disagree,22,23.4
Event relationship,Stopped attending,94,19,Considers self a contributor,Disagree,18,19.1
Event relationship,Stopped attending,94,19,Considers self a contributor,Strongly agree,6,6.4
Event relationship,Stopped attending,94,22,Considers self a community member,Agree,42,44.7
Event relationship,Stopped attending,94,22,Considers self a community member,Strongly agree,22,23.4
Event relationship,Stopped attending,94,22,Considers self a community member,Neutral,17,18.1
Event relationship,Stopped attending,94,22,Considers self a community member,Disagree,9,9.6
Event relationship,Stopped attending,94,22,Considers self a community member,Strongly disagree,4,4.3
Event relationship,Stopped attending,94,15,Ever paid for participation,No - I am not paid for any of my participation in WordPress,51,54.3
Event relationship,Stopped attending,94,15,Ever paid for participation,Yes directly - Some or all of my work duties include participating in WordPress,24,25.5
Event relationship,Stopped attending,94,15,Ever paid for participation,Yes indirectly - I participate in WordPress for work but am not required to do so,19,20.2
Event relationship,Stopped attending,94,71,AI impact so far,AI has not significantly impacted my work or income,34,36.2
Event relationship,Stopped attending,94,71,AI impact so far,AI has had a positive impact on my work or income,30,31.9
Event relationship,Stopped attending,94,71,AI impact so far,AI has had a negative impact on my work or income,25,26.6
Event relationship,Stopped attending,94,71,AI impact so far,Other (please describe),5,5.3
Event relationship,Stopped attending,94,73,AI impact expected,AI will probably negatively impact my work or income in the future,44,46.8
Event relationship,Stopped attending,94,73,AI impact expected,AI will probably positively impact my work or income in the future,33,35.1
Event relationship,Stopped attending,94,73,AI impact expected,AI will probably not impact my work or income in the future,9,9.6
Event relationship,Stopped attending,94,73,AI impact expected,Other (please describe),8,8.5
Event relationship,Stopped attending,94,29,Sentiment toward WordPress changed,Yes,82,87.2
Event relationship,Stopped attending,94,29,Sentiment toward WordPress changed,No,12,12.8
Event relationship,Stopped attending,94,50,Events important to me,Neutral,30,31.9
Event relationship,Stopped attending,94,50,Events important to me,Agree,24,25.5
Event relationship,Stopped attending,94,50,Events important to me,Disagree,20,21.3
Event relationship,Stopped attending,94,50,Events important to me,Strongly disagree,14,14.9
Event relationship,Stopped attending,94,50,Events important to me,Strongly agree,6,6.4
Event relationship,Stopped attending,94,23,Tenure (current members),10-15 years,28,29.8
Event relationship,Stopped attending,94,23,Tenure (current members),15+ years,27,28.7
Event relationship,Stopped attending,94,23,Tenure (current members),6-10 years,8,8.5
Event relationship,Stopped attending,94,23,Tenure (current members),3-6 years,1,1.1
Event relationship,Stopped attending,94,25,Tenure (former members),10-15 years,8,8.5
Event relationship,Stopped attending,94,25,Tenure (former members),6-10 years,5,5.3
Event relationship,Stopped attending,94,25,Tenure (former members),15+ years,5,5.3
Event relationship,Stopped attending,94,25,Tenure (former members),3-6 years,4,4.3
Event relationship,Stopped attending,94,25,Tenure (former members),1-2 years,3,3.2
Event relationship,Stopped attending,94,25,Tenure (former members),Less than 1 year,1,1.1
Event relationship,"Attend, multiple times a year",91,28,Sentiment: WordPress now,Positive,34,37.4
Event relationship,"Attend, multiple times a year",91,28,Sentiment: WordPress now,Neutral / Unsure,30,33.0
Event relationship,"Attend, multiple times a year",91,28,Sentiment: WordPress now,Negative,16,17.6
Event relationship,"Attend, multiple times a year",91,28,Sentiment: WordPress now,Very positive,8,8.8
Event relationship,"Attend, multiple times a year",91,28,Sentiment: WordPress now,Very negative,3,3.3
Event relationship,"Attend, multiple times a year",91,31,Sentiment: WordPress future,Neutral / Unsure,38,41.8
Event relationship,"Attend, multiple times a year",91,31,Sentiment: WordPress future,Positive,27,29.7
Event relationship,"Attend, multiple times a year",91,31,Sentiment: WordPress future,Negative,12,13.2
Event relationship,"Attend, multiple times a year",91,31,Sentiment: WordPress future,Very positive,11,12.1
Event relationship,"Attend, multiple times a year",91,31,Sentiment: WordPress future,Very negative,3,3.3
Event relationship,"Attend, multiple times a year",91,59,Sentiment: open source software,Very positive,46,50.5
Event relationship,"Attend, multiple times a year",91,59,Sentiment: open source software,Positive,32,35.2
Event relationship,"Attend, multiple times a year",91,59,Sentiment: open source software,Neutral / Unsure,12,13.2
Event relationship,"Attend, multiple times a year",91,59,Sentiment: open source software,Negative,1,1.1
Event relationship,"Attend, multiple times a year",91,68,Sentiment: AI in WordPress,Neutral / Unsure,42,46.2
Event relationship,"Attend, multiple times a year",91,68,Sentiment: AI in WordPress,Positive,24,26.4
Event relationship,"Attend, multiple times a year",91,68,Sentiment: AI in WordPress,Negative,15,16.5
Event relationship,"Attend, multiple times a year",91,68,Sentiment: AI in WordPress,Very negative,6,6.6
Event relationship,"Attend, multiple times a year",91,68,Sentiment: AI in WordPress,Very positive,4,4.4
Event relationship,"Attend, multiple times a year",91,69,Sentiment: AI in web development,Positive,30,33.0
Event relationship,"Attend, multiple times a year",91,69,Sentiment: AI in web development,Neutral / Unsure,22,24.2
Event relationship,"Attend, multiple times a year",91,69,Sentiment: AI in web development,Very positive,19,20.9
Event relationship,"Attend, multiple times a year",91,69,Sentiment: AI in web development,Negative,15,16.5
Event relationship,"Attend, multiple times a year",91,69,Sentiment: AI in web development,Very negative,5,5.5
Event relationship,"Attend, multiple times a year",91,37,Change in participation,No change / About the same,29,31.9
Event relationship,"Attend, multiple times a year",91,37,Change in participation,Increased,21,23.1
Event relationship,"Attend, multiple times a year",91,37,Change in participation,Decreased,16,17.6
Event relationship,"Attend, multiple times a year",91,37,Change in participation,Significantly decreased,15,16.5
Event relationship,"Attend, multiple times a year",91,37,Change in participation,Significantly increased,10,11.0
Event relationship,"Attend, multiple times a year",91,36,Level of participation,Very active participation,33,36.3
Event relationship,"Attend, multiple times a year",91,36,Level of participation,Moderately active participation,32,35.2
Event relationship,"Attend, multiple times a year",91,36,Level of participation,Occasional participation,22,24.2
Event relationship,"Attend, multiple times a year",91,36,Level of participation,Observational only,4,4.4
Event relationship,"Attend, multiple times a year",91,19,Considers self a contributor,Strongly agree,45,49.5
Event relationship,"Attend, multiple times a year",91,19,Considers self a contributor,Agree,28,30.8
Event relationship,"Attend, multiple times a year",91,19,Considers self a contributor,Neutral,12,13.2
Event relationship,"Attend, multiple times a year",91,19,Considers self a contributor,Disagree,4,4.4
Event relationship,"Attend, multiple times a year",91,19,Considers self a contributor,Strongly disagree,2,2.2
Event relationship,"Attend, multiple times a year",91,22,Considers self a community member,Strongly agree,72,79.1
Event relationship,"Attend, multiple times a year",91,22,Considers self a community member,Agree,15,16.5
Event relationship,"Attend, multiple times a year",91,22,Considers self a community member,Neutral,3,3.3
Event relationship,"Attend, multiple times a year",91,22,Considers self a community member,Disagree,1,1.1
Event relationship,"Attend, multiple times a year",91,15,Ever paid for participation,Yes directly - Some or all of my work duties include participating in WordPress,39,42.9
Event relationship,"Attend, multiple times a year",91,15,Ever paid for participation,No - I am not paid for any of my participation in WordPress,36,39.6
Event relationship,"Attend, multiple times a year",91,15,Ever paid for participation,Yes indirectly - I participate in WordPress for work but am not required to do so,16,17.6
Event relationship,"Attend, multiple times a year",91,71,AI impact so far,AI has had a positive impact on my work or income,48,52.7
Event relationship,"Attend, multiple times a year",91,71,AI impact so far,AI has not significantly impacted my work or income,28,30.8
Event relationship,"Attend, multiple times a year",91,71,AI impact so far,AI has had a negative impact on my work or income,10,11.0
Event relationship,"Attend, multiple times a year",91,71,AI impact so far,Other (please describe),5,5.5
Event relationship,"Attend, multiple times a year",91,73,AI impact expected,AI will probably positively impact my work or income in the future,49,53.8
Event relationship,"Attend, multiple times a year",91,73,AI impact expected,AI will probably negatively impact my work or income in the future,26,28.6
Event relationship,"Attend, multiple times a year",91,73,AI impact expected,AI will probably not impact my work or income in the future,9,9.9
Event relationship,"Attend, multiple times a year",91,73,AI impact expected,Other (please describe),7,7.7
Event relationship,"Attend, multiple times a year",91,29,Sentiment toward WordPress changed,Yes,73,80.2
Event relationship,"Attend, multiple times a year",91,29,Sentiment toward WordPress changed,No,18,19.8
Event relationship,"Attend, multiple times a year",91,50,Events important to me,Strongly agree,64,70.3
Event relationship,"Attend, multiple times a year",91,50,Events important to me,Agree,23,25.3
Event relationship,"Attend, multiple times a year",91,50,Events important to me,Neutral,4,4.4
Event relationship,"Attend, multiple times a year",91,23,Tenure (current members),15+ years,38,41.8
Event relationship,"Attend, multiple times a year",91,23,Tenure (current members),10-15 years,33,36.3
Event relationship,"Attend, multiple times a year",91,23,Tenure (current members),6-10 years,12,13.2
Event relationship,"Attend, multiple times a year",91,23,Tenure (current members),3-6 years,3,3.3
Event relationship,"Attend, multiple times a year",91,23,Tenure (current members),1-2 years,1,1.1
Event relationship,"Attend, multiple times a year",91,25,Tenure (former members),Less than 1 year,1,1.1
Event relationship,"Attend, multiple times a year",91,25,Tenure (former members),3-6 years,1,1.1
Event relationship,"Attend, multiple times a year",91,25,Tenure (former members),6-10 years,1,1.1
Event relationship,"Attend, multiple times a year",91,25,Tenure (former members),10-15 years,1,1.1
Event relationship,"Attend, annually or occasionally",90,28,Sentiment: WordPress now,Positive,31,34.4
Event relationship,"Attend, annually or occasionally",90,28,Sentiment: WordPress now,Neutral / Unsure,30,33.3
Event relationship,"Attend, annually or occasionally",90,28,Sentiment: WordPress now,Negative,19,21.1
Event relationship,"Attend, annually or occasionally",90,28,Sentiment: WordPress now,Very positive,5,5.6
Event relationship,"Attend, annually or occasionally",90,28,Sentiment: WordPress now,Very negative,5,5.6
Event relationship,"Attend, annually or occasionally",90,31,Sentiment: WordPress future,Neutral / Unsure,37,41.1
Event relationship,"Attend, annually or occasionally",90,31,Sentiment: WordPress future,Positive,27,30.0
Event relationship,"Attend, annually or occasionally",90,31,Sentiment: WordPress future,Negative,18,20.0
Event relationship,"Attend, annually or occasionally",90,31,Sentiment: WordPress future,Very positive,5,5.6
Event relationship,"Attend, annually or occasionally",90,31,Sentiment: WordPress future,Very negative,3,3.3
Event relationship,"Attend, annually or occasionally",90,59,Sentiment: open source software,Positive,39,43.3
Event relationship,"Attend, annually or occasionally",90,59,Sentiment: open source software,Very positive,33,36.7
Event relationship,"Attend, annually or occasionally",90,59,Sentiment: open source software,Neutral / Unsure,14,15.6
Event relationship,"Attend, annually or occasionally",90,59,Sentiment: open source software,Negative,4,4.4
Event relationship,"Attend, annually or occasionally",90,68,Sentiment: AI in WordPress,Neutral / Unsure,39,43.3
Event relationship,"Attend, annually or occasionally",90,68,Sentiment: AI in WordPress,Positive,20,22.2
Event relationship,"Attend, annually or occasionally",90,68,Sentiment: AI in WordPress,Very negative,14,15.6
Event relationship,"Attend, annually or occasionally",90,68,Sentiment: AI in WordPress,Negative,10,11.1
Event relationship,"Attend, annually or occasionally",90,68,Sentiment: AI in WordPress,Very positive,7,7.8
Event relationship,"Attend, annually or occasionally",90,69,Sentiment: AI in web development,Neutral / Unsure,28,31.1
Event relationship,"Attend, annually or occasionally",90,69,Sentiment: AI in web development,Positive,26,28.9
Event relationship,"Attend, annually or occasionally",90,69,Sentiment: AI in web development,Very positive,17,18.9
Event relationship,"Attend, annually or occasionally",90,69,Sentiment: AI in web development,Negative,10,11.1
Event relationship,"Attend, annually or occasionally",90,69,Sentiment: AI in web development,Very negative,9,10.0
Event relationship,"Attend, annually or occasionally",90,37,Change in participation,No change / About the same,41,45.6
Event relationship,"Attend, annually or occasionally",90,37,Change in participation,Decreased,23,25.6
Event relationship,"Attend, annually or occasionally",90,37,Change in participation,Increased,13,14.4
Event relationship,"Attend, annually or occasionally",90,37,Change in participation,Significantly decreased,9,10.0
Event relationship,"Attend, annually or occasionally",90,37,Change in participation,Significantly increased,4,4.4
Event relationship,"Attend, annually or occasionally",90,36,Level of participation,Occasional participation,45,50.0
Event relationship,"Attend, annually or occasionally",90,36,Level of participation,Moderately active participation,24,26.7
Event relationship,"Attend, annually or occasionally",90,36,Level of participation,Observational only,12,13.3
Event relationship,"Attend, annually or occasionally",90,36,Level of participation,Very active participation,8,8.9
Event relationship,"Attend, annually or occasionally",90,36,Level of participation,Inactive,1,1.1
Event relationship,"Attend, annually or occasionally",90,19,Considers self a contributor,Agree,35,38.9
Event relationship,"Attend, annually or occasionally",90,19,Considers self a contributor,Neutral,24,26.7
Event relationship,"Attend, annually or occasionally",90,19,Considers self a contributor,Strongly agree,18,20.0
Event relationship,"Attend, annually or occasionally",90,19,Considers self a contributor,Disagree,11,12.2
Event relationship,"Attend, annually or occasionally",90,19,Considers self a contributor,Strongly disagree,2,2.2
Event relationship,"Attend, annually or occasionally",90,22,Considers self a community member,Agree,43,47.8
Event relationship,"Attend, annually or occasionally",90,22,Considers self a community member,Strongly agree,39,43.3
Event relationship,"Attend, annually or occasionally",90,22,Considers self a community member,Neutral,6,6.7
Event relationship,"Attend, annually or occasionally",90,22,Considers self a community member,Disagree,2,2.2
Event relationship,"Attend, annually or occasionally",90,15,Ever paid for participation,No - I am not paid for any of my participation in WordPress,55,61.1
Event relationship,"Attend, annually or occasionally",90,15,Ever paid for participation,Yes directly - Some or all of my work duties include participating in WordPress,22,24.4
Event relationship,"Attend, annually or occasionally",90,15,Ever paid for participation,Yes indirectly - I participate in WordPress for work but am not required to do so,13,14.4
Event relationship,"Attend, annually or occasionally",90,71,AI impact so far,AI has had a positive impact on my work or income,44,48.9
Event relationship,"Attend, annually or occasionally",90,71,AI impact so far,AI has not significantly impacted my work or income,26,28.9
Event relationship,"Attend, annually or occasionally",90,71,AI impact so far,AI has had a negative impact on my work or income,14,15.6
Event relationship,"Attend, annually or occasionally",90,71,AI impact so far,Other (please describe),6,6.7
Event relationship,"Attend, annually or occasionally",90,73,AI impact expected,AI will probably positively impact my work or income in the future,37,41.1
Event relationship,"Attend, annually or occasionally",90,73,AI impact expected,AI will probably negatively impact my work or income in the future,35,38.9
Event relationship,"Attend, annually or occasionally",90,73,AI impact expected,AI will probably not impact my work or income in the future,10,11.1
Event relationship,"Attend, annually or occasionally",90,73,AI impact expected,Other (please describe),8,8.9
Event relationship,"Attend, annually or occasionally",90,29,Sentiment toward WordPress changed,Yes,65,72.2
Event relationship,"Attend, annually or occasionally",90,29,Sentiment toward WordPress changed,No,25,27.8
Event relationship,"Attend, annually or occasionally",90,50,Events important to me,Agree,55,61.1
Event relationship,"Attend, annually or occasionally",90,50,Events important to me,Strongly agree,21,23.3
Event relationship,"Attend, annually or occasionally",90,50,Events important to me,Neutral,10,11.1
Event relationship,"Attend, annually or occasionally",90,50,Events important to me,Disagree,4,4.4
Event relationship,"Attend, annually or occasionally",90,23,Tenure (current members),15+ years,36,40.0
Event relationship,"Attend, annually or occasionally",90,23,Tenure (current members),10-15 years,19,21.1
Event relationship,"Attend, annually or occasionally",90,23,Tenure (current members),6-10 years,18,20.0
Event relationship,"Attend, annually or occasionally",90,23,Tenure (current members),3-6 years,8,8.9
Event relationship,"Attend, annually or occasionally",90,23,Tenure (current members),Less than 1 year,1,1.1
Event relationship,"Attend, annually or occasionally",90,25,Tenure (former members),3-6 years,2,2.2
Event relationship,"Attend, annually or occasionally",90,25,Tenure (former members),Less than 1 year,1,1.1
Event relationship,"Never attended, would like to",28,28,Sentiment: WordPress now,Neutral / Unsure,8,28.6
Event relationship,"Never attended, would like to",28,28,Sentiment: WordPress now,Positive,7,25.0
Event relationship,"Never attended, would like to",28,28,Sentiment: WordPress now,Negative,6,21.4
Event relationship,"Never attended, would like to",28,28,Sentiment: WordPress now,Very positive,4,14.3
Event relationship,"Never attended, would like to",28,28,Sentiment: WordPress now,Very negative,3,10.7
Event relationship,"Never attended, would like to",28,31,Sentiment: WordPress future,Neutral / Unsure,12,42.9
Event relationship,"Never attended, would like to",28,31,Sentiment: WordPress future,Positive,6,21.4
Event relationship,"Never attended, would like to",28,31,Sentiment: WordPress future,Negative,5,17.9
Event relationship,"Never attended, would like to",28,31,Sentiment: WordPress future,Very positive,3,10.7
Event relationship,"Never attended, would like to",28,31,Sentiment: WordPress future,Very negative,2,7.1
Event relationship,"Never attended, would like to",28,59,Sentiment: open source software,Positive,13,46.4
Event relationship,"Never attended, would like to",28,59,Sentiment: open source software,Very positive,12,42.9
Event relationship,"Never attended, would like to",28,59,Sentiment: open source software,Neutral / Unsure,2,7.1
Event relationship,"Never attended, would like to",28,59,Sentiment: open source software,Negative,1,3.6
Event relationship,"Never attended, would like to",28,68,Sentiment: AI in WordPress,Neutral / Unsure,10,35.7
Event relationship,"Never attended, would like to",28,68,Sentiment: AI in WordPress,Very negative,10,35.7
Event relationship,"Never attended, would like to",28,68,Sentiment: AI in WordPress,Negative,4,14.3
Event relationship,"Never attended, would like to",28,68,Sentiment: AI in WordPress,Very positive,3,10.7
Event relationship,"Never attended, would like to",28,68,Sentiment: AI in WordPress,Positive,1,3.6
Event relationship,"Never attended, would like to",28,69,Sentiment: AI in web development,Very negative,10,35.7
Event relationship,"Never attended, would like to",28,69,Sentiment: AI in web development,Neutral / Unsure,6,21.4
Event relationship,"Never attended, would like to",28,69,Sentiment: AI in web development,Positive,5,17.9
Event relationship,"Never attended, would like to",28,69,Sentiment: AI in web development,Very positive,4,14.3
Event relationship,"Never attended, would like to",28,69,Sentiment: AI in web development,Negative,3,10.7
Event relationship,"Never attended, would like to",28,37,Change in participation,No change / About the same,18,64.3
Event relationship,"Never attended, would like to",28,37,Change in participation,Decreased,5,17.9
Event relationship,"Never attended, would like to",28,37,Change in participation,Increased,2,7.1
Event relationship,"Never attended, would like to",28,37,Change in participation,Significantly decreased,2,7.1
Event relationship,"Never attended, would like to",28,37,Change in participation,Significantly increased,1,3.6
Event relationship,"Never attended, would like to",28,36,Level of participation,Occasional participation,10,35.7
Event relationship,"Never attended, would like to",28,36,Level of participation,Observational only,9,32.1
Event relationship,"Never attended, would like to",28,36,Level of participation,Moderately active participation,3,10.7
Event relationship,"Never attended, would like to",28,36,Level of participation,Inactive,3,10.7
Event relationship,"Never attended, would like to",28,36,Level of participation,Do not participate / Not applicable,2,7.1
Event relationship,"Never attended, would like to",28,36,Level of participation,Very active participation,1,3.6
Event relationship,"Never attended, would like to",28,19,Considers self a contributor,Neutral,9,32.1
Event relationship,"Never attended, would like to",28,19,Considers self a contributor,Strongly disagree,8,28.6
Event relationship,"Never attended, would like to",28,19,Considers self a contributor,Disagree,5,17.9
Event relationship,"Never attended, would like to",28,19,Considers self a contributor,Agree,5,17.9
Event relationship,"Never attended, would like to",28,19,Considers self a contributor,Strongly agree,1,3.6
Event relationship,"Never attended, would like to",28,22,Considers self a community member,Agree,18,64.3
Event relationship,"Never attended, would like to",28,22,Considers self a community member,Neutral,6,21.4
Event relationship,"Never attended, would like to",28,22,Considers self a community member,Strongly disagree,2,7.1
Event relationship,"Never attended, would like to",28,22,Considers self a community member,Strongly agree,1,3.6
Event relationship,"Never attended, would like to",28,22,Considers self a community member,Disagree,1,3.6
Event relationship,"Never attended, would like to",28,15,Ever paid for participation,No - I am not paid for any of my participation in WordPress,19,67.9
Event relationship,"Never attended, would like to",28,15,Ever paid for participation,Yes directly - Some or all of my work duties include participating in WordPress,8,28.6
Event relationship,"Never attended, would like to",28,15,Ever paid for participation,Yes indirectly - I participate in WordPress for work but am not required to do so,1,3.6
Event relationship,"Never attended, would like to",28,71,AI impact so far,AI has had a negative impact on my work or income,10,35.7
Event relationship,"Never attended, would like to",28,71,AI impact so far,AI has had a positive impact on my work or income,10,35.7
Event relationship,"Never attended, would like to",28,71,AI impact so far,AI has not significantly impacted my work or income,7,25.0
Event relationship,"Never attended, would like to",28,71,AI impact so far,Other (please describe),1,3.6
Event relationship,"Never attended, would like to",28,73,AI impact expected,AI will probably negatively impact my work or income in the future,14,50.0
Event relationship,"Never attended, would like to",28,73,AI impact expected,AI will probably positively impact my work or income in the future,9,32.1
Event relationship,"Never attended, would like to",28,73,AI impact expected,AI will probably not impact my work or income in the future,3,10.7
Event relationship,"Never attended, would like to",28,73,AI impact expected,Other (please describe),2,7.1
Event relationship,"Never attended, would like to",28,29,Sentiment toward WordPress changed,Yes,18,64.3
Event relationship,"Never attended, would like to",28,29,Sentiment toward WordPress changed,No,10,35.7
Event relationship,"Never attended, would like to",28,50,Events important to me,Neutral,18,64.3
Event relationship,"Never attended, would like to",28,50,Events important to me,Disagree,5,17.9
Event relationship,"Never attended, would like to",28,50,Events important to me,Agree,4,14.3
Event relationship,"Never attended, would like to",28,50,Events important to me,Strongly agree,1,3.6
Event relationship,"Never attended, would like to",28,23,Tenure (current members),10-15 years,9,32.1
Event relationship,"Never attended, would like to",28,23,Tenure (current members),15+ years,6,21.4
Event relationship,"Never attended, would like to",28,23,Tenure (current members),6-10 years,2,7.1
Event relationship,"Never attended, would like to",28,23,Tenure (current members),1-2 years,1,3.6
Event relationship,"Never attended, would like to",28,23,Tenure (current members),3-6 years,1,3.6
Event relationship,"Never attended, would like to",28,25,Tenure (former members),15+ years,2,7.1
Event relationship,"Never attended, would like to",28,25,Tenure (former members),Less than 1 year,1,3.6
Contribution type,No contribution work,197,28,Sentiment: WordPress now,Negative,57,28.9
Contribution type,No contribution work,197,28,Sentiment: WordPress now,Neutral / Unsure,52,26.4
Contribution type,No contribution work,197,28,Sentiment: WordPress now,Positive,46,23.4
Contribution type,No contribution work,197,28,Sentiment: WordPress now,Very negative,34,17.3
Contribution type,No contribution work,197,28,Sentiment: WordPress now,Very positive,8,4.1
Contribution type,No contribution work,197,31,Sentiment: WordPress future,Neutral / Unsure,72,36.5
Contribution type,No contribution work,197,31,Sentiment: WordPress future,Negative,67,34.0
Contribution type,No contribution work,197,31,Sentiment: WordPress future,Very negative,29,14.7
Contribution type,No contribution work,197,31,Sentiment: WordPress future,Positive,24,12.2
Contribution type,No contribution work,197,31,Sentiment: WordPress future,Very positive,5,2.5
Contribution type,No contribution work,197,59,Sentiment: open source software,Positive,80,40.6
Contribution type,No contribution work,197,59,Sentiment: open source software,Very positive,80,40.6
Contribution type,No contribution work,197,59,Sentiment: open source software,Neutral / Unsure,28,14.2
Contribution type,No contribution work,197,59,Sentiment: open source software,Negative,5,2.5
Contribution type,No contribution work,197,59,Sentiment: open source software,Very negative,4,2.0
Contribution type,No contribution work,197,68,Sentiment: AI in WordPress,Very negative,112,56.9
Contribution type,No contribution work,197,68,Sentiment: AI in WordPress,Neutral / Unsure,50,25.4
Contribution type,No contribution work,197,68,Sentiment: AI in WordPress,Negative,23,11.7
Contribution type,No contribution work,197,68,Sentiment: AI in WordPress,Positive,8,4.1
Contribution type,No contribution work,197,68,Sentiment: AI in WordPress,Very positive,4,2.0
Contribution type,No contribution work,197,69,Sentiment: AI in web development,Very negative,101,51.3
Contribution type,No contribution work,197,69,Sentiment: AI in web development,Neutral / Unsure,37,18.8
Contribution type,No contribution work,197,69,Sentiment: AI in web development,Positive,28,14.2
Contribution type,No contribution work,197,69,Sentiment: AI in web development,Negative,18,9.1
Contribution type,No contribution work,197,69,Sentiment: AI in web development,Very positive,13,6.6
Contribution type,No contribution work,197,37,Change in participation,No change / About the same,119,60.4
Contribution type,No contribution work,197,37,Change in participation,Decreased,42,21.3
Contribution type,No contribution work,197,37,Change in participation,Significantly decreased,26,13.2
Contribution type,No contribution work,197,37,Change in participation,Increased,7,3.6
Contribution type,No contribution work,197,37,Change in participation,Significantly increased,3,1.5
Contribution type,No contribution work,197,36,Level of participation,Observational only,75,38.1
Contribution type,No contribution work,197,36,Level of participation,Occasional participation,49,24.9
Contribution type,No contribution work,197,36,Level of participation,Do not participate / Not applicable,33,16.8
Contribution type,No contribution work,197,36,Level of participation,Inactive,31,15.7
Contribution type,No contribution work,197,36,Level of participation,Moderately active participation,8,4.1
Contribution type,No contribution work,197,36,Level of participation,Very active participation,1,0.5
Contribution type,No contribution work,197,19,Considers self a contributor,Strongly disagree,72,36.5
Contribution type,No contribution work,197,19,Considers self a contributor,Disagree,62,31.5
Contribution type,No contribution work,197,19,Considers self a contributor,Neutral,47,23.9
Contribution type,No contribution work,197,19,Considers self a contributor,Agree,15,7.6
Contribution type,No contribution work,197,19,Considers self a contributor,Strongly agree,1,0.5
Contribution type,No contribution work,197,22,Considers self a community member,Agree,81,41.1
Contribution type,No contribution work,197,22,Considers self a community member,Neutral,54,27.4
Contribution type,No contribution work,197,22,Considers self a community member,Disagree,31,15.7
Contribution type,No contribution work,197,22,Considers self a community member,Strongly disagree,16,8.1
Contribution type,No contribution work,197,22,Considers self a community member,Strongly agree,15,7.6
Contribution type,No contribution work,197,15,Ever paid for participation,No - I am not paid for any of my participation in WordPress,138,70.1
Contribution type,No contribution work,197,15,Ever paid for participation,Yes directly - Some or all of my work duties include participating in WordPress,39,19.8
Contribution type,No contribution work,197,15,Ever paid for participation,Yes indirectly - I participate in WordPress for work but am not required to do so,20,10.2
Contribution type,No contribution work,197,51,Relationship to official events,I have not attended any WordPress events and I'm not interested in attending,100,50.8
Contribution type,No contribution work,197,51,Relationship to official events,I used to participate in WordPress events but I no longer do,45,22.8
Contribution type,No contribution work,197,51,Relationship to official events,I participate in WordPress events annually or occasionally,22,11.2
Contribution type,No contribution work,197,51,Relationship to official events,I have not attended any WordPress events but I'd like to or am planning to,20,10.2
Contribution type,No contribution work,197,51,Relationship to official events,I participate in WordPress events multiple times per year,6,3.0
Contribution type,No contribution work,197,51,Relationship to official events,Other (please describe),4,2.0
Contribution type,No contribution work,197,71,AI impact so far,AI has not significantly impacted my work or income,69,35.0
Contribution type,No contribution work,197,71,AI impact so far,AI has had a negative impact on my work or income,67,34.0
Contribution type,No contribution work,197,71,AI impact so far,AI has had a positive impact on my work or income,50,25.4
Contribution type,No contribution work,197,71,AI impact so far,Other (please describe),11,5.6
Contribution type,No contribution work,197,73,AI impact expected,AI will probably negatively impact my work or income in the future,108,54.8
Contribution type,No contribution work,197,73,AI impact expected,AI will probably positively impact my work or income in the future,49,24.9
Contribution type,No contribution work,197,73,AI impact expected,AI will probably not impact my work or income in the future,27,13.7
Contribution type,No contribution work,197,73,AI impact expected,Other (please describe),13,6.6
Contribution type,No contribution work,197,29,Sentiment toward WordPress changed,Yes,148,75.1
Contribution type,No contribution work,197,29,Sentiment toward WordPress changed,No,49,24.9
Contribution type,No contribution work,197,50,Events important to me,Strongly disagree,63,32.0
Contribution type,No contribution work,197,50,Events important to me,Disagree,48,24.4
Contribution type,No contribution work,197,50,Events important to me,Neutral,44,22.3
Contribution type,No contribution work,197,50,Events important to me,Agree,34,17.3
Contribution type,No contribution work,197,50,Events important to me,Strongly agree,8,4.1
Contribution type,No contribution work,197,23,Tenure (current members),10-15 years,40,20.3
Contribution type,No contribution work,197,23,Tenure (current members),15+ years,30,15.2
Contribution type,No contribution work,197,23,Tenure (current members),6-10 years,11,5.6
Contribution type,No contribution work,197,23,Tenure (current members),3-6 years,10,5.1
Contribution type,No contribution work,197,23,Tenure (current members),1-2 years,4,2.0
Contribution type,No contribution work,197,23,Tenure (current members),Less than 1 year,1,0.5
Contribution type,No contribution work,197,25,Tenure (former members),1-2 years,9,4.6
Contribution type,No contribution work,197,25,Tenure (former members),3-6 years,7,3.6
Contribution type,No contribution work,197,25,Tenure (former members),15+ years,7,3.6
Contribution type,No contribution work,197,25,Tenure (former members),6-10 years,6,3.0
Contribution type,No contribution work,197,25,Tenure (former members),10-15 years,5,2.5
Contribution type,No contribution work,197,25,Tenure (former members),Less than 1 year,5,2.5
Contribution type,Community and code work,112,28,Sentiment: WordPress now,Positive,40,35.7
Contribution type,Community and code work,112,28,Sentiment: WordPress now,Neutral / Unsure,34,30.4
Contribution type,Community and code work,112,28,Sentiment: WordPress now,Negative,23,20.5
Contribution type,Community and code work,112,28,Sentiment: WordPress now,Very negative,9,8.0
Contribution type,Community and code work,112,28,Sentiment: WordPress now,Very positive,6,5.4
Contribution type,Community and code work,112,31,Sentiment: WordPress future,Neutral / Unsure,40,35.7
Contribution type,Community and code work,112,31,Sentiment: WordPress future,Positive,36,32.1
Contribution type,Community and code work,112,31,Sentiment: WordPress future,Negative,19,17.0
Contribution type,Community and code work,112,31,Sentiment: WordPress future,Very negative,10,8.9
Contribution type,Community and code work,112,31,Sentiment: WordPress future,Very positive,7,6.2
Contribution type,Community and code work,112,59,Sentiment: open source software,Positive,49,43.8
Contribution type,Community and code work,112,59,Sentiment: open source software,Very positive,45,40.2
Contribution type,Community and code work,112,59,Sentiment: open source software,Neutral / Unsure,14,12.5
Contribution type,Community and code work,112,59,Sentiment: open source software,Negative,4,3.6
Contribution type,Community and code work,112,68,Sentiment: AI in WordPress,Neutral / Unsure,47,42.0
Contribution type,Community and code work,112,68,Sentiment: AI in WordPress,Positive,24,21.4
Contribution type,Community and code work,112,68,Sentiment: AI in WordPress,Very negative,19,17.0
Contribution type,Community and code work,112,68,Sentiment: AI in WordPress,Negative,16,14.3
Contribution type,Community and code work,112,68,Sentiment: AI in WordPress,Very positive,6,5.4
Contribution type,Community and code work,112,69,Sentiment: AI in web development,Positive,35,31.2
Contribution type,Community and code work,112,69,Sentiment: AI in web development,Neutral / Unsure,25,22.3
Contribution type,Community and code work,112,69,Sentiment: AI in web development,Very positive,21,18.8
Contribution type,Community and code work,112,69,Sentiment: AI in web development,Very negative,16,14.3
Contribution type,Community and code work,112,69,Sentiment: AI in web development,Negative,15,13.4
Contribution type,Community and code work,112,37,Change in participation,No change / About the same,37,33.0
Contribution type,Community and code work,112,37,Change in participation,Significantly decreased,28,25.0
Contribution type,Community and code work,112,37,Change in participation,Decreased,25,22.3
Contribution type,Community and code work,112,37,Change in participation,Increased,13,11.6
Contribution type,Community and code work,112,37,Change in participation,Significantly increased,9,8.0
Contribution type,Community and code work,112,36,Level of participation,Moderately active participation,36,32.1
Contribution type,Community and code work,112,36,Level of participation,Occasional participation,34,30.4
Contribution type,Community and code work,112,36,Level of participation,Very active participation,29,25.9
Contribution type,Community and code work,112,36,Level of participation,Observational only,10,8.9
Contribution type,Community and code work,112,36,Level of participation,Do not participate / Not applicable,2,1.8
Contribution type,Community and code work,112,36,Level of participation,Inactive,1,0.9
Contribution type,Community and code work,112,19,Considers self a contributor,Strongly agree,55,49.1
Contribution type,Community and code work,112,19,Considers self a contributor,Agree,42,37.5
Contribution type,Community and code work,112,19,Considers self a contributor,Neutral,9,8.0
Contribution type,Community and code work,112,19,Considers self a contributor,Disagree,3,2.7
Contribution type,Community and code work,112,19,Considers self a contributor,Strongly disagree,3,2.7
Contribution type,Community and code work,112,22,Considers self a community member,Strongly agree,73,65.2
Contribution type,Community and code work,112,22,Considers self a community member,Agree,30,26.8
Contribution type,Community and code work,112,22,Considers self a community member,Neutral,7,6.2
Contribution type,Community and code work,112,22,Considers self a community member,Disagree,1,0.9
Contribution type,Community and code work,112,22,Considers self a community member,Strongly disagree,1,0.9
Contribution type,Community and code work,112,15,Ever paid for participation,No - I am not paid for any of my participation in WordPress,49,43.8
Contribution type,Community and code work,112,15,Ever paid for participation,Yes directly - Some or all of my work duties include participating in WordPress,42,37.5
Contribution type,Community and code work,112,15,Ever paid for participation,Yes indirectly - I participate in WordPress for work but am not required to do so,21,18.8
Contribution type,Community and code work,112,51,Relationship to official events,I participate in WordPress events multiple times per year,54,48.2
Contribution type,Community and code work,112,51,Relationship to official events,I participate in WordPress events annually or occasionally,32,28.6
Contribution type,Community and code work,112,51,Relationship to official events,I used to participate in WordPress events but I no longer do,17,15.2
Contribution type,Community and code work,112,51,Relationship to official events,I have not attended any WordPress events and I'm not interested in attending,6,5.4
Contribution type,Community and code work,112,51,Relationship to official events,Other (please describe),2,1.8
Contribution type,Community and code work,112,51,Relationship to official events,I have not attended any WordPress events but I'd like to or am planning to,1,0.9
Contribution type,Community and code work,112,71,AI impact so far,AI has had a positive impact on my work or income,46,41.1
Contribution type,Community and code work,112,71,AI impact so far,AI has not significantly impacted my work or income,40,35.7
Contribution type,Community and code work,112,71,AI impact so far,AI has had a negative impact on my work or income,15,13.4
Contribution type,Community and code work,112,71,AI impact so far,Other (please describe),11,9.8
Contribution type,Community and code work,112,73,AI impact expected,AI will probably positively impact my work or income in the future,52,46.4
Contribution type,Community and code work,112,73,AI impact expected,AI will probably negatively impact my work or income in the future,37,33.0
Contribution type,Community and code work,112,73,AI impact expected,AI will probably not impact my work or income in the future,15,13.4
Contribution type,Community and code work,112,73,AI impact expected,Other (please describe),8,7.1
Contribution type,Community and code work,112,29,Sentiment toward WordPress changed,Yes,89,79.5
Contribution type,Community and code work,112,29,Sentiment toward WordPress changed,No,23,20.5
Contribution type,Community and code work,112,50,Events important to me,Strongly agree,52,46.4
Contribution type,Community and code work,112,50,Events important to me,Agree,34,30.4
Contribution type,Community and code work,112,50,Events important to me,Neutral,13,11.6
Contribution type,Community and code work,112,50,Events important to me,Strongly disagree,9,8.0
Contribution type,Community and code work,112,50,Events important to me,Disagree,4,3.6
Contribution type,Community and code work,112,23,Tenure (current members),15+ years,57,50.9
Contribution type,Community and code work,112,23,Tenure (current members),10-15 years,29,25.9
Contribution type,Community and code work,112,23,Tenure (current members),6-10 years,13,11.6
Contribution type,Community and code work,112,23,Tenure (current members),3-6 years,4,3.6
Contribution type,Community and code work,112,25,Tenure (former members),10-15 years,3,2.7
Contribution type,Community and code work,112,25,Tenure (former members),6-10 years,2,1.8
Contribution type,Community and code work,112,25,Tenure (former members),1-2 years,1,0.9
Contribution type,Community and code work,112,25,Tenure (former members),15+ years,1,0.9
Contribution type,Community and code work,112,25,Tenure (former members),3-6 years,1,0.9
Contribution type,Community work only,87,28,Sentiment: WordPress now,Neutral / Unsure,28,32.2
Contribution type,Community work only,87,28,Sentiment: WordPress now,Negative,24,27.6
Contribution type,Community work only,87,28,Sentiment: WordPress now,Positive,23,26.4
Contribution type,Community work only,87,28,Sentiment: WordPress now,Very positive,6,6.9
Contribution type,Community work only,87,28,Sentiment: WordPress now,Very negative,6,6.9
Contribution type,Community work only,87,31,Sentiment: WordPress future,Neutral / Unsure,34,39.1
Contribution type,Community work only,87,31,Sentiment: WordPress future,Negative,26,29.9
Contribution type,Community work only,87,31,Sentiment: WordPress future,Positive,14,16.1
Contribution type,Community work only,87,31,Sentiment: WordPress future,Very positive,8,9.2
Contribution type,Community work only,87,31,Sentiment: WordPress future,Very negative,5,5.7
Contribution type,Community work only,87,59,Sentiment: open source software,Positive,38,43.7
Contribution type,Community work only,87,59,Sentiment: open source software,Very positive,34,39.1
Contribution type,Community work only,87,59,Sentiment: open source software,Neutral / Unsure,14,16.1
Contribution type,Community work only,87,59,Sentiment: open source software,Negative,1,1.1
Contribution type,Community work only,87,68,Sentiment: AI in WordPress,Neutral / Unsure,34,39.1
Contribution type,Community work only,87,68,Sentiment: AI in WordPress,Very negative,18,20.7
Contribution type,Community work only,87,68,Sentiment: AI in WordPress,Positive,17,19.5
Contribution type,Community work only,87,68,Sentiment: AI in WordPress,Negative,12,13.8
Contribution type,Community work only,87,68,Sentiment: AI in WordPress,Very positive,6,6.9
Contribution type,Community work only,87,69,Sentiment: AI in web development,Positive,25,28.7
Contribution type,Community work only,87,69,Sentiment: AI in web development,Neutral / Unsure,17,19.5
Contribution type,Community work only,87,69,Sentiment: AI in web development,Very positive,16,18.4
Contribution type,Community work only,87,69,Sentiment: AI in web development,Very negative,16,18.4
Contribution type,Community work only,87,69,Sentiment: AI in web development,Negative,13,14.9
Contribution type,Community work only,87,37,Change in participation,No change / About the same,31,35.6
Contribution type,Community work only,87,37,Change in participation,Increased,19,21.8
Contribution type,Community work only,87,37,Change in participation,Decreased,19,21.8
Contribution type,Community work only,87,37,Change in participation,Significantly decreased,13,14.9
Contribution type,Community work only,87,37,Change in participation,Significantly increased,5,5.7
Contribution type,Community work only,87,36,Level of participation,Occasional participation,37,42.5
Contribution type,Community work only,87,36,Level of participation,Moderately active participation,26,29.9
Contribution type,Community work only,87,36,Level of participation,Very active participation,13,14.9
Contribution type,Community work only,87,36,Level of participation,Observational only,9,10.3
Contribution type,Community work only,87,36,Level of participation,Inactive,2,2.3
Contribution type,Community work only,87,19,Considers self a contributor,Agree,29,33.3
Contribution type,Community work only,87,19,Considers self a contributor,Neutral,25,28.7
Contribution type,Community work only,87,19,Considers self a contributor,Disagree,16,18.4
Contribution type,Community work only,87,19,Considers self a contributor,Strongly agree,13,14.9
Contribution type,Community work only,87,19,Considers self a contributor,Strongly disagree,4,4.6
Contribution type,Community work only,87,22,Considers self a community member,Strongly agree,44,50.6
Contribution type,Community work only,87,22,Considers self a community member,Agree,36,41.4
Contribution type,Community work only,87,22,Considers self a community member,Neutral,5,5.7
Contribution type,Community work only,87,22,Considers self a community member,Disagree,2,2.3
Contribution type,Community work only,87,15,Ever paid for participation,No - I am not paid for any of my participation in WordPress,45,51.7
Contribution type,Community work only,87,15,Ever paid for participation,Yes directly - Some or all of my work duties include participating in WordPress,27,31.0
Contribution type,Community work only,87,15,Ever paid for participation,Yes indirectly - I participate in WordPress for work but am not required to do so,15,17.2
Contribution type,Community work only,87,51,Relationship to official events,I participate in WordPress events multiple times per year,27,31.0
Contribution type,Community work only,87,51,Relationship to official events,I used to participate in WordPress events but I no longer do,22,25.3
Contribution type,Community work only,87,51,Relationship to official events,I participate in WordPress events annually or occasionally,20,23.0
Contribution type,Community work only,87,51,Relationship to official events,I have not attended any WordPress events and I'm not interested in attending,11,12.6
Contribution type,Community work only,87,51,Relationship to official events,I have not attended any WordPress events but I'd like to or am planning to,7,8.0
Contribution type,Community work only,87,71,AI impact so far,AI has had a positive impact on my work or income,45,51.7
Contribution type,Community work only,87,71,AI impact so far,AI has had a negative impact on my work or income,23,26.4
Contribution type,Community work only,87,71,AI impact so far,AI has not significantly impacted my work or income,14,16.1
Contribution type,Community work only,87,71,AI impact so far,Other (please describe),5,5.7
Contribution type,Community work only,87,73,AI impact expected,AI will probably negatively impact my work or income in the future,39,44.8
Contribution type,Community work only,87,73,AI impact expected,AI will probably positively impact my work or income in the future,36,41.4
Contribution type,Community work only,87,73,AI impact expected,Other (please describe),9,10.3
Contribution type,Community work only,87,73,AI impact expected,AI will probably not impact my work or income in the future,3,3.4
Contribution type,Community work only,87,29,Sentiment toward WordPress changed,Yes,72,82.8
Contribution type,Community work only,87,29,Sentiment toward WordPress changed,No,15,17.2
Contribution type,Community work only,87,50,Events important to me,Strongly agree,28,32.2
Contribution type,Community work only,87,50,Events important to me,Agree,27,31.0
Contribution type,Community work only,87,50,Events important to me,Neutral,16,18.4
Contribution type,Community work only,87,50,Events important to me,Disagree,9,10.3
Contribution type,Community work only,87,50,Events important to me,Strongly disagree,7,8.0
Contribution type,Community work only,87,23,Tenure (current members),10-15 years,31,35.6
Contribution type,Community work only,87,23,Tenure (current members),15+ years,27,31.0
Contribution type,Community work only,87,23,Tenure (current members),6-10 years,17,19.5
Contribution type,Community work only,87,23,Tenure (current members),3-6 years,4,4.6
Contribution type,Community work only,87,23,Tenure (current members),1-2 years,1,1.1
Contribution type,Community work only,87,25,Tenure (former members),3-6 years,3,3.4
Contribution type,Community work only,87,25,Tenure (former members),10-15 years,2,2.3
Contribution type,Community work only,87,25,Tenure (former members),Less than 1 year,1,1.1
Contribution type,Code / project work only,35,28,Sentiment: WordPress now,Neutral / Unsure,12,34.3
Contribution type,Code / project work only,35,28,Sentiment: WordPress now,Positive,12,34.3
Contribution type,Code / project work only,35,28,Sentiment: WordPress now,Negative,7,20.0
Contribution type,Code / project work only,35,28,Sentiment: WordPress now,Very negative,4,11.4
Contribution type,Code / project work only,35,31,Sentiment: WordPress future,Neutral / Unsure,12,34.3
Contribution type,Code / project work only,35,31,Sentiment: WordPress future,Positive,9,25.7
Contribution type,Code / project work only,35,31,Sentiment: WordPress future,Negative,9,25.7
Contribution type,Code / project work only,35,31,Sentiment: WordPress future,Very negative,3,8.6
Contribution type,Code / project work only,35,31,Sentiment: WordPress future,Very positive,2,5.7
Contribution type,Code / project work only,35,59,Sentiment: open source software,Positive,15,42.9
Contribution type,Code / project work only,35,59,Sentiment: open source software,Very positive,11,31.4
Contribution type,Code / project work only,35,59,Sentiment: open source software,Neutral / Unsure,6,17.1
Contribution type,Code / project work only,35,59,Sentiment: open source software,Negative,3,8.6
Contribution type,Code / project work only,35,68,Sentiment: AI in WordPress,Neutral / Unsure,12,34.3
Contribution type,Code / project work only,35,68,Sentiment: AI in WordPress,Very negative,8,22.9
Contribution type,Code / project work only,35,68,Sentiment: AI in WordPress,Positive,7,20.0
Contribution type,Code / project work only,35,68,Sentiment: AI in WordPress,Negative,7,20.0
Contribution type,Code / project work only,35,68,Sentiment: AI in WordPress,Very positive,1,2.9
Contribution type,Code / project work only,35,69,Sentiment: AI in web development,Neutral / Unsure,10,28.6
Contribution type,Code / project work only,35,69,Sentiment: AI in web development,Negative,7,20.0
Contribution type,Code / project work only,35,69,Sentiment: AI in web development,Positive,7,20.0
Contribution type,Code / project work only,35,69,Sentiment: AI in web development,Very negative,7,20.0
Contribution type,Code / project work only,35,69,Sentiment: AI in web development,Very positive,4,11.4
Contribution type,Code / project work only,35,37,Change in participation,No change / About the same,12,34.3
Contribution type,Code / project work only,35,37,Change in participation,Increased,9,25.7
Contribution type,Code / project work only,35,37,Change in participation,Decreased,8,22.9
Contribution type,Code / project work only,35,37,Change in participation,Significantly decreased,6,17.1
Contribution type,Code / project work only,35,36,Level of participation,Occasional participation,24,68.6
Contribution type,Code / project work only,35,36,Level of participation,Moderately active participation,6,17.1
Contribution type,Code / project work only,35,36,Level of participation,Observational only,3,8.6
Contribution type,Code / project work only,35,36,Level of participation,Inactive,1,2.9
Contribution type,Code / project work only,35,36,Level of participation,Very active participation,1,2.9
Contribution type,Code / project work only,35,19,Considers self a contributor,Agree,19,54.3
Contribution type,Code / project work only,35,19,Considers self a contributor,Neutral,9,25.7
Contribution type,Code / project work only,35,19,Considers self a contributor,Strongly agree,7,20.0
Contribution type,Code / project work only,35,22,Considers self a community member,Agree,19,54.3
Contribution type,Code / project work only,35,22,Considers self a community member,Strongly agree,10,28.6
Contribution type,Code / project work only,35,22,Considers self a community member,Neutral,4,11.4
Contribution type,Code / project work only,35,22,Considers self a community member,Disagree,2,5.7
Contribution type,Code / project work only,35,15,Ever paid for participation,No - I am not paid for any of my participation in WordPress,16,45.7
Contribution type,Code / project work only,35,15,Ever paid for participation,Yes indirectly - I participate in WordPress for work but am not required to do so,11,31.4
Contribution type,Code / project work only,35,15,Ever paid for participation,Yes directly - Some or all of my work duties include participating in WordPress,8,22.9
Contribution type,Code / project work only,35,51,Relationship to official events,I participate in WordPress events annually or occasionally,16,45.7
Contribution type,Code / project work only,35,51,Relationship to official events,I used to participate in WordPress events but I no longer do,10,28.6
Contribution type,Code / project work only,35,51,Relationship to official events,I participate in WordPress events multiple times per year,4,11.4
Contribution type,Code / project work only,35,51,Relationship to official events,I have not attended any WordPress events and I'm not interested in attending,3,8.6
Contribution type,Code / project work only,35,51,Relationship to official events,Other (please describe),2,5.7
Contribution type,Code / project work only,35,71,AI impact so far,AI has not significantly impacted my work or income,18,51.4
Contribution type,Code / project work only,35,71,AI impact so far,AI has had a positive impact on my work or income,12,34.3
Contribution type,Code / project work only,35,71,AI impact so far,AI has had a negative impact on my work or income,5,14.3
Contribution type,Code / project work only,35,73,AI impact expected,AI will probably negatively impact my work or income in the future,19,54.3
Contribution type,Code / project work only,35,73,AI impact expected,AI will probably positively impact my work or income in the future,8,22.9
Contribution type,Code / project work only,35,73,AI impact expected,AI will probably not impact my work or income in the future,6,17.1
Contribution type,Code / project work only,35,73,AI impact expected,Other (please describe),2,5.7
Contribution type,Code / project work only,35,29,Sentiment toward WordPress changed,Yes,24,68.6
Contribution type,Code / project work only,35,29,Sentiment toward WordPress changed,No,11,31.4
Contribution type,Code / project work only,35,50,Events important to me,Agree,14,40.0
Contribution type,Code / project work only,35,50,Events important to me,Disagree,7,20.0
Contribution type,Code / project work only,35,50,Events important to me,Strongly disagree,5,14.3
Contribution type,Code / project work only,35,50,Events important to me,Neutral,5,14.3
Contribution type,Code / project work only,35,50,Events important to me,Strongly agree,4,11.4
Contribution type,Code / project work only,35,23,Tenure (current members),15+ years,13,37.1
Contribution type,Code / project work only,35,23,Tenure (current members),10-15 years,10,28.6
Contribution type,Code / project work only,35,23,Tenure (current members),6-10 years,6,17.1
Contribution type,Code / project work only,35,25,Tenure (former members),10-15 years,2,5.7
Contribution type,Code / project work only,35,25,Tenure (former members),6-10 years,1,2.9
Contributor identity,Agree,105,28,Sentiment: WordPress now,Neutral / Unsure,38,36.2
Contributor identity,Agree,105,28,Sentiment: WordPress now,Positive,30,28.6
Contributor identity,Agree,105,28,Sentiment: WordPress now,Negative,26,24.8
Contributor identity,Agree,105,28,Sentiment: WordPress now,Very negative,7,6.7
Contributor identity,Agree,105,28,Sentiment: WordPress now,Very positive,4,3.8
Contributor identity,Agree,105,31,Sentiment: WordPress future,Neutral / Unsure,41,39.0
Contributor identity,Agree,105,31,Sentiment: WordPress future,Negative,24,22.9
Contributor identity,Agree,105,31,Sentiment: WordPress future,Positive,23,21.9
Contributor identity,Agree,105,31,Sentiment: WordPress future,Very negative,10,9.5
Contributor identity,Agree,105,31,Sentiment: WordPress future,Very positive,7,6.7
Contributor identity,Agree,105,59,Sentiment: open source software,Positive,46,43.8
Contributor identity,Agree,105,59,Sentiment: open source software,Very positive,36,34.3
Contributor identity,Agree,105,59,Sentiment: open source software,Neutral / Unsure,20,19.0
Contributor identity,Agree,105,59,Sentiment: open source software,Negative,3,2.9
Contributor identity,Agree,105,68,Sentiment: AI in WordPress,Neutral / Unsure,39,37.1
Contributor identity,Agree,105,68,Sentiment: AI in WordPress,Negative,21,20.0
Contributor identity,Agree,105,68,Sentiment: AI in WordPress,Very negative,21,20.0
Contributor identity,Agree,105,68,Sentiment: AI in WordPress,Positive,19,18.1
Contributor identity,Agree,105,68,Sentiment: AI in WordPress,Very positive,5,4.8
Contributor identity,Agree,105,69,Sentiment: AI in web development,Positive,30,28.6
Contributor identity,Agree,105,69,Sentiment: AI in web development,Neutral / Unsure,20,19.0
Contributor identity,Agree,105,69,Sentiment: AI in web development,Very positive,20,19.0
Contributor identity,Agree,105,69,Sentiment: AI in web development,Negative,18,17.1
Contributor identity,Agree,105,69,Sentiment: AI in web development,Very negative,17,16.2
Contributor identity,Agree,105,37,Change in participation,No change / About the same,32,30.5
Contributor identity,Agree,105,37,Change in participation,Decreased,24,22.9
Contributor identity,Agree,105,37,Change in participation,Significantly decreased,23,21.9
Contributor identity,Agree,105,37,Change in participation,Increased,20,19.0
Contributor identity,Agree,105,37,Change in participation,Significantly increased,6,5.7
Contributor identity,Agree,105,36,Level of participation,Occasional participation,48,45.7
Contributor identity,Agree,105,36,Level of participation,Moderately active participation,32,30.5
Contributor identity,Agree,105,36,Level of participation,Observational only,13,12.4
Contributor identity,Agree,105,36,Level of participation,Very active participation,9,8.6
Contributor identity,Agree,105,36,Level of participation,Inactive,2,1.9
Contributor identity,Agree,105,36,Level of participation,Do not participate / Not applicable,1,1.0
Contributor identity,Agree,105,22,Considers self a community member,Agree,54,51.4
Contributor identity,Agree,105,22,Considers self a community member,Strongly agree,41,39.0
Contributor identity,Agree,105,22,Considers self a community member,Neutral,9,8.6
Contributor identity,Agree,105,22,Considers self a community member,Disagree,1,1.0
Contributor identity,Agree,105,15,Ever paid for participation,No - I am not paid for any of my participation in WordPress,56,53.3
Contributor identity,Agree,105,15,Ever paid for participation,Yes directly - Some or all of my work duties include participating in WordPress,28,26.7
Contributor identity,Agree,105,15,Ever paid for participation,Yes indirectly - I participate in WordPress for work but am not required to do so,21,20.0
Contributor identity,Agree,105,51,Relationship to official events,I participate in WordPress events annually or occasionally,35,33.3
Contributor identity,Agree,105,51,Relationship to official events,I participate in WordPress events multiple times per year,28,26.7
Contributor identity,Agree,105,51,Relationship to official events,I used to participate in WordPress events but I no longer do,26,24.8
Contributor identity,Agree,105,51,Relationship to official events,I have not attended any WordPress events and I'm not interested in attending,9,8.6
Contributor identity,Agree,105,51,Relationship to official events,I have not attended any WordPress events but I'd like to or am planning to,5,4.8
Contributor identity,Agree,105,51,Relationship to official events,Other (please describe),2,1.9
Contributor identity,Agree,105,71,AI impact so far,AI has had a positive impact on my work or income,45,42.9
Contributor identity,Agree,105,71,AI impact so far,AI has not significantly impacted my work or income,35,33.3
Contributor identity,Agree,105,71,AI impact so far,AI has had a negative impact on my work or income,21,20.0
Contributor identity,Agree,105,71,AI impact so far,Other (please describe),4,3.8
Contributor identity,Agree,105,73,AI impact expected,AI will probably negatively impact my work or income in the future,45,42.9
Contributor identity,Agree,105,73,AI impact expected,AI will probably positively impact my work or income in the future,40,38.1
Contributor identity,Agree,105,73,AI impact expected,AI will probably not impact my work or income in the future,12,11.4
Contributor identity,Agree,105,73,AI impact expected,Other (please describe),8,7.6
Contributor identity,Agree,105,29,Sentiment toward WordPress changed,Yes,87,82.9
Contributor identity,Agree,105,29,Sentiment toward WordPress changed,No,18,17.1
Contributor identity,Agree,105,50,Events important to me,Agree,42,40.0
Contributor identity,Agree,105,50,Events important to me,Strongly agree,28,26.7
Contributor identity,Agree,105,50,Events important to me,Neutral,18,17.1
Contributor identity,Agree,105,50,Events important to me,Disagree,9,8.6
Contributor identity,Agree,105,50,Events important to me,Strongly disagree,8,7.6
Contributor identity,Agree,105,23,Tenure (current members),15+ years,39,37.1
Contributor identity,Agree,105,23,Tenure (current members),10-15 years,32,30.5
Contributor identity,Agree,105,23,Tenure (current members),6-10 years,18,17.1
Contributor identity,Agree,105,23,Tenure (current members),3-6 years,4,3.8
Contributor identity,Agree,105,23,Tenure (current members),1-2 years,1,1.0
Contributor identity,Agree,105,23,Tenure (current members),Less than 1 year,1,1.0
Contributor identity,Agree,105,25,Tenure (former members),10-15 years,3,2.9
Contributor identity,Agree,105,25,Tenure (former members),1-2 years,1,1.0
Contributor identity,Agree,105,25,Tenure (former members),15+ years,1,1.0
Contributor identity,Agree,105,25,Tenure (former members),6-10 years,1,1.0
Contributor identity,Agree,105,25,Tenure (former members),3-6 years,1,1.0
Contributor identity,Neutral,90,28,Sentiment: WordPress now,Neutral / Unsure,27,30.0
Contributor identity,Neutral,90,28,Sentiment: WordPress now,Positive,23,25.6
Contributor identity,Neutral,90,28,Sentiment: WordPress now,Negative,21,23.3
Contributor identity,Neutral,90,28,Sentiment: WordPress now,Very negative,10,11.1
Contributor identity,Neutral,90,28,Sentiment: WordPress now,Very positive,9,10.0
Contributor identity,Neutral,90,31,Sentiment: WordPress future,Neutral / Unsure,35,38.9
Contributor identity,Neutral,90,31,Sentiment: WordPress future,Negative,26,28.9
Contributor identity,Neutral,90,31,Sentiment: WordPress future,Positive,17,18.9
Contributor identity,Neutral,90,31,Sentiment: WordPress future,Very positive,7,7.8
Contributor identity,Neutral,90,31,Sentiment: WordPress future,Very negative,5,5.6
Contributor identity,Neutral,90,59,Sentiment: open source software,Very positive,35,38.9
Contributor identity,Neutral,90,59,Sentiment: open source software,Positive,35,38.9
Contributor identity,Neutral,90,59,Sentiment: open source software,Neutral / Unsure,16,17.8
Contributor identity,Neutral,90,59,Sentiment: open source software,Negative,3,3.3
Contributor identity,Neutral,90,59,Sentiment: open source software,Very negative,1,1.1
Contributor identity,Neutral,90,68,Sentiment: AI in WordPress,Neutral / Unsure,33,36.7
Contributor identity,Neutral,90,68,Sentiment: AI in WordPress,Very negative,30,33.3
Contributor identity,Neutral,90,68,Sentiment: AI in WordPress,Positive,14,15.6
Contributor identity,Neutral,90,68,Sentiment: AI in WordPress,Negative,8,8.9
Contributor identity,Neutral,90,68,Sentiment: AI in WordPress,Very positive,5,5.6
Contributor identity,Neutral,90,69,Sentiment: AI in web development,Neutral / Unsure,25,27.8
Contributor identity,Neutral,90,69,Sentiment: AI in web development,Very negative,24,26.7
Contributor identity,Neutral,90,69,Sentiment: AI in web development,Positive,16,17.8
Contributor identity,Neutral,90,69,Sentiment: AI in web development,Very positive,14,15.6
Contributor identity,Neutral,90,69,Sentiment: AI in web development,Negative,11,12.2
Contributor identity,Neutral,90,37,Change in participation,No change / About the same,41,45.6
Contributor identity,Neutral,90,37,Change in participation,Decreased,34,37.8
Contributor identity,Neutral,90,37,Change in participation,Significantly decreased,8,8.9
Contributor identity,Neutral,90,37,Change in participation,Increased,6,6.7
Contributor identity,Neutral,90,37,Change in participation,Significantly increased,1,1.1
Contributor identity,Neutral,90,36,Level of participation,Occasional participation,44,48.9
Contributor identity,Neutral,90,36,Level of participation,Observational only,19,21.1
Contributor identity,Neutral,90,36,Level of participation,Moderately active participation,14,15.6
Contributor identity,Neutral,90,36,Level of participation,Inactive,6,6.7
Contributor identity,Neutral,90,36,Level of participation,Do not participate / Not applicable,4,4.4
Contributor identity,Neutral,90,36,Level of participation,Very active participation,3,3.3
Contributor identity,Neutral,90,22,Considers self a community member,Agree,44,48.9
Contributor identity,Neutral,90,22,Considers self a community member,Strongly agree,22,24.4
Contributor identity,Neutral,90,22,Considers self a community member,Neutral,19,21.1
Contributor identity,Neutral,90,22,Considers self a community member,Disagree,5,5.6
Contributor identity,Neutral,90,15,Ever paid for participation,No - I am not paid for any of my participation in WordPress,58,64.4
Contributor identity,Neutral,90,15,Ever paid for participation,Yes directly - Some or all of my work duties include participating in WordPress,19,21.1
Contributor identity,Neutral,90,15,Ever paid for participation,Yes indirectly - I participate in WordPress for work but am not required to do so,13,14.4
Contributor identity,Neutral,90,51,Relationship to official events,I participate in WordPress events annually or occasionally,24,26.7
Contributor identity,Neutral,90,51,Relationship to official events,I used to participate in WordPress events but I no longer do,22,24.4
Contributor identity,Neutral,90,51,Relationship to official events,I have not attended any WordPress events and I'm not interested in attending,21,23.3
Contributor identity,Neutral,90,51,Relationship to official events,I participate in WordPress events multiple times per year,12,13.3
Contributor identity,Neutral,90,51,Relationship to official events,I have not attended any WordPress events but I'd like to or am planning to,9,10.0
Contributor identity,Neutral,90,51,Relationship to official events,Other (please describe),2,2.2
Contributor identity,Neutral,90,71,AI impact so far,AI has had a positive impact on my work or income,34,37.8
Contributor identity,Neutral,90,71,AI impact so far,AI has not significantly impacted my work or income,27,30.0
Contributor identity,Neutral,90,71,AI impact so far,AI has had a negative impact on my work or income,24,26.7
Contributor identity,Neutral,90,71,AI impact so far,Other (please describe),5,5.6
Contributor identity,Neutral,90,73,AI impact expected,AI will probably negatively impact my work or income in the future,45,50.0
Contributor identity,Neutral,90,73,AI impact expected,AI will probably positively impact my work or income in the future,29,32.2
Contributor identity,Neutral,90,73,AI impact expected,Other (please describe),9,10.0
Contributor identity,Neutral,90,73,AI impact expected,AI will probably not impact my work or income in the future,7,7.8
Contributor identity,Neutral,90,29,Sentiment toward WordPress changed,Yes,63,70.0
Contributor identity,Neutral,90,29,Sentiment toward WordPress changed,No,27,30.0
Contributor identity,Neutral,90,50,Events important to me,Agree,27,30.0
Contributor identity,Neutral,90,50,Events important to me,Neutral,22,24.4
Contributor identity,Neutral,90,50,Events important to me,Disagree,15,16.7
Contributor identity,Neutral,90,50,Events important to me,Strongly disagree,13,14.4
Contributor identity,Neutral,90,50,Events important to me,Strongly agree,13,14.4
Contributor identity,Neutral,90,23,Tenure (current members),15+ years,25,27.8
Contributor identity,Neutral,90,23,Tenure (current members),10-15 years,23,25.6
Contributor identity,Neutral,90,23,Tenure (current members),6-10 years,12,13.3
Contributor identity,Neutral,90,23,Tenure (current members),1-2 years,3,3.3
Contributor identity,Neutral,90,23,Tenure (current members),3-6 years,3,3.3
Contributor identity,Neutral,90,25,Tenure (former members),6-10 years,3,3.3
Contributor identity,Neutral,90,25,Tenure (former members),Less than 1 year,2,2.2
Contributor identity,Neutral,90,25,Tenure (former members),10-15 years,2,2.2
Contributor identity,Neutral,90,25,Tenure (former members),15+ years,2,2.2
Contributor identity,Neutral,90,25,Tenure (former members),3-6 years,1,1.1
Contributor identity,Disagree,81,28,Sentiment: WordPress now,Negative,22,27.2
Contributor identity,Disagree,81,28,Sentiment: WordPress now,Positive,22,27.2
Contributor identity,Disagree,81,28,Sentiment: WordPress now,Neutral / Unsure,20,24.7
Contributor identity,Disagree,81,28,Sentiment: WordPress now,Very negative,15,18.5
Contributor identity,Disagree,81,28,Sentiment: WordPress now,Very positive,2,2.5
Contributor identity,Disagree,81,31,Sentiment: WordPress future,Negative,32,39.5
Contributor identity,Disagree,81,31,Sentiment: WordPress future,Neutral / Unsure,29,35.8
Contributor identity,Disagree,81,31,Sentiment: WordPress future,Very negative,12,14.8
Contributor identity,Disagree,81,31,Sentiment: WordPress future,Positive,7,8.6
Contributor identity,Disagree,81,31,Sentiment: WordPress future,Very positive,1,1.2
Contributor identity,Disagree,81,59,Sentiment: open source software,Positive,37,45.7
Contributor identity,Disagree,81,59,Sentiment: open source software,Very positive,29,35.8
Contributor identity,Disagree,81,59,Sentiment: open source software,Neutral / Unsure,11,13.6
Contributor identity,Disagree,81,59,Sentiment: open source software,Negative,3,3.7
Contributor identity,Disagree,81,59,Sentiment: open source software,Very negative,1,1.2
Contributor identity,Disagree,81,68,Sentiment: AI in WordPress,Very negative,45,55.6
Contributor identity,Disagree,81,68,Sentiment: AI in WordPress,Neutral / Unsure,21,25.9
Contributor identity,Disagree,81,68,Sentiment: AI in WordPress,Negative,12,14.8
Contributor identity,Disagree,81,68,Sentiment: AI in WordPress,Positive,3,3.7
Contributor identity,Disagree,81,69,Sentiment: AI in web development,Very negative,41,50.6
Contributor identity,Disagree,81,69,Sentiment: AI in web development,Neutral / Unsure,19,23.5
Contributor identity,Disagree,81,69,Sentiment: AI in web development,Positive,14,17.3
Contributor identity,Disagree,81,69,Sentiment: AI in web development,Negative,5,6.2
Contributor identity,Disagree,81,69,Sentiment: AI in web development,Very positive,2,2.5
Contributor identity,Disagree,81,37,Change in participation,No change / About the same,48,59.3
Contributor identity,Disagree,81,37,Change in participation,Decreased,17,21.0
Contributor identity,Disagree,81,37,Change in participation,Increased,8,9.9
Contributor identity,Disagree,81,37,Change in participation,Significantly decreased,8,9.9
Contributor identity,Disagree,81,36,Level of participation,Observational only,38,46.9
Contributor identity,Disagree,81,36,Level of participation,Occasional participation,22,27.2
Contributor identity,Disagree,81,36,Level of participation,Inactive,9,11.1
Contributor identity,Disagree,81,36,Level of participation,Do not participate / Not applicable,8,9.9
Contributor identity,Disagree,81,36,Level of participation,Moderately active participation,3,3.7
Contributor identity,Disagree,81,36,Level of participation,Very active participation,1,1.2
Contributor identity,Disagree,81,22,Considers self a community member,Agree,44,54.3
Contributor identity,Disagree,81,22,Considers self a community member,Neutral,19,23.5
Contributor identity,Disagree,81,22,Considers self a community member,Disagree,12,14.8
Contributor identity,Disagree,81,22,Considers self a community member,Strongly agree,5,6.2
Contributor identity,Disagree,81,22,Considers self a community member,Strongly disagree,1,1.2
Contributor identity,Disagree,81,15,Ever paid for participation,No - I am not paid for any of my participation in WordPress,51,63.0
Contributor identity,Disagree,81,15,Ever paid for participation,Yes directly - Some or all of my work duties include participating in WordPress,18,22.2
Contributor identity,Disagree,81,15,Ever paid for participation,Yes indirectly - I participate in WordPress for work but am not required to do so,12,14.8
Contributor identity,Disagree,81,51,Relationship to official events,I have not attended any WordPress events and I'm not interested in attending,41,50.6
Contributor identity,Disagree,81,51,Relationship to official events,I used to participate in WordPress events but I no longer do,18,22.2
Contributor identity,Disagree,81,51,Relationship to official events,I participate in WordPress events annually or occasionally,11,13.6
Contributor identity,Disagree,81,51,Relationship to official events,I have not attended any WordPress events but I'd like to or am planning to,5,6.2
Contributor identity,Disagree,81,51,Relationship to official events,I participate in WordPress events multiple times per year,4,4.9
Contributor identity,Disagree,81,51,Relationship to official events,Other (please describe),2,2.5
Contributor identity,Disagree,81,71,AI impact so far,AI has had a negative impact on my work or income,32,39.5
Contributor identity,Disagree,81,71,AI impact so far,AI has not significantly impacted my work or income,23,28.4
Contributor identity,Disagree,81,71,AI impact so far,AI has had a positive impact on my work or income,18,22.2
Contributor identity,Disagree,81,71,AI impact so far,Other (please describe),8,9.9
Contributor identity,Disagree,81,73,AI impact expected,AI will probably negatively impact my work or income in the future,48,59.3
Contributor identity,Disagree,81,73,AI impact expected,AI will probably positively impact my work or income in the future,15,18.5
Contributor identity,Disagree,81,73,AI impact expected,AI will probably not impact my work or income in the future,10,12.3
Contributor identity,Disagree,81,73,AI impact expected,Other (please describe),8,9.9
Contributor identity,Disagree,81,29,Sentiment toward WordPress changed,Yes,61,75.3
Contributor identity,Disagree,81,29,Sentiment toward WordPress changed,No,20,24.7
Contributor identity,Disagree,81,50,Events important to me,Strongly disagree,27,33.3
Contributor identity,Disagree,81,50,Events important to me,Disagree,22,27.2
Contributor identity,Disagree,81,50,Events important to me,Agree,15,18.5
Contributor identity,Disagree,81,50,Events important to me,Neutral,12,14.8
Contributor identity,Disagree,81,50,Events important to me,Strongly agree,5,6.2
Contributor identity,Disagree,81,23,Tenure (current members),10-15 years,22,27.2
Contributor identity,Disagree,81,23,Tenure (current members),15+ years,14,17.3
Contributor identity,Disagree,81,23,Tenure (current members),3-6 years,7,8.6
Contributor identity,Disagree,81,23,Tenure (current members),6-10 years,5,6.2
Contributor identity,Disagree,81,23,Tenure (current members),1-2 years,1,1.2
Contributor identity,Disagree,81,25,Tenure (former members),3-6 years,6,7.4
Contributor identity,Disagree,81,25,Tenure (former members),6-10 years,3,3.7
Contributor identity,Disagree,81,25,Tenure (former members),1-2 years,3,3.7
Contributor identity,Disagree,81,25,Tenure (former members),10-15 years,3,3.7
Contributor identity,Disagree,81,25,Tenure (former members),15+ years,1,1.2
Contributor identity,Disagree,81,25,Tenure (former members),Less than 1 year,1,1.2
Contributor identity,Strongly disagree,79,28,Sentiment: WordPress now,Negative,24,30.4
Contributor identity,Strongly disagree,79,28,Sentiment: WordPress now,Neutral / Unsure,21,26.6
Contributor identity,Strongly disagree,79,28,Sentiment: WordPress now,Positive,17,21.5
Contributor identity,Strongly disagree,79,28,Sentiment: WordPress now,Very negative,17,21.5
Contributor identity,Strongly disagree,79,31,Sentiment: WordPress future,Neutral / Unsure,28,35.4
Contributor identity,Strongly disagree,79,31,Sentiment: WordPress future,Negative,27,34.2
Contributor identity,Strongly disagree,79,31,Sentiment: WordPress future,Very negative,15,19.0
Contributor identity,Strongly disagree,79,31,Sentiment: WordPress future,Positive,9,11.4
Contributor identity,Strongly disagree,79,59,Sentiment: open source software,Positive,38,48.1
Contributor identity,Strongly disagree,79,59,Sentiment: open source software,Very positive,31,39.2
Contributor identity,Strongly disagree,79,59,Sentiment: open source software,Neutral / Unsure,7,8.9
Contributor identity,Strongly disagree,79,59,Sentiment: open source software,Very negative,2,2.5
Contributor identity,Strongly disagree,79,59,Sentiment: open source software,Negative,1,1.3
Contributor identity,Strongly disagree,79,68,Sentiment: AI in WordPress,Very negative,51,64.6
Contributor identity,Strongly disagree,79,68,Sentiment: AI in WordPress,Neutral / Unsure,19,24.1
Contributor identity,Strongly disagree,79,68,Sentiment: AI in WordPress,Negative,7,8.9
Contributor identity,Strongly disagree,79,68,Sentiment: AI in WordPress,Positive,2,2.5
Contributor identity,Strongly disagree,79,69,Sentiment: AI in web development,Very negative,48,60.8
Contributor identity,Strongly disagree,79,69,Sentiment: AI in web development,Positive,11,13.9
Contributor identity,Strongly disagree,79,69,Sentiment: AI in web development,Neutral / Unsure,8,10.1
Contributor identity,Strongly disagree,79,69,Sentiment: AI in web development,Negative,8,10.1
Contributor identity,Strongly disagree,79,69,Sentiment: AI in web development,Very positive,4,5.1
Contributor identity,Strongly disagree,79,37,Change in participation,No change / About the same,54,68.4
Contributor identity,Strongly disagree,79,37,Change in participation,Significantly decreased,14,17.7
Contributor identity,Strongly disagree,79,37,Change in participation,Decreased,7,8.9
Contributor identity,Strongly disagree,79,37,Change in participation,Increased,3,3.8
Contributor identity,Strongly disagree,79,37,Change in participation,Significantly increased,1,1.3
Contributor identity,Strongly disagree,79,36,Level of participation,Observational only,26,32.9
Contributor identity,Strongly disagree,79,36,Level of participation,Do not participate / Not applicable,22,27.8
Contributor identity,Strongly disagree,79,36,Level of participation,Inactive,17,21.5
Contributor identity,Strongly disagree,79,36,Level of participation,Occasional participation,10,12.7
Contributor identity,Strongly disagree,79,36,Level of participation,Moderately active participation,3,3.8
Contributor identity,Strongly disagree,79,36,Level of participation,Very active participation,1,1.3
Contributor identity,Strongly disagree,79,22,Considers self a community member,Neutral,20,25.3
Contributor identity,Strongly disagree,79,22,Considers self a community member,Disagree,18,22.8
Contributor identity,Strongly disagree,79,22,Considers self a community member,Agree,18,22.8
Contributor identity,Strongly disagree,79,22,Considers self a community member,Strongly disagree,16,20.3
Contributor identity,Strongly disagree,79,22,Considers self a community member,Strongly agree,7,8.9
Contributor identity,Strongly disagree,79,15,Ever paid for participation,No - I am not paid for any of my participation in WordPress,61,77.2
Contributor identity,Strongly disagree,79,15,Ever paid for participation,Yes directly - Some or all of my work duties include participating in WordPress,12,15.2
Contributor identity,Strongly disagree,79,15,Ever paid for participation,Yes indirectly - I participate in WordPress for work but am not required to do so,6,7.6
Contributor identity,Strongly disagree,79,51,Relationship to official events,I have not attended any WordPress events and I'm not interested in attending,44,55.7
Contributor identity,Strongly disagree,79,51,Relationship to official events,I used to participate in WordPress events but I no longer do,22,27.8
Contributor identity,Strongly disagree,79,51,Relationship to official events,I have not attended any WordPress events but I'd like to or am planning to,8,10.1
Contributor identity,Strongly disagree,79,51,Relationship to official events,I participate in WordPress events annually or occasionally,2,2.5
Contributor identity,Strongly disagree,79,51,Relationship to official events,I participate in WordPress events multiple times per year,2,2.5
Contributor identity,Strongly disagree,79,51,Relationship to official events,Other (please describe),1,1.3
Contributor identity,Strongly disagree,79,71,AI impact so far,AI has not significantly impacted my work or income,31,39.2
Contributor identity,Strongly disagree,79,71,AI impact so far,AI has had a negative impact on my work or income,28,35.4
Contributor identity,Strongly disagree,79,71,AI impact so far,AI has had a positive impact on my work or income,17,21.5
Contributor identity,Strongly disagree,79,71,AI impact so far,Other (please describe),3,3.8
Contributor identity,Strongly disagree,79,73,AI impact expected,AI will probably negatively impact my work or income in the future,46,58.2
Contributor identity,Strongly disagree,79,73,AI impact expected,AI will probably positively impact my work or income in the future,18,22.8
Contributor identity,Strongly disagree,79,73,AI impact expected,AI will probably not impact my work or income in the future,12,15.2
Contributor identity,Strongly disagree,79,73,AI impact expected,Other (please describe),3,3.8
Contributor identity,Strongly disagree,79,29,Sentiment toward WordPress changed,Yes,64,81.0
Contributor identity,Strongly disagree,79,29,Sentiment toward WordPress changed,No,15,19.0
Contributor identity,Strongly disagree,79,50,Events important to me,Strongly disagree,32,40.5
Contributor identity,Strongly disagree,79,50,Events important to me,Disagree,18,22.8
Contributor identity,Strongly disagree,79,50,Events important to me,Neutral,18,22.8
Contributor identity,Strongly disagree,79,50,Events important to me,Agree,9,11.4
Contributor identity,Strongly disagree,79,50,Events important to me,Strongly agree,2,2.5
Contributor identity,Strongly disagree,79,23,Tenure (current members),15+ years,10,12.7
Contributor identity,Strongly disagree,79,23,Tenure (current members),10-15 years,8,10.1
Contributor identity,Strongly disagree,79,23,Tenure (current members),6-10 years,5,6.3
Contributor identity,Strongly disagree,79,23,Tenure (current members),3-6 years,2,2.5
Contributor identity,Strongly disagree,79,25,Tenure (former members),1-2 years,6,7.6
Contributor identity,Strongly disagree,79,25,Tenure (former members),15+ years,4,5.1
Contributor identity,Strongly disagree,79,25,Tenure (former members),3-6 years,3,3.8
Contributor identity,Strongly disagree,79,25,Tenure (former members),Less than 1 year,3,3.8
Contributor identity,Strongly disagree,79,25,Tenure (former members),10-15 years,2,2.5
Contributor identity,Strongly disagree,79,25,Tenure (former members),6-10 years,1,1.3
Contributor identity,Strongly agree,76,28,Sentiment: WordPress now,Positive,29,38.2
Contributor identity,Strongly agree,76,28,Sentiment: WordPress now,Neutral / Unsure,20,26.3
Contributor identity,Strongly agree,76,28,Sentiment: WordPress now,Negative,18,23.7
Contributor identity,Strongly agree,76,28,Sentiment: WordPress now,Very positive,5,6.6
Contributor identity,Strongly agree,76,28,Sentiment: WordPress now,Very negative,4,5.3
Contributor identity,Strongly agree,76,31,Sentiment: WordPress future,Positive,27,35.5
Contributor identity,Strongly agree,76,31,Sentiment: WordPress future,Neutral / Unsure,25,32.9
Contributor identity,Strongly agree,76,31,Sentiment: WordPress future,Negative,12,15.8
Contributor identity,Strongly agree,76,31,Sentiment: WordPress future,Very positive,7,9.2
Contributor identity,Strongly agree,76,31,Sentiment: WordPress future,Very negative,5,6.6
Contributor identity,Strongly agree,76,59,Sentiment: open source software,Very positive,39,51.3
Contributor identity,Strongly agree,76,59,Sentiment: open source software,Positive,26,34.2
Contributor identity,Strongly agree,76,59,Sentiment: open source software,Neutral / Unsure,8,10.5
Contributor identity,Strongly agree,76,59,Sentiment: open source software,Negative,3,3.9
Contributor identity,Strongly agree,76,68,Sentiment: AI in WordPress,Neutral / Unsure,31,40.8
Contributor identity,Strongly agree,76,68,Sentiment: AI in WordPress,Positive,18,23.7
Contributor identity,Strongly agree,76,68,Sentiment: AI in WordPress,Negative,10,13.2
Contributor identity,Strongly agree,76,68,Sentiment: AI in WordPress,Very negative,10,13.2
Contributor identity,Strongly agree,76,68,Sentiment: AI in WordPress,Very positive,7,9.2
Contributor identity,Strongly agree,76,69,Sentiment: AI in web development,Positive,24,31.6
Contributor identity,Strongly agree,76,69,Sentiment: AI in web development,Neutral / Unsure,17,22.4
Contributor identity,Strongly agree,76,69,Sentiment: AI in web development,Very positive,14,18.4
Contributor identity,Strongly agree,76,69,Sentiment: AI in web development,Negative,11,14.5
Contributor identity,Strongly agree,76,69,Sentiment: AI in web development,Very negative,10,13.2
Contributor identity,Strongly agree,76,37,Change in participation,No change / About the same,24,31.6
Contributor identity,Strongly agree,76,37,Change in participation,Significantly decreased,20,26.3
Contributor identity,Strongly agree,76,37,Change in participation,Decreased,12,15.8
Contributor identity,Strongly agree,76,37,Change in participation,Increased,11,14.5
Contributor identity,Strongly agree,76,37,Change in participation,Significantly increased,9,11.8
Contributor identity,Strongly agree,76,36,Level of participation,Very active participation,30,39.5
Contributor identity,Strongly agree,76,36,Level of participation,Moderately active participation,24,31.6
Contributor identity,Strongly agree,76,36,Level of participation,Occasional participation,20,26.3
Contributor identity,Strongly agree,76,36,Level of participation,Observational only,1,1.3
Contributor identity,Strongly agree,76,36,Level of participation,Inactive,1,1.3
Contributor identity,Strongly agree,76,22,Considers self a community member,Strongly agree,67,88.2
Contributor identity,Strongly agree,76,22,Considers self a community member,Agree,6,7.9
Contributor identity,Strongly agree,76,22,Considers self a community member,Neutral,3,3.9
Contributor identity,Strongly agree,76,15,Ever paid for participation,Yes directly - Some or all of my work duties include participating in WordPress,39,51.3
Contributor identity,Strongly agree,76,15,Ever paid for participation,No - I am not paid for any of my participation in WordPress,22,28.9
Contributor identity,Strongly agree,76,15,Ever paid for participation,Yes indirectly - I participate in WordPress for work but am not required to do so,15,19.7
Contributor identity,Strongly agree,76,51,Relationship to official events,I participate in WordPress events multiple times per year,45,59.2
Contributor identity,Strongly agree,76,51,Relationship to official events,I participate in WordPress events annually or occasionally,18,23.7
Contributor identity,Strongly agree,76,51,Relationship to official events,I used to participate in WordPress events but I no longer do,6,7.9
Contributor identity,Strongly agree,76,51,Relationship to official events,I have not attended any WordPress events and I'm not interested in attending,5,6.6
Contributor identity,Strongly agree,76,51,Relationship to official events,I have not attended any WordPress events but I'd like to or am planning to,1,1.3
Contributor identity,Strongly agree,76,51,Relationship to official events,Other (please describe),1,1.3
Contributor identity,Strongly agree,76,71,AI impact so far,AI has had a positive impact on my work or income,39,51.3
Contributor identity,Strongly agree,76,71,AI impact so far,AI has not significantly impacted my work or income,25,32.9
Contributor identity,Strongly agree,76,71,AI impact so far,Other (please describe),7,9.2
Contributor identity,Strongly agree,76,71,AI impact so far,AI has had a negative impact on my work or income,5,6.6
Contributor identity,Strongly agree,76,73,AI impact expected,AI will probably positively impact my work or income in the future,43,56.6
Contributor identity,Strongly agree,76,73,AI impact expected,AI will probably negatively impact my work or income in the future,19,25.0
Contributor identity,Strongly agree,76,73,AI impact expected,AI will probably not impact my work or income in the future,10,13.2
Contributor identity,Strongly agree,76,73,AI impact expected,Other (please describe),4,5.3
Contributor identity,Strongly agree,76,29,Sentiment toward WordPress changed,Yes,58,76.3
Contributor identity,Strongly agree,76,29,Sentiment toward WordPress changed,No,18,23.7
Contributor identity,Strongly agree,76,50,Events important to me,Strongly agree,44,57.9
Contributor identity,Strongly agree,76,50,Events important to me,Agree,16,21.1
Contributor identity,Strongly agree,76,50,Events important to me,Neutral,8,10.5
Contributor identity,Strongly agree,76,50,Events important to me,Strongly disagree,4,5.3
Contributor identity,Strongly agree,76,50,Events important to me,Disagree,4,5.3
Contributor identity,Strongly agree,76,23,Tenure (current members),15+ years,39,51.3
Contributor identity,Strongly agree,76,23,Tenure (current members),10-15 years,25,32.9
Contributor identity,Strongly agree,76,23,Tenure (current members),6-10 years,7,9.2
Contributor identity,Strongly agree,76,23,Tenure (current members),3-6 years,2,2.6
Contributor identity,Strongly agree,76,25,Tenure (former members),10-15 years,2,2.6
Contributor identity,Strongly agree,76,25,Tenure (former members),6-10 years,1,1.3
Community membership,Agree,166,28,Sentiment: WordPress now,Neutral / Unsure,48,28.9
Community membership,Agree,166,28,Sentiment: WordPress now,Negative,46,27.7
Community membership,Agree,166,28,Sentiment: WordPress now,Positive,45,27.1
Community membership,Agree,166,28,Sentiment: WordPress now,Very negative,19,11.4
Community membership,Agree,166,28,Sentiment: WordPress now,Very positive,8,4.8
Community membership,Agree,166,31,Sentiment: WordPress future,Neutral / Unsure,67,40.4
Community membership,Agree,166,31,Sentiment: WordPress future,Negative,50,30.1
Community membership,Agree,166,31,Sentiment: WordPress future,Positive,24,14.5
Community membership,Agree,166,31,Sentiment: WordPress future,Very negative,18,10.8
Community membership,Agree,166,31,Sentiment: WordPress future,Very positive,7,4.2
Community membership,Agree,166,59,Sentiment: open source software,Positive,77,46.4
Community membership,Agree,166,59,Sentiment: open source software,Very positive,56,33.7
Community membership,Agree,166,59,Sentiment: open source software,Neutral / Unsure,24,14.5
Community membership,Agree,166,59,Sentiment: open source software,Negative,7,4.2
Community membership,Agree,166,59,Sentiment: open source software,Very negative,2,1.2
Community membership,Agree,166,68,Sentiment: AI in WordPress,Very negative,63,38.0
Community membership,Agree,166,68,Sentiment: AI in WordPress,Neutral / Unsure,55,33.1
Community membership,Agree,166,68,Sentiment: AI in WordPress,Negative,26,15.7
Community membership,Agree,166,68,Sentiment: AI in WordPress,Positive,18,10.8
Community membership,Agree,166,68,Sentiment: AI in WordPress,Very positive,4,2.4
Community membership,Agree,166,69,Sentiment: AI in web development,Very negative,58,34.9
Community membership,Agree,166,69,Sentiment: AI in web development,Positive,39,23.5
Community membership,Agree,166,69,Sentiment: AI in web development,Neutral / Unsure,36,21.7
Community membership,Agree,166,69,Sentiment: AI in web development,Negative,20,12.0
Community membership,Agree,166,69,Sentiment: AI in web development,Very positive,13,7.8
Community membership,Agree,166,37,Change in participation,No change / About the same,75,45.2
Community membership,Agree,166,37,Change in participation,Decreased,50,30.1
Community membership,Agree,166,37,Change in participation,Significantly decreased,21,12.7
Community membership,Agree,166,37,Change in participation,Increased,18,10.8
Community membership,Agree,166,37,Change in participation,Significantly increased,2,1.2
Community membership,Agree,166,36,Level of participation,Occasional participation,87,52.4
Community membership,Agree,166,36,Level of participation,Observational only,46,27.7
Community membership,Agree,166,36,Level of participation,Moderately active participation,20,12.0
Community membership,Agree,166,36,Level of participation,Inactive,6,3.6
Community membership,Agree,166,36,Level of participation,Do not participate / Not applicable,5,3.0
Community membership,Agree,166,36,Level of participation,Very active participation,2,1.2
Community membership,Agree,166,19,Considers self a contributor,Agree,54,32.5
Community membership,Agree,166,19,Considers self a contributor,Neutral,44,26.5
Community membership,Agree,166,19,Considers self a contributor,Disagree,44,26.5
Community membership,Agree,166,19,Considers self a contributor,Strongly disagree,18,10.8
Community membership,Agree,166,19,Considers self a contributor,Strongly agree,6,3.6
Community membership,Agree,166,15,Ever paid for participation,No - I am not paid for any of my participation in WordPress,101,60.8
Community membership,Agree,166,15,Ever paid for participation,Yes indirectly - I participate in WordPress for work but am not required to do so,34,20.5
Community membership,Agree,166,15,Ever paid for participation,Yes directly - Some or all of my work duties include participating in WordPress,31,18.7
Community membership,Agree,166,51,Relationship to official events,I participate in WordPress events annually or occasionally,43,25.9
Community membership,Agree,166,51,Relationship to official events,I used to participate in WordPress events but I no longer do,42,25.3
Community membership,Agree,166,51,Relationship to official events,I have not attended any WordPress events and I'm not interested in attending,42,25.3
Community membership,Agree,166,51,Relationship to official events,I have not attended any WordPress events but I'd like to or am planning to,18,10.8
Community membership,Agree,166,51,Relationship to official events,I participate in WordPress events multiple times per year,15,9.0
Community membership,Agree,166,51,Relationship to official events,Other (please describe),6,3.6
Community membership,Agree,166,71,AI impact so far,AI has had a positive impact on my work or income,59,35.5
Community membership,Agree,166,71,AI impact so far,AI has not significantly impacted my work or income,51,30.7
Community membership,Agree,166,71,AI impact so far,AI has had a negative impact on my work or income,47,28.3
Community membership,Agree,166,71,AI impact so far,Other (please describe),9,5.4
Community membership,Agree,166,73,AI impact expected,AI will probably negatively impact my work or income in the future,87,52.4
Community membership,Agree,166,73,AI impact expected,AI will probably positively impact my work or income in the future,53,31.9
Community membership,Agree,166,73,AI impact expected,AI will probably not impact my work or income in the future,16,9.6
Community membership,Agree,166,73,AI impact expected,Other (please describe),10,6.0
Community membership,Agree,166,29,Sentiment toward WordPress changed,Yes,131,78.9
Community membership,Agree,166,29,Sentiment toward WordPress changed,No,35,21.1
Community membership,Agree,166,50,Events important to me,Agree,52,31.3
Community membership,Agree,166,50,Events important to me,Neutral,44,26.5
Community membership,Agree,166,50,Events important to me,Disagree,27,16.3
Community membership,Agree,166,50,Events important to me,Strongly disagree,24,14.5
Community membership,Agree,166,50,Events important to me,Strongly agree,19,11.4
Community membership,Agree,166,23,Tenure (current members),10-15 years,59,35.5
Community membership,Agree,166,23,Tenure (current members),15+ years,57,34.3
Community membership,Agree,166,23,Tenure (current members),6-10 years,31,18.7
Community membership,Agree,166,23,Tenure (current members),3-6 years,14,8.4
Community membership,Agree,166,23,Tenure (current members),1-2 years,4,2.4
Community membership,Agree,166,23,Tenure (current members),Less than 1 year,1,0.6
Community membership,Strongly agree,142,28,Sentiment: WordPress now,Positive,57,40.1
Community membership,Strongly agree,142,28,Sentiment: WordPress now,Neutral / Unsure,44,31.0
Community membership,Strongly agree,142,28,Sentiment: WordPress now,Negative,24,16.9
Community membership,Strongly agree,142,28,Sentiment: WordPress now,Very positive,9,6.3
Community membership,Strongly agree,142,28,Sentiment: WordPress now,Very negative,8,5.6
Community membership,Strongly agree,142,31,Sentiment: WordPress future,Neutral / Unsure,50,35.2
Community membership,Strongly agree,142,31,Sentiment: WordPress future,Positive,48,33.8
Community membership,Strongly agree,142,31,Sentiment: WordPress future,Negative,24,16.9
Community membership,Strongly agree,142,31,Sentiment: WordPress future,Very positive,12,8.5
Community membership,Strongly agree,142,31,Sentiment: WordPress future,Very negative,8,5.6
Community membership,Strongly agree,142,59,Sentiment: open source software,Very positive,71,50.0
Community membership,Strongly agree,142,59,Sentiment: open source software,Positive,54,38.0
Community membership,Strongly agree,142,59,Sentiment: open source software,Neutral / Unsure,16,11.3
Community membership,Strongly agree,142,59,Sentiment: open source software,Negative,1,0.7
Community membership,Strongly agree,142,68,Sentiment: AI in WordPress,Neutral / Unsure,57,40.1
Community membership,Strongly agree,142,68,Sentiment: AI in WordPress,Positive,36,25.4
Community membership,Strongly agree,142,68,Sentiment: AI in WordPress,Negative,23,16.2
Community membership,Strongly agree,142,68,Sentiment: AI in WordPress,Very negative,14,9.9
Community membership,Strongly agree,142,68,Sentiment: AI in WordPress,Very positive,12,8.5
Community membership,Strongly agree,142,69,Sentiment: AI in web development,Positive,43,30.3
Community membership,Strongly agree,142,69,Sentiment: AI in web development,Neutral / Unsure,36,25.4
Community membership,Strongly agree,142,69,Sentiment: AI in web development,Very positive,32,22.5
Community membership,Strongly agree,142,69,Sentiment: AI in web development,Negative,19,13.4
Community membership,Strongly agree,142,69,Sentiment: AI in web development,Very negative,12,8.5
Community membership,Strongly agree,142,37,Change in participation,No change / About the same,50,35.2
Community membership,Strongly agree,142,37,Change in participation,Significantly decreased,27,19.0
Community membership,Strongly agree,142,37,Change in participation,Decreased,26,18.3
Community membership,Strongly agree,142,37,Change in participation,Increased,24,16.9
Community membership,Strongly agree,142,37,Change in participation,Significantly increased,15,10.6
Community membership,Strongly agree,142,36,Level of participation,Moderately active participation,54,38.0
Community membership,Strongly agree,142,36,Level of participation,Very active participation,42,29.6
Community membership,Strongly agree,142,36,Level of participation,Occasional participation,37,26.1
Community membership,Strongly agree,142,36,Level of participation,Observational only,5,3.5
Community membership,Strongly agree,142,36,Level of participation,Inactive,3,2.1
Community membership,Strongly agree,142,36,Level of participation,Do not participate / Not applicable,1,0.7
Community membership,Strongly agree,142,19,Considers self a contributor,Strongly agree,67,47.2
Community membership,Strongly agree,142,19,Considers self a contributor,Agree,41,28.9
Community membership,Strongly agree,142,19,Considers self a contributor,Neutral,22,15.5
Community membership,Strongly agree,142,19,Considers self a contributor,Strongly disagree,7,4.9
Community membership,Strongly agree,142,19,Considers self a contributor,Disagree,5,3.5
Community membership,Strongly agree,142,15,Ever paid for participation,No - I am not paid for any of my participation in WordPress,61,43.0
Community membership,Strongly agree,142,15,Ever paid for participation,Yes directly - Some or all of my work duties include participating in WordPress,58,40.8
Community membership,Strongly agree,142,15,Ever paid for participation,Yes indirectly - I participate in WordPress for work but am not required to do so,23,16.2
Community membership,Strongly agree,142,51,Relationship to official events,I participate in WordPress events multiple times per year,72,50.7
Community membership,Strongly agree,142,51,Relationship to official events,I participate in WordPress events annually or occasionally,39,27.5
Community membership,Strongly agree,142,51,Relationship to official events,I used to participate in WordPress events but I no longer do,22,15.5
Community membership,Strongly agree,142,51,Relationship to official events,I have not attended any WordPress events and I'm not interested in attending,7,4.9
Community membership,Strongly agree,142,51,Relationship to official events,I have not attended any WordPress events but I'd like to or am planning to,1,0.7
Community membership,Strongly agree,142,51,Relationship to official events,Other (please describe),1,0.7
Community membership,Strongly agree,142,71,AI impact so far,AI has had a positive impact on my work or income,75,52.8
Community membership,Strongly agree,142,71,AI impact so far,AI has not significantly impacted my work or income,44,31.0
Community membership,Strongly agree,142,71,AI impact so far,AI has had a negative impact on my work or income,12,8.5
Community membership,Strongly agree,142,71,AI impact so far,Other (please describe),11,7.7
Community membership,Strongly agree,142,73,AI impact expected,AI will probably positively impact my work or income in the future,70,49.3
Community membership,Strongly agree,142,73,AI impact expected,AI will probably negatively impact my work or income in the future,42,29.6
Community membership,Strongly agree,142,73,AI impact expected,Other (please describe),16,11.3
Community membership,Strongly agree,142,73,AI impact expected,AI will probably not impact my work or income in the future,14,9.9
Community membership,Strongly agree,142,29,Sentiment toward WordPress changed,Yes,112,78.9
Community membership,Strongly agree,142,29,Sentiment toward WordPress changed,No,30,21.1
Community membership,Strongly agree,142,50,Events important to me,Strongly agree,72,50.7
Community membership,Strongly agree,142,50,Events important to me,Agree,43,30.3
Community membership,Strongly agree,142,50,Events important to me,Neutral,13,9.2
Community membership,Strongly agree,142,50,Events important to me,Strongly disagree,7,4.9
Community membership,Strongly agree,142,50,Events important to me,Disagree,7,4.9
Community membership,Strongly agree,142,23,Tenure (current members),15+ years,70,49.3
Community membership,Strongly agree,142,23,Tenure (current members),10-15 years,51,35.9
Community membership,Strongly agree,142,23,Tenure (current members),6-10 years,16,11.3
Community membership,Strongly agree,142,23,Tenure (current members),3-6 years,4,2.8
Community membership,Strongly agree,142,23,Tenure (current members),1-2 years,1,0.7
Community membership,Neutral,70,28,Sentiment: WordPress now,Negative,24,34.3
Community membership,Neutral,70,28,Sentiment: WordPress now,Neutral / Unsure,19,27.1
Community membership,Neutral,70,28,Sentiment: WordPress now,Very negative,13,18.6
Community membership,Neutral,70,28,Sentiment: WordPress now,Positive,12,17.1
Community membership,Neutral,70,28,Sentiment: WordPress now,Very positive,2,2.9
Community membership,Neutral,70,31,Sentiment: WordPress future,Neutral / Unsure,24,34.3
Community membership,Neutral,70,31,Sentiment: WordPress future,Negative,24,34.3
Community membership,Neutral,70,31,Sentiment: WordPress future,Very negative,11,15.7
Community membership,Neutral,70,31,Sentiment: WordPress future,Positive,9,12.9
Community membership,Neutral,70,31,Sentiment: WordPress future,Very positive,2,2.9
Community membership,Neutral,70,59,Sentiment: open source software,Positive,30,42.9
Community membership,Neutral,70,59,Sentiment: open source software,Very positive,21,30.0
Community membership,Neutral,70,59,Sentiment: open source software,Neutral / Unsure,16,22.9
Community membership,Neutral,70,59,Sentiment: open source software,Negative,2,2.9
Community membership,Neutral,70,59,Sentiment: open source software,Very negative,1,1.4
Community membership,Neutral,70,68,Sentiment: AI in WordPress,Very negative,44,62.9
Community membership,Neutral,70,68,Sentiment: AI in WordPress,Neutral / Unsure,20,28.6
Community membership,Neutral,70,68,Sentiment: AI in WordPress,Negative,3,4.3
Community membership,Neutral,70,68,Sentiment: AI in WordPress,Positive,2,2.9
Community membership,Neutral,70,68,Sentiment: AI in WordPress,Very positive,1,1.4
Community membership,Neutral,70,69,Sentiment: AI in web development,Very negative,37,52.9
Community membership,Neutral,70,69,Sentiment: AI in web development,Neutral / Unsure,10,14.3
Community membership,Neutral,70,69,Sentiment: AI in web development,Negative,10,14.3
Community membership,Neutral,70,69,Sentiment: AI in web development,Positive,9,12.9
Community membership,Neutral,70,69,Sentiment: AI in web development,Very positive,4,5.7
Community membership,Neutral,70,37,Change in participation,No change / About the same,40,57.1
Community membership,Neutral,70,37,Change in participation,Decreased,14,20.0
Community membership,Neutral,70,37,Change in participation,Significantly decreased,11,15.7
Community membership,Neutral,70,37,Change in participation,Increased,5,7.1
Community membership,Neutral,70,36,Level of participation,Observational only,27,38.6
Community membership,Neutral,70,36,Level of participation,Occasional participation,16,22.9
Community membership,Neutral,70,36,Level of participation,Inactive,13,18.6
Community membership,Neutral,70,36,Level of participation,Do not participate / Not applicable,12,17.1
Community membership,Neutral,70,36,Level of participation,Moderately active participation,2,2.9
Community membership,Neutral,70,19,Considers self a contributor,Strongly disagree,20,28.6
Community membership,Neutral,70,19,Considers self a contributor,Disagree,19,27.1
Community membership,Neutral,70,19,Considers self a contributor,Neutral,19,27.1
Community membership,Neutral,70,19,Considers self a contributor,Agree,9,12.9
Community membership,Neutral,70,19,Considers self a contributor,Strongly agree,3,4.3
Community membership,Neutral,70,15,Ever paid for participation,No - I am not paid for any of my participation in WordPress,48,68.6
Community membership,Neutral,70,15,Ever paid for participation,Yes directly - Some or all of my work duties include participating in WordPress,15,21.4
Community membership,Neutral,70,15,Ever paid for participation,Yes indirectly - I participate in WordPress for work but am not required to do so,7,10.0
Community membership,Neutral,70,51,Relationship to official events,I have not attended any WordPress events and I'm not interested in attending,37,52.9
Community membership,Neutral,70,51,Relationship to official events,I used to participate in WordPress events but I no longer do,17,24.3
Community membership,Neutral,70,51,Relationship to official events,I participate in WordPress events annually or occasionally,6,8.6
Community membership,Neutral,70,51,Relationship to official events,I have not attended any WordPress events but I'd like to or am planning to,6,8.6
Community membership,Neutral,70,51,Relationship to official events,I participate in WordPress events multiple times per year,3,4.3
Community membership,Neutral,70,51,Relationship to official events,Other (please describe),1,1.4
Community membership,Neutral,70,71,AI impact so far,AI has not significantly impacted my work or income,27,38.6
Community membership,Neutral,70,71,AI impact so far,AI has had a negative impact on my work or income,27,38.6
Community membership,Neutral,70,71,AI impact so far,AI has had a positive impact on my work or income,9,12.9
Community membership,Neutral,70,71,AI impact so far,Other (please describe),7,10.0
Community membership,Neutral,70,73,AI impact expected,AI will probably negatively impact my work or income in the future,41,58.6
Community membership,Neutral,70,73,AI impact expected,AI will probably positively impact my work or income in the future,12,17.1
Community membership,Neutral,70,73,AI impact expected,AI will probably not impact my work or income in the future,12,17.1
Community membership,Neutral,70,73,AI impact expected,Other (please describe),5,7.1
Community membership,Neutral,70,29,Sentiment toward WordPress changed,Yes,52,74.3
Community membership,Neutral,70,29,Sentiment toward WordPress changed,No,18,25.7
Community membership,Neutral,70,50,Events important to me,Strongly disagree,26,37.1
Community membership,Neutral,70,50,Events important to me,Disagree,17,24.3
Community membership,Neutral,70,50,Events important to me,Neutral,16,22.9
Community membership,Neutral,70,50,Events important to me,Agree,11,15.7
Community membership,Neutral,70,25,Tenure (former members),10-15 years,9,12.9
Community membership,Neutral,70,25,Tenure (former members),3-6 years,7,10.0
Community membership,Neutral,70,25,Tenure (former members),6-10 years,6,8.6
Community membership,Neutral,70,25,Tenure (former members),15+ years,5,7.1
Community membership,Neutral,70,25,Tenure (former members),Less than 1 year,4,5.7
Community membership,Neutral,70,25,Tenure (former members),1-2 years,4,5.7
Community membership,Disagree,36,28,Sentiment: WordPress now,Neutral / Unsure,11,30.6
Community membership,Disagree,36,28,Sentiment: WordPress now,Negative,10,27.8
Community membership,Disagree,36,28,Sentiment: WordPress now,Very negative,8,22.2
Community membership,Disagree,36,28,Sentiment: WordPress now,Positive,6,16.7
Community membership,Disagree,36,28,Sentiment: WordPress now,Very positive,1,2.8
Community membership,Disagree,36,31,Sentiment: WordPress future,Negative,16,44.4
Community membership,Disagree,36,31,Sentiment: WordPress future,Neutral / Unsure,13,36.1
Community membership,Disagree,36,31,Sentiment: WordPress future,Very negative,4,11.1
Community membership,Disagree,36,31,Sentiment: WordPress future,Positive,2,5.6
Community membership,Disagree,36,31,Sentiment: WordPress future,Very positive,1,2.8
Community membership,Disagree,36,59,Sentiment: open source software,Positive,15,41.7
Community membership,Disagree,36,59,Sentiment: open source software,Very positive,15,41.7
Community membership,Disagree,36,59,Sentiment: open source software,Neutral / Unsure,4,11.1
Community membership,Disagree,36,59,Sentiment: open source software,Negative,2,5.6
Community membership,Disagree,36,68,Sentiment: AI in WordPress,Very negative,23,63.9
Community membership,Disagree,36,68,Sentiment: AI in WordPress,Neutral / Unsure,8,22.2
Community membership,Disagree,36,68,Sentiment: AI in WordPress,Negative,5,13.9
Community membership,Disagree,36,69,Sentiment: AI in web development,Very negative,21,58.3
Community membership,Disagree,36,69,Sentiment: AI in web development,Negative,4,11.1
Community membership,Disagree,36,69,Sentiment: AI in web development,Very positive,4,11.1
Community membership,Disagree,36,69,Sentiment: AI in web development,Positive,4,11.1
Community membership,Disagree,36,69,Sentiment: AI in web development,Neutral / Unsure,3,8.3
Community membership,Disagree,36,37,Change in participation,No change / About the same,24,66.7
Community membership,Disagree,36,37,Change in participation,Significantly decreased,7,19.4
Community membership,Disagree,36,37,Change in participation,Decreased,4,11.1
Community membership,Disagree,36,37,Change in participation,Increased,1,2.8
Community membership,Disagree,36,36,Level of participation,Observational only,15,41.7
Community membership,Disagree,36,36,Level of participation,Do not participate / Not applicable,9,25.0
Community membership,Disagree,36,36,Level of participation,Inactive,8,22.2
Community membership,Disagree,36,36,Level of participation,Occasional participation,4,11.1
Community membership,Disagree,36,19,Considers self a contributor,Strongly disagree,18,50.0
Community membership,Disagree,36,19,Considers self a contributor,Disagree,12,33.3
Community membership,Disagree,36,19,Considers self a contributor,Neutral,5,13.9
Community membership,Disagree,36,19,Considers self a contributor,Agree,1,2.8
Community membership,Disagree,36,15,Ever paid for participation,No - I am not paid for any of my participation in WordPress,24,66.7
Community membership,Disagree,36,15,Ever paid for participation,Yes directly - Some or all of my work duties include participating in WordPress,9,25.0
Community membership,Disagree,36,15,Ever paid for participation,Yes indirectly - I participate in WordPress for work but am not required to do so,3,8.3
Community membership,Disagree,36,51,Relationship to official events,I have not attended any WordPress events and I'm not interested in attending,23,63.9
Community membership,Disagree,36,51,Relationship to official events,I used to participate in WordPress events but I no longer do,9,25.0
Community membership,Disagree,36,51,Relationship to official events,I participate in WordPress events annually or occasionally,2,5.6
Community membership,Disagree,36,51,Relationship to official events,I have not attended any WordPress events but I'd like to or am planning to,1,2.8
Community membership,Disagree,36,51,Relationship to official events,I participate in WordPress events multiple times per year,1,2.8
Community membership,Disagree,36,71,AI impact so far,AI has had a negative impact on my work or income,15,41.7
Community membership,Disagree,36,71,AI impact so far,AI has not significantly impacted my work or income,14,38.9
Community membership,Disagree,36,71,AI impact so far,AI has had a positive impact on my work or income,7,19.4
Community membership,Disagree,36,73,AI impact expected,AI will probably negatively impact my work or income in the future,22,61.1
Community membership,Disagree,36,73,AI impact expected,AI will probably positively impact my work or income in the future,8,22.2
Community membership,Disagree,36,73,AI impact expected,AI will probably not impact my work or income in the future,5,13.9
Community membership,Disagree,36,73,AI impact expected,Other (please describe),1,2.8
Community membership,Disagree,36,29,Sentiment toward WordPress changed,Yes,25,69.4
Community membership,Disagree,36,29,Sentiment toward WordPress changed,No,11,30.6
Community membership,Disagree,36,50,Events important to me,Strongly disagree,17,47.2
Community membership,Disagree,36,50,Events important to me,Disagree,13,36.1
Community membership,Disagree,36,50,Events important to me,Agree,3,8.3
Community membership,Disagree,36,50,Events important to me,Neutral,2,5.6
Community membership,Disagree,36,50,Events important to me,Strongly agree,1,2.8
Community membership,Disagree,36,25,Tenure (former members),1-2 years,4,11.1
Community membership,Disagree,36,25,Tenure (former members),3-6 years,4,11.1
Community membership,Disagree,36,25,Tenure (former members),10-15 years,2,5.6
Community membership,Disagree,36,25,Tenure (former members),6-10 years,2,5.6
Community membership,Disagree,36,25,Tenure (former members),15+ years,2,5.6
Community membership,Strongly disagree,17,28,Sentiment: WordPress now,Negative,7,41.2
Community membership,Strongly disagree,17,28,Sentiment: WordPress now,Very negative,5,29.4
Community membership,Strongly disagree,17,28,Sentiment: WordPress now,Neutral / Unsure,4,23.5
Community membership,Strongly disagree,17,28,Sentiment: WordPress now,Positive,1,5.9
Community membership,Strongly disagree,17,31,Sentiment: WordPress future,Negative,7,41.2
Community membership,Strongly disagree,17,31,Sentiment: WordPress future,Very negative,6,35.3
Community membership,Strongly disagree,17,31,Sentiment: WordPress future,Neutral / Unsure,4,23.5
Community membership,Strongly disagree,17,59,Sentiment: open source software,Very positive,7,41.2
Community membership,Strongly disagree,17,59,Sentiment: open source software,Positive,6,35.3
Community membership,Strongly disagree,17,59,Sentiment: open source software,Neutral / Unsure,2,11.8
Community membership,Strongly disagree,17,59,Sentiment: open source software,Very negative,1,5.9
Community membership,Strongly disagree,17,59,Sentiment: open source software,Negative,1,5.9
Community membership,Strongly disagree,17,68,Sentiment: AI in WordPress,Very negative,13,76.5
Community membership,Strongly disagree,17,68,Sentiment: AI in WordPress,Neutral / Unsure,3,17.6
Community membership,Strongly disagree,17,68,Sentiment: AI in WordPress,Negative,1,5.9
Community membership,Strongly disagree,17,69,Sentiment: AI in web development,Very negative,12,70.6
Community membership,Strongly disagree,17,69,Sentiment: AI in web development,Neutral / Unsure,4,23.5
Community membership,Strongly disagree,17,69,Sentiment: AI in web development,Very positive,1,5.9
Community membership,Strongly disagree,17,37,Change in participation,No change / About the same,10,58.8
Community membership,Strongly disagree,17,37,Change in participation,Significantly decreased,7,41.2
Community membership,Strongly disagree,17,36,Level of participation,Do not participate / Not applicable,8,47.1
Community membership,Strongly disagree,17,36,Level of participation,Inactive,5,29.4
Community membership,Strongly disagree,17,36,Level of participation,Observational only,4,23.5
Community membership,Strongly disagree,17,19,Considers self a contributor,Strongly disagree,16,94.1
Community membership,Strongly disagree,17,19,Considers self a contributor,Disagree,1,5.9
Community membership,Strongly disagree,17,15,Ever paid for participation,No - I am not paid for any of my participation in WordPress,14,82.4
Community membership,Strongly disagree,17,15,Ever paid for participation,Yes directly - Some or all of my work duties include participating in WordPress,3,17.6
Community membership,Strongly disagree,17,51,Relationship to official events,I have not attended any WordPress events and I'm not interested in attending,11,64.7
Community membership,Strongly disagree,17,51,Relationship to official events,I used to participate in WordPress events but I no longer do,4,23.5
Community membership,Strongly disagree,17,51,Relationship to official events,I have not attended any WordPress events but I'd like to or am planning to,2,11.8
Community membership,Strongly disagree,17,71,AI impact so far,AI has had a negative impact on my work or income,9,52.9
Community membership,Strongly disagree,17,71,AI impact so far,AI has not significantly impacted my work or income,5,29.4
Community membership,Strongly disagree,17,71,AI impact so far,AI has had a positive impact on my work or income,3,17.6
Community membership,Strongly disagree,17,73,AI impact expected,AI will probably negatively impact my work or income in the future,11,64.7
Community membership,Strongly disagree,17,73,AI impact expected,AI will probably not impact my work or income in the future,4,23.5
Community membership,Strongly disagree,17,73,AI impact expected,AI will probably positively impact my work or income in the future,2,11.8
Community membership,Strongly disagree,17,29,Sentiment toward WordPress changed,Yes,13,76.5
Community membership,Strongly disagree,17,29,Sentiment toward WordPress changed,No,4,23.5
Community membership,Strongly disagree,17,50,Events important to me,Strongly disagree,10,58.8
Community membership,Strongly disagree,17,50,Events important to me,Disagree,4,23.5
Community membership,Strongly disagree,17,50,Events important to me,Neutral,3,17.6
Community membership,Strongly disagree,17,25,Tenure (former members),1-2 years,2,11.8
Community membership,Strongly disagree,17,25,Tenure (former members),Less than 1 year,2,11.8
Community membership,Strongly disagree,17,25,Tenure (former members),15+ years,1,5.9
Community membership,Strongly disagree,17,25,Tenure (former members),6-10 years,1,5.9
Community membership,Strongly disagree,17,25,Tenure (former members),10-15 years,1,5.9
Uses AI at work,Uses AI,308,28,Sentiment: WordPress now,Positive,97,31.5
Uses AI at work,Uses AI,308,28,Sentiment: WordPress now,Neutral / Unsure,96,31.2
Uses AI at work,Uses AI,308,28,Sentiment: WordPress now,Negative,68,22.1
Uses AI at work,Uses AI,308,28,Sentiment: WordPress now,Very negative,29,9.4
Uses AI at work,Uses AI,308,28,Sentiment: WordPress now,Very positive,18,5.8
Uses AI at work,Uses AI,308,31,Sentiment: WordPress future,Neutral / Unsure,118,38.3
Uses AI at work,Uses AI,308,31,Sentiment: WordPress future,Negative,75,24.4
Uses AI at work,Uses AI,308,31,Sentiment: WordPress future,Positive,73,23.7
Uses AI at work,Uses AI,308,31,Sentiment: WordPress future,Very positive,21,6.8
Uses AI at work,Uses AI,308,31,Sentiment: WordPress future,Very negative,21,6.8
Uses AI at work,Uses AI,308,59,Sentiment: open source software,Positive,137,44.5
Uses AI at work,Uses AI,308,59,Sentiment: open source software,Very positive,115,37.3
Uses AI at work,Uses AI,308,59,Sentiment: open source software,Neutral / Unsure,50,16.2
Uses AI at work,Uses AI,308,59,Sentiment: open source software,Negative,6,1.9
Uses AI at work,Uses AI,308,68,Sentiment: AI in WordPress,Neutral / Unsure,136,44.2
Uses AI at work,Uses AI,308,68,Sentiment: AI in WordPress,Positive,56,18.2
Uses AI at work,Uses AI,308,68,Sentiment: AI in WordPress,Very negative,51,16.6
Uses AI at work,Uses AI,308,68,Sentiment: AI in WordPress,Negative,48,15.6
Uses AI at work,Uses AI,308,68,Sentiment: AI in WordPress,Very positive,17,5.5
Uses AI at work,Uses AI,308,69,Sentiment: AI in web development,Positive,95,30.8
Uses AI at work,Uses AI,308,69,Sentiment: AI in web development,Neutral / Unsure,83,26.9
Uses AI at work,Uses AI,308,69,Sentiment: AI in web development,Very positive,54,17.5
Uses AI at work,Uses AI,308,69,Sentiment: AI in web development,Negative,42,13.6
Uses AI at work,Uses AI,308,69,Sentiment: AI in web development,Very negative,34,11.0
Uses AI at work,Uses AI,308,37,Change in participation,No change / About the same,125,40.6
Uses AI at work,Uses AI,308,37,Change in participation,Decreased,68,22.1
Uses AI at work,Uses AI,308,37,Change in participation,Significantly decreased,54,17.5
Uses AI at work,Uses AI,308,37,Change in participation,Increased,45,14.6
Uses AI at work,Uses AI,308,37,Change in participation,Significantly increased,16,5.2
Uses AI at work,Uses AI,308,36,Level of participation,Occasional participation,113,36.7
Uses AI at work,Uses AI,308,36,Level of participation,Moderately active participation,68,22.1
Uses AI at work,Uses AI,308,36,Level of participation,Observational only,51,16.6
Uses AI at work,Uses AI,308,36,Level of participation,Very active participation,41,13.3
Uses AI at work,Uses AI,308,36,Level of participation,Do not participate / Not applicable,18,5.8
Uses AI at work,Uses AI,308,36,Level of participation,Inactive,17,5.5
Uses AI at work,Uses AI,308,19,Considers self a contributor,Agree,88,28.6
Uses AI at work,Uses AI,308,19,Considers self a contributor,Neutral,70,22.7
Uses AI at work,Uses AI,308,19,Considers self a contributor,Strongly agree,66,21.4
Uses AI at work,Uses AI,308,19,Considers self a contributor,Disagree,43,14.0
Uses AI at work,Uses AI,308,19,Considers self a contributor,Strongly disagree,41,13.3
Uses AI at work,Uses AI,308,22,Considers self a community member,Strongly agree,127,41.2
Uses AI at work,Uses AI,308,22,Considers self a community member,Agree,118,38.3
Uses AI at work,Uses AI,308,22,Considers self a community member,Neutral,36,11.7
Uses AI at work,Uses AI,308,22,Considers self a community member,Disagree,20,6.5
Uses AI at work,Uses AI,308,22,Considers self a community member,Strongly disagree,7,2.3
Uses AI at work,Uses AI,308,15,Ever paid for participation,No - I am not paid for any of my participation in WordPress,160,51.9
Uses AI at work,Uses AI,308,15,Ever paid for participation,Yes directly - Some or all of my work duties include participating in WordPress,97,31.5
Uses AI at work,Uses AI,308,15,Ever paid for participation,Yes indirectly - I participate in WordPress for work but am not required to do so,51,16.6
Uses AI at work,Uses AI,308,51,Relationship to official events,I participate in WordPress events multiple times per year,84,27.3
Uses AI at work,Uses AI,308,51,Relationship to official events,I participate in WordPress events annually or occasionally,82,26.6
Uses AI at work,Uses AI,308,51,Relationship to official events,I used to participate in WordPress events but I no longer do,68,22.1
Uses AI at work,Uses AI,308,51,Relationship to official events,I have not attended any WordPress events and I'm not interested in attending,46,14.9
Uses AI at work,Uses AI,308,51,Relationship to official events,I have not attended any WordPress events but I'd like to or am planning to,21,6.8
Uses AI at work,Uses AI,308,51,Relationship to official events,Other (please describe),7,2.3
Uses AI at work,Uses AI,308,71,AI impact so far,AI has had a positive impact on my work or income,153,49.7
Uses AI at work,Uses AI,308,71,AI impact so far,AI has not significantly impacted my work or income,87,28.2
Uses AI at work,Uses AI,308,71,AI impact so far,AI has had a negative impact on my work or income,50,16.2
Uses AI at work,Uses AI,308,71,AI impact so far,Other (please describe),18,5.8
Uses AI at work,Uses AI,308,73,AI impact expected,AI will probably positively impact my work or income in the future,145,47.1
Uses AI at work,Uses AI,308,73,AI impact expected,AI will probably negatively impact my work or income in the future,112,36.4
Uses AI at work,Uses AI,308,73,AI impact expected,AI will probably not impact my work or income in the future,28,9.1
Uses AI at work,Uses AI,308,73,AI impact expected,Other (please describe),23,7.5
Uses AI at work,Uses AI,308,29,Sentiment toward WordPress changed,Yes,228,74.0
Uses AI at work,Uses AI,308,29,Sentiment toward WordPress changed,No,80,26.0
Uses AI at work,Uses AI,308,50,Events important to me,Agree,99,32.1
Uses AI at work,Uses AI,308,50,Events important to me,Strongly agree,85,27.6
Uses AI at work,Uses AI,308,50,Events important to me,Neutral,52,16.9
Uses AI at work,Uses AI,308,50,Events important to me,Strongly disagree,39,12.7
Uses AI at work,Uses AI,308,50,Events important to me,Disagree,33,10.7
Uses AI at work,Uses AI,308,23,Tenure (current members),15+ years,99,32.1
Uses AI at work,Uses AI,308,23,Tenure (current members),10-15 years,87,28.2
Uses AI at work,Uses AI,308,23,Tenure (current members),6-10 years,41,13.3
Uses AI at work,Uses AI,308,23,Tenure (current members),3-6 years,15,4.9
Uses AI at work,Uses AI,308,23,Tenure (current members),1-2 years,2,0.6
Uses AI at work,Uses AI,308,23,Tenure (current members),Less than 1 year,1,0.3
Uses AI at work,Uses AI,308,25,Tenure (former members),10-15 years,8,2.6
Uses AI at work,Uses AI,308,25,Tenure (former members),6-10 years,7,2.3
Uses AI at work,Uses AI,308,25,Tenure (former members),1-2 years,6,1.9
Uses AI at work,Uses AI,308,25,Tenure (former members),3-6 years,6,1.9
Uses AI at work,Uses AI,308,25,Tenure (former members),15+ years,6,1.9
Uses AI at work,Uses AI,308,25,Tenure (former members),Less than 1 year,3,1.0
Uses AI at work,Does not use AI,123,28,Sentiment: WordPress now,Negative,43,35.0
Uses AI at work,Does not use AI,123,28,Sentiment: WordPress now,Neutral / Unsure,30,24.4
Uses AI at work,Does not use AI,123,28,Sentiment: WordPress now,Very negative,24,19.5
Uses AI at work,Does not use AI,123,28,Sentiment: WordPress now,Positive,24,19.5
Uses AI at work,Does not use AI,123,28,Sentiment: WordPress now,Very positive,2,1.6
Uses AI at work,Does not use AI,123,31,Sentiment: WordPress future,Negative,46,37.4
Uses AI at work,Does not use AI,123,31,Sentiment: WordPress future,Neutral / Unsure,40,32.5
Uses AI at work,Does not use AI,123,31,Sentiment: WordPress future,Very negative,26,21.1
Uses AI at work,Does not use AI,123,31,Sentiment: WordPress future,Positive,10,8.1
Uses AI at work,Does not use AI,123,31,Sentiment: WordPress future,Very positive,1,0.8
Uses AI at work,Does not use AI,123,59,Sentiment: open source software,Very positive,55,44.7
Uses AI at work,Does not use AI,123,59,Sentiment: open source software,Positive,45,36.6
Uses AI at work,Does not use AI,123,59,Sentiment: open source software,Neutral / Unsure,12,9.8
Uses AI at work,Does not use AI,123,59,Sentiment: open source software,Negative,7,5.7
Uses AI at work,Does not use AI,123,59,Sentiment: open source software,Very negative,4,3.3
Uses AI at work,Does not use AI,123,68,Sentiment: AI in WordPress,Very negative,106,86.2
Uses AI at work,Does not use AI,123,68,Sentiment: AI in WordPress,Negative,10,8.1
Uses AI at work,Does not use AI,123,68,Sentiment: AI in WordPress,Neutral / Unsure,7,5.7
Uses AI at work,Does not use AI,123,69,Sentiment: AI in web development,Very negative,106,86.2
Uses AI at work,Does not use AI,123,69,Sentiment: AI in web development,Negative,11,8.9
Uses AI at work,Does not use AI,123,69,Sentiment: AI in web development,Neutral / Unsure,6,4.9
Uses AI at work,Does not use AI,123,37,Change in participation,No change / About the same,74,60.2
Uses AI at work,Does not use AI,123,37,Change in participation,Decreased,26,21.1
Uses AI at work,Does not use AI,123,37,Change in participation,Significantly decreased,19,15.4
Uses AI at work,Does not use AI,123,37,Change in participation,Increased,3,2.4
Uses AI at work,Does not use AI,123,37,Change in participation,Significantly increased,1,0.8
Uses AI at work,Does not use AI,123,36,Level of participation,Observational only,46,37.4
Uses AI at work,Does not use AI,123,36,Level of participation,Occasional participation,31,25.2
Uses AI at work,Does not use AI,123,36,Level of participation,Inactive,18,14.6
Uses AI at work,Does not use AI,123,36,Level of participation,Do not participate / Not applicable,17,13.8
Uses AI at work,Does not use AI,123,36,Level of participation,Moderately active participation,8,6.5
Uses AI at work,Does not use AI,123,36,Level of participation,Very active participation,3,2.4
Uses AI at work,Does not use AI,123,19,Considers self a contributor,Disagree,38,30.9
Uses AI at work,Does not use AI,123,19,Considers self a contributor,Strongly disagree,38,30.9
Uses AI at work,Does not use AI,123,19,Considers self a contributor,Neutral,20,16.3
Uses AI at work,Does not use AI,123,19,Considers self a contributor,Agree,17,13.8
Uses AI at work,Does not use AI,123,19,Considers self a contributor,Strongly agree,10,8.1
Uses AI at work,Does not use AI,123,22,Considers self a community member,Agree,48,39.0
Uses AI at work,Does not use AI,123,22,Considers self a community member,Neutral,34,27.6
Uses AI at work,Does not use AI,123,22,Considers self a community member,Disagree,16,13.0
Uses AI at work,Does not use AI,123,22,Considers self a community member,Strongly agree,15,12.2
Uses AI at work,Does not use AI,123,22,Considers self a community member,Strongly disagree,10,8.1
Uses AI at work,Does not use AI,123,15,Ever paid for participation,No - I am not paid for any of my participation in WordPress,88,71.5
Uses AI at work,Does not use AI,123,15,Ever paid for participation,Yes directly - Some or all of my work duties include participating in WordPress,19,15.4
Uses AI at work,Does not use AI,123,15,Ever paid for participation,Yes indirectly - I participate in WordPress for work but am not required to do so,16,13.0
Uses AI at work,Does not use AI,123,51,Relationship to official events,I have not attended any WordPress events and I'm not interested in attending,74,60.2
Uses AI at work,Does not use AI,123,51,Relationship to official events,I used to participate in WordPress events but I no longer do,26,21.1
Uses AI at work,Does not use AI,123,51,Relationship to official events,I participate in WordPress events annually or occasionally,8,6.5
Uses AI at work,Does not use AI,123,51,Relationship to official events,I have not attended any WordPress events but I'd like to or am planning to,7,5.7
Uses AI at work,Does not use AI,123,51,Relationship to official events,I participate in WordPress events multiple times per year,7,5.7
Uses AI at work,Does not use AI,123,51,Relationship to official events,Other (please describe),1,0.8
Uses AI at work,Does not use AI,123,71,AI impact so far,AI has had a negative impact on my work or income,60,48.8
Uses AI at work,Does not use AI,123,71,AI impact so far,AI has not significantly impacted my work or income,54,43.9
Uses AI at work,Does not use AI,123,71,AI impact so far,Other (please describe),9,7.3
Uses AI at work,Does not use AI,123,73,AI impact expected,AI will probably negatively impact my work or income in the future,91,74.0
Uses AI at work,Does not use AI,123,73,AI impact expected,AI will probably not impact my work or income in the future,23,18.7
Uses AI at work,Does not use AI,123,73,AI impact expected,Other (please describe),9,7.3
Uses AI at work,Does not use AI,123,29,Sentiment toward WordPress changed,Yes,105,85.4
Uses AI at work,Does not use AI,123,29,Sentiment toward WordPress changed,No,18,14.6
Uses AI at work,Does not use AI,123,50,Events important to me,Strongly disagree,45,36.6
Uses AI at work,Does not use AI,123,50,Events important to me,Disagree,35,28.5
Uses AI at work,Does not use AI,123,50,Events important to me,Neutral,26,21.1
Uses AI at work,Does not use AI,123,50,Events important to me,Agree,10,8.1
Uses AI at work,Does not use AI,123,50,Events important to me,Strongly agree,7,5.7
Uses AI at work,Does not use AI,123,23,Tenure (current members),15+ years,28,22.8
Uses AI at work,Does not use AI,123,23,Tenure (current members),10-15 years,23,18.7
Uses AI at work,Does not use AI,123,23,Tenure (current members),6-10 years,6,4.9
Uses AI at work,Does not use AI,123,23,Tenure (current members),1-2 years,3,2.4
Uses AI at work,Does not use AI,123,23,Tenure (current members),3-6 years,3,2.4
Uses AI at work,Does not use AI,123,25,Tenure (former members),3-6 years,5,4.1
Uses AI at work,Does not use AI,123,25,Tenure (former members),10-15 years,4,3.3
Uses AI at work,Does not use AI,123,25,Tenure (former members),1-2 years,4,3.3
Uses AI at work,Does not use AI,123,25,Tenure (former members),Less than 1 year,3,2.4
Uses AI at work,Does not use AI,123,25,Tenure (former members),15+ years,2,1.6
Uses AI at work,Does not use AI,123,25,Tenure (former members),6-10 years,2,1.6
Contributes to open source elsewhere,Yes,228,28,Sentiment: WordPress now,Negative,68,29.8
Contributes to open source elsewhere,Yes,228,28,Sentiment: WordPress now,Neutral / Unsure,58,25.4
Contributes to open source elsewhere,Yes,228,28,Sentiment: WordPress now,Positive,56,24.6
Contributes to open source elsewhere,Yes,228,28,Sentiment: WordPress now,Very negative,38,16.7
Contributes to open source elsewhere,Yes,228,28,Sentiment: WordPress now,Very positive,8,3.5
Contributes to open source elsewhere,Yes,228,31,Sentiment: WordPress future,Negative,74,32.5
Contributes to open source elsewhere,Yes,228,31,Sentiment: WordPress future,Neutral / Unsure,72,31.6
Contributes to open source elsewhere,Yes,228,31,Sentiment: WordPress future,Very negative,36,15.8
Contributes to open source elsewhere,Yes,228,31,Sentiment: WordPress future,Positive,32,14.0
Contributes to open source elsewhere,Yes,228,31,Sentiment: WordPress future,Very positive,14,6.1
Contributes to open source elsewhere,Yes,228,59,Sentiment: open source software,Very positive,106,46.5
Contributes to open source elsewhere,Yes,228,59,Sentiment: open source software,Positive,84,36.8
Contributes to open source elsewhere,Yes,228,59,Sentiment: open source software,Neutral / Unsure,25,11.0
Contributes to open source elsewhere,Yes,228,59,Sentiment: open source software,Negative,10,4.4
Contributes to open source elsewhere,Yes,228,59,Sentiment: open source software,Very negative,3,1.3
Contributes to open source elsewhere,Yes,228,68,Sentiment: AI in WordPress,Very negative,100,43.9
Contributes to open source elsewhere,Yes,228,68,Sentiment: AI in WordPress,Neutral / Unsure,58,25.4
Contributes to open source elsewhere,Yes,228,68,Sentiment: AI in WordPress,Negative,30,13.2
Contributes to open source elsewhere,Yes,228,68,Sentiment: AI in WordPress,Positive,28,12.3
Contributes to open source elsewhere,Yes,228,68,Sentiment: AI in WordPress,Very positive,12,5.3
Contributes to open source elsewhere,Yes,228,69,Sentiment: AI in web development,Very negative,89,39.0
Contributes to open source elsewhere,Yes,228,69,Sentiment: AI in web development,Positive,42,18.4
Contributes to open source elsewhere,Yes,228,69,Sentiment: AI in web development,Neutral / Unsure,33,14.5
Contributes to open source elsewhere,Yes,228,69,Sentiment: AI in web development,Negative,32,14.0
Contributes to open source elsewhere,Yes,228,69,Sentiment: AI in web development,Very positive,32,14.0
Contributes to open source elsewhere,Yes,228,37,Change in participation,No change / About the same,92,40.4
Contributes to open source elsewhere,Yes,228,37,Change in participation,Decreased,55,24.1
Contributes to open source elsewhere,Yes,228,37,Change in participation,Significantly decreased,47,20.6
Contributes to open source elsewhere,Yes,228,37,Change in participation,Increased,27,11.8
Contributes to open source elsewhere,Yes,228,37,Change in participation,Significantly increased,7,3.1
Contributes to open source elsewhere,Yes,228,36,Level of participation,Occasional participation,85,37.3
Contributes to open source elsewhere,Yes,228,36,Level of participation,Observational only,51,22.4
Contributes to open source elsewhere,Yes,228,36,Level of participation,Moderately active participation,40,17.5
Contributes to open source elsewhere,Yes,228,36,Level of participation,Very active participation,20,8.8
Contributes to open source elsewhere,Yes,228,36,Level of participation,Inactive,18,7.9
Contributes to open source elsewhere,Yes,228,36,Level of participation,Do not participate / Not applicable,14,6.1
Contributes to open source elsewhere,Yes,228,19,Considers self a contributor,Agree,58,25.4
Contributes to open source elsewhere,Yes,228,19,Considers self a contributor,Strongly agree,49,21.5
Contributes to open source elsewhere,Yes,228,19,Considers self a contributor,Neutral,47,20.6
Contributes to open source elsewhere,Yes,228,19,Considers self a contributor,Strongly disagree,38,16.7
Contributes to open source elsewhere,Yes,228,19,Considers self a contributor,Disagree,36,15.8
Contributes to open source elsewhere,Yes,228,22,Considers self a community member,Agree,82,36.0
Contributes to open source elsewhere,Yes,228,22,Considers self a community member,Strongly agree,77,33.8
Contributes to open source elsewhere,Yes,228,22,Considers self a community member,Neutral,43,18.9
Contributes to open source elsewhere,Yes,228,22,Considers self a community member,Disagree,18,7.9
Contributes to open source elsewhere,Yes,228,22,Considers self a community member,Strongly disagree,8,3.5
Contributes to open source elsewhere,Yes,228,15,Ever paid for participation,No - I am not paid for any of my participation in WordPress,125,54.8
Contributes to open source elsewhere,Yes,228,15,Ever paid for participation,Yes directly - Some or all of my work duties include participating in WordPress,60,26.3
Contributes to open source elsewhere,Yes,228,15,Ever paid for participation,Yes indirectly - I participate in WordPress for work but am not required to do so,43,18.9
Contributes to open source elsewhere,Yes,228,51,Relationship to official events,I have not attended any WordPress events and I'm not interested in attending,71,31.1
Contributes to open source elsewhere,Yes,228,51,Relationship to official events,I used to participate in WordPress events but I no longer do,51,22.4
Contributes to open source elsewhere,Yes,228,51,Relationship to official events,I participate in WordPress events multiple times per year,46,20.2
Contributes to open source elsewhere,Yes,228,51,Relationship to official events,I participate in WordPress events annually or occasionally,43,18.9
Contributes to open source elsewhere,Yes,228,51,Relationship to official events,I have not attended any WordPress events but I'd like to or am planning to,12,5.3
Contributes to open source elsewhere,Yes,228,51,Relationship to official events,Other (please describe),5,2.2
Contributes to open source elsewhere,Yes,228,71,AI impact so far,AI has not significantly impacted my work or income,77,33.8
Contributes to open source elsewhere,Yes,228,71,AI impact so far,AI has had a positive impact on my work or income,68,29.8
Contributes to open source elsewhere,Yes,228,71,AI impact so far,AI has had a negative impact on my work or income,66,28.9
Contributes to open source elsewhere,Yes,228,71,AI impact so far,Other (please describe),17,7.5
Contributes to open source elsewhere,Yes,228,73,AI impact expected,AI will probably negatively impact my work or income in the future,113,49.6
Contributes to open source elsewhere,Yes,228,73,AI impact expected,AI will probably positively impact my work or income in the future,68,29.8
Contributes to open source elsewhere,Yes,228,73,AI impact expected,AI will probably not impact my work or income in the future,30,13.2
Contributes to open source elsewhere,Yes,228,73,AI impact expected,Other (please describe),17,7.5
Contributes to open source elsewhere,Yes,228,29,Sentiment toward WordPress changed,Yes,183,80.3
Contributes to open source elsewhere,Yes,228,29,Sentiment toward WordPress changed,No,45,19.7
Contributes to open source elsewhere,Yes,228,50,Events important to me,Strongly disagree,50,21.9
Contributes to open source elsewhere,Yes,228,50,Events important to me,Agree,49,21.5
Contributes to open source elsewhere,Yes,228,50,Events important to me,Neutral,45,19.7
Contributes to open source elsewhere,Yes,228,50,Events important to me,Disagree,43,18.9
Contributes to open source elsewhere,Yes,228,50,Events important to me,Strongly agree,41,18.0
Contributes to open source elsewhere,Yes,228,23,Tenure (current members),15+ years,77,33.8
Contributes to open source elsewhere,Yes,228,23,Tenure (current members),10-15 years,52,22.8
Contributes to open source elsewhere,Yes,228,23,Tenure (current members),6-10 years,19,8.3
Contributes to open source elsewhere,Yes,228,23,Tenure (current members),3-6 years,9,3.9
Contributes to open source elsewhere,Yes,228,23,Tenure (current members),1-2 years,2,0.9
Contributes to open source elsewhere,Yes,228,25,Tenure (former members),1-2 years,8,3.5
Contributes to open source elsewhere,Yes,228,25,Tenure (former members),10-15 years,6,2.6
Contributes to open source elsewhere,Yes,228,25,Tenure (former members),3-6 years,6,2.6
Contributes to open source elsewhere,Yes,228,25,Tenure (former members),6-10 years,5,2.2
Contributes to open source elsewhere,Yes,228,25,Tenure (former members),15+ years,4,1.8
Contributes to open source elsewhere,Yes,228,25,Tenure (former members),Less than 1 year,2,0.9
Contributes to open source elsewhere,No,203,28,Sentiment: WordPress now,Neutral / Unsure,68,33.5
Contributes to open source elsewhere,No,203,28,Sentiment: WordPress now,Positive,65,32.0
Contributes to open source elsewhere,No,203,28,Sentiment: WordPress now,Negative,43,21.2
Contributes to open source elsewhere,No,203,28,Sentiment: WordPress now,Very negative,15,7.4
Contributes to open source elsewhere,No,203,28,Sentiment: WordPress now,Very positive,12,5.9
Contributes to open source elsewhere,No,203,31,Sentiment: WordPress future,Neutral / Unsure,86,42.4
Contributes to open source elsewhere,No,203,31,Sentiment: WordPress future,Positive,51,25.1
Contributes to open source elsewhere,No,203,31,Sentiment: WordPress future,Negative,47,23.2
Contributes to open source elsewhere,No,203,31,Sentiment: WordPress future,Very negative,11,5.4
Contributes to open source elsewhere,No,203,31,Sentiment: WordPress future,Very positive,8,3.9
Contributes to open source elsewhere,No,203,59,Sentiment: open source software,Positive,98,48.3
Contributes to open source elsewhere,No,203,59,Sentiment: open source software,Very positive,64,31.5
Contributes to open source elsewhere,No,203,59,Sentiment: open source software,Neutral / Unsure,37,18.2
Contributes to open source elsewhere,No,203,59,Sentiment: open source software,Negative,3,1.5
Contributes to open source elsewhere,No,203,59,Sentiment: open source software,Very negative,1,0.5
Contributes to open source elsewhere,No,203,68,Sentiment: AI in WordPress,Neutral / Unsure,85,41.9
Contributes to open source elsewhere,No,203,68,Sentiment: AI in WordPress,Very negative,57,28.1
Contributes to open source elsewhere,No,203,68,Sentiment: AI in WordPress,Positive,28,13.8
Contributes to open source elsewhere,No,203,68,Sentiment: AI in WordPress,Negative,28,13.8
Contributes to open source elsewhere,No,203,68,Sentiment: AI in WordPress,Very positive,5,2.5
Contributes to open source elsewhere,No,203,69,Sentiment: AI in web development,Neutral / Unsure,56,27.6
Contributes to open source elsewhere,No,203,69,Sentiment: AI in web development,Positive,53,26.1
Contributes to open source elsewhere,No,203,69,Sentiment: AI in web development,Very negative,51,25.1
Contributes to open source elsewhere,No,203,69,Sentiment: AI in web development,Very positive,22,10.8
Contributes to open source elsewhere,No,203,69,Sentiment: AI in web development,Negative,21,10.3
Contributes to open source elsewhere,No,203,37,Change in participation,No change / About the same,107,52.7
Contributes to open source elsewhere,No,203,37,Change in participation,Decreased,39,19.2
Contributes to open source elsewhere,No,203,37,Change in participation,Significantly decreased,26,12.8
Contributes to open source elsewhere,No,203,37,Change in participation,Increased,21,10.3
Contributes to open source elsewhere,No,203,37,Change in participation,Significantly increased,10,4.9
Contributes to open source elsewhere,No,203,36,Level of participation,Occasional participation,59,29.1
Contributes to open source elsewhere,No,203,36,Level of participation,Observational only,46,22.7
Contributes to open source elsewhere,No,203,36,Level of participation,Moderately active participation,36,17.7
Contributes to open source elsewhere,No,203,36,Level of participation,Very active participation,24,11.8
Contributes to open source elsewhere,No,203,36,Level of participation,Do not participate / Not applicable,21,10.3
Contributes to open source elsewhere,No,203,36,Level of participation,Inactive,17,8.4
Contributes to open source elsewhere,No,203,19,Considers self a contributor,Agree,47,23.2
Contributes to open source elsewhere,No,203,19,Considers self a contributor,Disagree,45,22.2
Contributes to open source elsewhere,No,203,19,Considers self a contributor,Neutral,43,21.2
Contributes to open source elsewhere,No,203,19,Considers self a contributor,Strongly disagree,41,20.2
Contributes to open source elsewhere,No,203,19,Considers self a contributor,Strongly agree,27,13.3
Contributes to open source elsewhere,No,203,22,Considers self a community member,Agree,84,41.4
Contributes to open source elsewhere,No,203,22,Considers self a community member,Strongly agree,65,32.0
Contributes to open source elsewhere,No,203,22,Considers self a community member,Neutral,27,13.3
Contributes to open source elsewhere,No,203,22,Considers self a community member,Disagree,18,8.9
Contributes to open source elsewhere,No,203,22,Considers self a community member,Strongly disagree,9,4.4
Contributes to open source elsewhere,No,203,15,Ever paid for participation,No - I am not paid for any of my participation in WordPress,123,60.6
Contributes to open source elsewhere,No,203,15,Ever paid for participation,Yes directly - Some or all of my work duties include participating in WordPress,56,27.6
Contributes to open source elsewhere,No,203,15,Ever paid for participation,Yes indirectly - I participate in WordPress for work but am not required to do so,24,11.8
Contributes to open source elsewhere,No,203,51,Relationship to official events,I have not attended any WordPress events and I'm not interested in attending,49,24.1
Contributes to open source elsewhere,No,203,51,Relationship to official events,I participate in WordPress events annually or occasionally,47,23.2
Contributes to open source elsewhere,No,203,51,Relationship to official events,I participate in WordPress events multiple times per year,45,22.2
Contributes to open source elsewhere,No,203,51,Relationship to official events,I used to participate in WordPress events but I no longer do,43,21.2
Contributes to open source elsewhere,No,203,51,Relationship to official events,I have not attended any WordPress events but I'd like to or am planning to,16,7.9
Contributes to open source elsewhere,No,203,51,Relationship to official events,Other (please describe),3,1.5
Contributes to open source elsewhere,No,203,71,AI impact so far,AI has had a positive impact on my work or income,85,41.9
Contributes to open source elsewhere,No,203,71,AI impact so far,AI has not significantly impacted my work or income,64,31.5
Contributes to open source elsewhere,No,203,71,AI impact so far,AI has had a negative impact on my work or income,44,21.7
Contributes to open source elsewhere,No,203,71,AI impact so far,Other (please describe),10,4.9
Contributes to open source elsewhere,No,203,73,AI impact expected,AI will probably negatively impact my work or income in the future,90,44.3
Contributes to open source elsewhere,No,203,73,AI impact expected,AI will probably positively impact my work or income in the future,77,37.9
Contributes to open source elsewhere,No,203,73,AI impact expected,AI will probably not impact my work or income in the future,21,10.3
Contributes to open source elsewhere,No,203,73,AI impact expected,Other (please describe),15,7.4
Contributes to open source elsewhere,No,203,29,Sentiment toward WordPress changed,Yes,150,73.9
Contributes to open source elsewhere,No,203,29,Sentiment toward WordPress changed,No,53,26.1
Contributes to open source elsewhere,No,203,50,Events important to me,Agree,60,29.6
Contributes to open source elsewhere,No,203,50,Events important to me,Strongly agree,51,25.1
Contributes to open source elsewhere,No,203,50,Events important to me,Strongly disagree,34,16.7
Contributes to open source elsewhere,No,203,50,Events important to me,Neutral,33,16.3
Contributes to open source elsewhere,No,203,50,Events important to me,Disagree,25,12.3
Contributes to open source elsewhere,No,203,23,Tenure (current members),10-15 years,58,28.6
Contributes to open source elsewhere,No,203,23,Tenure (current members),15+ years,50,24.6
Contributes to open source elsewhere,No,203,23,Tenure (current members),6-10 years,28,13.8
Contributes to open source elsewhere,No,203,23,Tenure (current members),3-6 years,9,4.4
Contributes to open source elsewhere,No,203,23,Tenure (current members),1-2 years,3,1.5
Contributes to open source elsewhere,No,203,23,Tenure (current members),Less than 1 year,1,0.5
Contributes to open source elsewhere,No,203,25,Tenure (former members),10-15 years,6,3.0
Contributes to open source elsewhere,No,203,25,Tenure (former members),3-6 years,5,2.5
Contributes to open source elsewhere,No,203,25,Tenure (former members),Less than 1 year,4,2.0
Contributes to open source elsewhere,No,203,25,Tenure (former members),6-10 years,4,2.0
Contributes to open source elsewhere,No,203,25,Tenure (former members),15+ years,4,2.0
Contributes to open source elsewhere,No,203,25,Tenure (former members),1-2 years,2,1.0
Volunteers outside WordPress and open source,Yes,251,28,Sentiment: WordPress now,Negative,71,28.3
Volunteers outside WordPress and open source,Yes,251,28,Sentiment: WordPress now,Positive,67,26.7
Volunteers outside WordPress and open source,Yes,251,28,Sentiment: WordPress now,Neutral / Unsure,66,26.3
Volunteers outside WordPress and open source,Yes,251,28,Sentiment: WordPress now,Very negative,37,14.7
Volunteers outside WordPress and open source,Yes,251,28,Sentiment: WordPress now,Very positive,10,4.0
Volunteers outside WordPress and open source,Yes,251,31,Sentiment: WordPress future,Neutral / Unsure,87,34.7
Volunteers outside WordPress and open source,Yes,251,31,Sentiment: WordPress future,Negative,78,31.1
Volunteers outside WordPress and open source,Yes,251,31,Sentiment: WordPress future,Positive,38,15.1
Volunteers outside WordPress and open source,Yes,251,31,Sentiment: WordPress future,Very negative,34,13.5
Volunteers outside WordPress and open source,Yes,251,31,Sentiment: WordPress future,Very positive,14,5.6
Volunteers outside WordPress and open source,Yes,251,59,Sentiment: open source software,Very positive,108,43.0
Volunteers outside WordPress and open source,Yes,251,59,Sentiment: open source software,Positive,100,39.8
Volunteers outside WordPress and open source,Yes,251,59,Sentiment: open source software,Neutral / Unsure,30,12.0
Volunteers outside WordPress and open source,Yes,251,59,Sentiment: open source software,Negative,10,4.0
Volunteers outside WordPress and open source,Yes,251,59,Sentiment: open source software,Very negative,3,1.2
Volunteers outside WordPress and open source,Yes,251,68,Sentiment: AI in WordPress,Very negative,115,45.8
Volunteers outside WordPress and open source,Yes,251,68,Sentiment: AI in WordPress,Neutral / Unsure,67,26.7
Volunteers outside WordPress and open source,Yes,251,68,Sentiment: AI in WordPress,Negative,33,13.1
Volunteers outside WordPress and open source,Yes,251,68,Sentiment: AI in WordPress,Positive,27,10.8
Volunteers outside WordPress and open source,Yes,251,68,Sentiment: AI in WordPress,Very positive,9,3.6
Volunteers outside WordPress and open source,Yes,251,69,Sentiment: AI in web development,Very negative,99,39.4
Volunteers outside WordPress and open source,Yes,251,69,Sentiment: AI in web development,Neutral / Unsure,49,19.5
Volunteers outside WordPress and open source,Yes,251,69,Sentiment: AI in web development,Positive,44,17.5
Volunteers outside WordPress and open source,Yes,251,69,Sentiment: AI in web development,Very positive,30,12.0
Volunteers outside WordPress and open source,Yes,251,69,Sentiment: AI in web development,Negative,29,11.6
Volunteers outside WordPress and open source,Yes,251,37,Change in participation,No change / About the same,108,43.0
Volunteers outside WordPress and open source,Yes,251,37,Change in participation,Decreased,55,21.9
Volunteers outside WordPress and open source,Yes,251,37,Change in participation,Significantly decreased,50,19.9
Volunteers outside WordPress and open source,Yes,251,37,Change in participation,Increased,26,10.4
Volunteers outside WordPress and open source,Yes,251,37,Change in participation,Significantly increased,12,4.8
Volunteers outside WordPress and open source,Yes,251,36,Level of participation,Occasional participation,79,31.5
Volunteers outside WordPress and open source,Yes,251,36,Level of participation,Observational only,57,22.7
Volunteers outside WordPress and open source,Yes,251,36,Level of participation,Moderately active participation,47,18.7
Volunteers outside WordPress and open source,Yes,251,36,Level of participation,Inactive,25,10.0
Volunteers outside WordPress and open source,Yes,251,36,Level of participation,Very active participation,23,9.2
Volunteers outside WordPress and open source,Yes,251,36,Level of participation,Do not participate / Not applicable,20,8.0
Volunteers outside WordPress and open source,Yes,251,19,Considers self a contributor,Agree,64,25.5
Volunteers outside WordPress and open source,Yes,251,19,Considers self a contributor,Disagree,48,19.1
Volunteers outside WordPress and open source,Yes,251,19,Considers self a contributor,Neutral,47,18.7
Volunteers outside WordPress and open source,Yes,251,19,Considers self a contributor,Strongly agree,46,18.3
Volunteers outside WordPress and open source,Yes,251,19,Considers self a contributor,Strongly disagree,46,18.3
Volunteers outside WordPress and open source,Yes,251,22,Considers self a community member,Agree,92,36.7
Volunteers outside WordPress and open source,Yes,251,22,Considers self a community member,Strongly agree,80,31.9
Volunteers outside WordPress and open source,Yes,251,22,Considers self a community member,Neutral,51,20.3
Volunteers outside WordPress and open source,Yes,251,22,Considers self a community member,Disagree,19,7.6
Volunteers outside WordPress and open source,Yes,251,22,Considers self a community member,Strongly disagree,9,3.6
Volunteers outside WordPress and open source,Yes,251,15,Ever paid for participation,No - I am not paid for any of my participation in WordPress,140,55.8
Volunteers outside WordPress and open source,Yes,251,15,Ever paid for participation,Yes directly - Some or all of my work duties include participating in WordPress,71,28.3
Volunteers outside WordPress and open source,Yes,251,15,Ever paid for participation,Yes indirectly - I participate in WordPress for work but am not required to do so,40,15.9
Volunteers outside WordPress and open source,Yes,251,51,Relationship to official events,I have not attended any WordPress events and I'm not interested in attending,80,31.9
Volunteers outside WordPress and open source,Yes,251,51,Relationship to official events,I used to participate in WordPress events but I no longer do,62,24.7
Volunteers outside WordPress and open source,Yes,251,51,Relationship to official events,I participate in WordPress events multiple times per year,48,19.1
Volunteers outside WordPress and open source,Yes,251,51,Relationship to official events,I participate in WordPress events annually or occasionally,43,17.1
Volunteers outside WordPress and open source,Yes,251,51,Relationship to official events,I have not attended any WordPress events but I'd like to or am planning to,13,5.2
Volunteers outside WordPress and open source,Yes,251,51,Relationship to official events,Other (please describe),5,2.0
Volunteers outside WordPress and open source,Yes,251,71,AI impact so far,AI has not significantly impacted my work or income,82,32.7
Volunteers outside WordPress and open source,Yes,251,71,AI impact so far,AI has had a positive impact on my work or income,80,31.9
Volunteers outside WordPress and open source,Yes,251,71,AI impact so far,AI has had a negative impact on my work or income,71,28.3
Volunteers outside WordPress and open source,Yes,251,71,AI impact so far,Other (please describe),18,7.2
Volunteers outside WordPress and open source,Yes,251,73,AI impact expected,AI will probably negatively impact my work or income in the future,121,48.2
Volunteers outside WordPress and open source,Yes,251,73,AI impact expected,AI will probably positively impact my work or income in the future,76,30.3
Volunteers outside WordPress and open source,Yes,251,73,AI impact expected,AI will probably not impact my work or income in the future,33,13.1
Volunteers outside WordPress and open source,Yes,251,73,AI impact expected,Other (please describe),21,8.4
Volunteers outside WordPress and open source,Yes,251,29,Sentiment toward WordPress changed,Yes,201,80.1
Volunteers outside WordPress and open source,Yes,251,29,Sentiment toward WordPress changed,No,50,19.9
Volunteers outside WordPress and open source,Yes,251,50,Events important to me,Strongly disagree,60,23.9
Volunteers outside WordPress and open source,Yes,251,50,Events important to me,Strongly agree,52,20.7
Volunteers outside WordPress and open source,Yes,251,50,Events important to me,Neutral,48,19.1
Volunteers outside WordPress and open source,Yes,251,50,Events important to me,Agree,47,18.7
Volunteers outside WordPress and open source,Yes,251,50,Events important to me,Disagree,44,17.5
Volunteers outside WordPress and open source,Yes,251,23,Tenure (current members),15+ years,78,31.1
Volunteers outside WordPress and open source,Yes,251,23,Tenure (current members),10-15 years,57,22.7
Volunteers outside WordPress and open source,Yes,251,23,Tenure (current members),6-10 years,25,10.0
Volunteers outside WordPress and open source,Yes,251,23,Tenure (current members),3-6 years,9,3.6
Volunteers outside WordPress and open source,Yes,251,23,Tenure (current members),1-2 years,3,1.2
Volunteers outside WordPress and open source,Yes,251,25,Tenure (former members),6-10 years,8,3.2
Volunteers outside WordPress and open source,Yes,251,25,Tenure (former members),3-6 years,7,2.8
Volunteers outside WordPress and open source,Yes,251,25,Tenure (former members),10-15 years,7,2.8
Volunteers outside WordPress and open source,Yes,251,25,Tenure (former members),1-2 years,5,2.0
Volunteers outside WordPress and open source,Yes,251,25,Tenure (former members),15+ years,5,2.0
Volunteers outside WordPress and open source,Yes,251,25,Tenure (former members),Less than 1 year,4,1.6
Volunteers outside WordPress and open source,No,180,28,Sentiment: WordPress now,Neutral / Unsure,60,33.3
Volunteers outside WordPress and open source,No,180,28,Sentiment: WordPress now,Positive,54,30.0
Volunteers outside WordPress and open source,No,180,28,Sentiment: WordPress now,Negative,40,22.2
Volunteers outside WordPress and open source,No,180,28,Sentiment: WordPress now,Very negative,16,8.9
Volunteers outside WordPress and open source,No,180,28,Sentiment: WordPress now,Very positive,10,5.6
Volunteers outside WordPress and open source,No,180,31,Sentiment: WordPress future,Neutral / Unsure,71,39.4
Volunteers outside WordPress and open source,No,180,31,Sentiment: WordPress future,Positive,45,25.0
Volunteers outside WordPress and open source,No,180,31,Sentiment: WordPress future,Negative,43,23.9
Volunteers outside WordPress and open source,No,180,31,Sentiment: WordPress future,Very negative,13,7.2
Volunteers outside WordPress and open source,No,180,31,Sentiment: WordPress future,Very positive,8,4.4
Volunteers outside WordPress and open source,No,180,59,Sentiment: open source software,Positive,82,45.6
Volunteers outside WordPress and open source,No,180,59,Sentiment: open source software,Very positive,62,34.4
Volunteers outside WordPress and open source,No,180,59,Sentiment: open source software,Neutral / Unsure,32,17.8
Volunteers outside WordPress and open source,No,180,59,Sentiment: open source software,Negative,3,1.7
Volunteers outside WordPress and open source,No,180,59,Sentiment: open source software,Very negative,1,0.6
Volunteers outside WordPress and open source,No,180,68,Sentiment: AI in WordPress,Neutral / Unsure,76,42.2
Volunteers outside WordPress and open source,No,180,68,Sentiment: AI in WordPress,Very negative,42,23.3
Volunteers outside WordPress and open source,No,180,68,Sentiment: AI in WordPress,Positive,29,16.1
Volunteers outside WordPress and open source,No,180,68,Sentiment: AI in WordPress,Negative,25,13.9
Volunteers outside WordPress and open source,No,180,68,Sentiment: AI in WordPress,Very positive,8,4.4
Volunteers outside WordPress and open source,No,180,69,Sentiment: AI in web development,Positive,51,28.3
Volunteers outside WordPress and open source,No,180,69,Sentiment: AI in web development,Very negative,41,22.8
Volunteers outside WordPress and open source,No,180,69,Sentiment: AI in web development,Neutral / Unsure,40,22.2
Volunteers outside WordPress and open source,No,180,69,Sentiment: AI in web development,Negative,24,13.3
Volunteers outside WordPress and open source,No,180,69,Sentiment: AI in web development,Very positive,24,13.3
Volunteers outside WordPress and open source,No,180,37,Change in participation,No change / About the same,91,50.6
Volunteers outside WordPress and open source,No,180,37,Change in participation,Decreased,39,21.7
Volunteers outside WordPress and open source,No,180,37,Change in participation,Significantly decreased,23,12.8
Volunteers outside WordPress and open source,No,180,37,Change in participation,Increased,22,12.2
Volunteers outside WordPress and open source,No,180,37,Change in participation,Significantly increased,5,2.8
Volunteers outside WordPress and open source,No,180,36,Level of participation,Occasional participation,65,36.1
Volunteers outside WordPress and open source,No,180,36,Level of participation,Observational only,40,22.2
Volunteers outside WordPress and open source,No,180,36,Level of participation,Moderately active participation,29,16.1
Volunteers outside WordPress and open source,No,180,36,Level of participation,Very active participation,21,11.7
Volunteers outside WordPress and open source,No,180,36,Level of participation,Do not participate / Not applicable,15,8.3
Volunteers outside WordPress and open source,No,180,36,Level of participation,Inactive,10,5.6
Volunteers outside WordPress and open source,No,180,19,Considers self a contributor,Neutral,43,23.9
Volunteers outside WordPress and open source,No,180,19,Considers self a contributor,Agree,41,22.8
Volunteers outside WordPress and open source,No,180,19,Considers self a contributor,Disagree,33,18.3
Volunteers outside WordPress and open source,No,180,19,Considers self a contributor,Strongly disagree,33,18.3
Volunteers outside WordPress and open source,No,180,19,Considers self a contributor,Strongly agree,30,16.7
Volunteers outside WordPress and open source,No,180,22,Considers self a community member,Agree,74,41.1
Volunteers outside WordPress and open source,No,180,22,Considers self a community member,Strongly agree,62,34.4
Volunteers outside WordPress and open source,No,180,22,Considers self a community member,Neutral,19,10.6
Volunteers outside WordPress and open source,No,180,22,Considers self a community member,Disagree,17,9.4
Volunteers outside WordPress and open source,No,180,22,Considers self a community member,Strongly disagree,8,4.4
Volunteers outside WordPress and open source,No,180,15,Ever paid for participation,No - I am not paid for any of my participation in WordPress,108,60.0
Volunteers outside WordPress and open source,No,180,15,Ever paid for participation,Yes directly - Some or all of my work duties include participating in WordPress,45,25.0
Volunteers outside WordPress and open source,No,180,15,Ever paid for participation,Yes indirectly - I participate in WordPress for work but am not required to do so,27,15.0
Volunteers outside WordPress and open source,No,180,51,Relationship to official events,I participate in WordPress events annually or occasionally,47,26.1
Volunteers outside WordPress and open source,No,180,51,Relationship to official events,I participate in WordPress events multiple times per year,43,23.9
Volunteers outside WordPress and open source,No,180,51,Relationship to official events,I have not attended any WordPress events and I'm not interested in attending,40,22.2
Volunteers outside WordPress and open source,No,180,51,Relationship to official events,I used to participate in WordPress events but I no longer do,32,17.8
Volunteers outside WordPress and open source,No,180,51,Relationship to official events,I have not attended any WordPress events but I'd like to or am planning to,15,8.3
Volunteers outside WordPress and open source,No,180,51,Relationship to official events,Other (please describe),3,1.7
Volunteers outside WordPress and open source,No,180,71,AI impact so far,AI has had a positive impact on my work or income,73,40.6
Volunteers outside WordPress and open source,No,180,71,AI impact so far,AI has not significantly impacted my work or income,59,32.8
Volunteers outside WordPress and open source,No,180,71,AI impact so far,AI has had a negative impact on my work or income,39,21.7
Volunteers outside WordPress and open source,No,180,71,AI impact so far,Other (please describe),9,5.0
Volunteers outside WordPress and open source,No,180,73,AI impact expected,AI will probably negatively impact my work or income in the future,82,45.6
Volunteers outside WordPress and open source,No,180,73,AI impact expected,AI will probably positively impact my work or income in the future,69,38.3
Volunteers outside WordPress and open source,No,180,73,AI impact expected,AI will probably not impact my work or income in the future,18,10.0
Volunteers outside WordPress and open source,No,180,73,AI impact expected,Other (please describe),11,6.1
Volunteers outside WordPress and open source,No,180,29,Sentiment toward WordPress changed,Yes,132,73.3
Volunteers outside WordPress and open source,No,180,29,Sentiment toward WordPress changed,No,48,26.7
Volunteers outside WordPress and open source,No,180,50,Events important to me,Agree,62,34.4
Volunteers outside WordPress and open source,No,180,50,Events important to me,Strongly agree,40,22.2
Volunteers outside WordPress and open source,No,180,50,Events important to me,Neutral,30,16.7
Volunteers outside WordPress and open source,No,180,50,Events important to me,Strongly disagree,24,13.3
Volunteers outside WordPress and open source,No,180,50,Events important to me,Disagree,24,13.3
Volunteers outside WordPress and open source,No,180,23,Tenure (current members),10-15 years,53,29.4
Volunteers outside WordPress and open source,No,180,23,Tenure (current members),15+ years,49,27.2
Volunteers outside WordPress and open source,No,180,23,Tenure (current members),6-10 years,22,12.2
Volunteers outside WordPress and open source,No,180,23,Tenure (current members),3-6 years,9,5.0
Volunteers outside WordPress and open source,No,180,23,Tenure (current members),1-2 years,2,1.1
Volunteers outside WordPress and open source,No,180,23,Tenure (current members),Less than 1 year,1,0.6
Volunteers outside WordPress and open source,No,180,25,Tenure (former members),1-2 years,5,2.8
Volunteers outside WordPress and open source,No,180,25,Tenure (former members),10-15 years,5,2.8
Volunteers outside WordPress and open source,No,180,25,Tenure (former members),3-6 years,4,2.2
Volunteers outside WordPress and open source,No,180,25,Tenure (former members),15+ years,3,1.7
Volunteers outside WordPress and open source,No,180,25,Tenure (former members),Less than 1 year,2,1.1
Volunteers outside WordPress and open source,No,180,25,Tenure (former members),6-10 years,1,0.6
Income depends on WordPress,Yes,205,28,Sentiment: WordPress now,Positive,67,32.7
Income depends on WordPress,Yes,205,28,Sentiment: WordPress now,Neutral / Unsure,62,30.2
Income depends on WordPress,Yes,205,28,Sentiment: WordPress now,Negative,47,22.9
Income depends on WordPress,Yes,205,28,Sentiment: WordPress now,Very negative,19,9.3
Income depends on WordPress,Yes,205,28,Sentiment: WordPress now,Very positive,10,4.9
Income depends on WordPress,Yes,205,31,Sentiment: WordPress future,Neutral / Unsure,75,36.6
Income depends on WordPress,Yes,205,31,Sentiment: WordPress future,Negative,51,24.9
Income depends on WordPress,Yes,205,31,Sentiment: WordPress future,Positive,50,24.4
Income depends on WordPress,Yes,205,31,Sentiment: WordPress future,Very negative,17,8.3
Income depends on WordPress,Yes,205,31,Sentiment: WordPress future,Very positive,12,5.9
Income depends on WordPress,Yes,205,59,Sentiment: open source software,Positive,89,43.4
Income depends on WordPress,Yes,205,59,Sentiment: open source software,Very positive,76,37.1
Income depends on WordPress,Yes,205,59,Sentiment: open source software,Neutral / Unsure,36,17.6
Income depends on WordPress,Yes,205,59,Sentiment: open source software,Negative,3,1.5
Income depends on WordPress,Yes,205,59,Sentiment: open source software,Very negative,1,0.5
Income depends on WordPress,Yes,205,68,Sentiment: AI in WordPress,Neutral / Unsure,71,34.6
Income depends on WordPress,Yes,205,68,Sentiment: AI in WordPress,Very negative,52,25.4
Income depends on WordPress,Yes,205,68,Sentiment: AI in WordPress,Positive,38,18.5
Income depends on WordPress,Yes,205,68,Sentiment: AI in WordPress,Negative,29,14.1
Income depends on WordPress,Yes,205,68,Sentiment: AI in WordPress,Very positive,15,7.3
Income depends on WordPress,Yes,205,69,Sentiment: AI in web development,Positive,58,28.3
Income depends on WordPress,Yes,205,69,Sentiment: AI in web development,Neutral / Unsure,43,21.0
Income depends on WordPress,Yes,205,69,Sentiment: AI in web development,Very negative,40,19.5
Income depends on WordPress,Yes,205,69,Sentiment: AI in web development,Very positive,34,16.6
Income depends on WordPress,Yes,205,69,Sentiment: AI in web development,Negative,30,14.6
Income depends on WordPress,Yes,205,37,Change in participation,No change / About the same,91,44.4
Income depends on WordPress,Yes,205,37,Change in participation,Decreased,39,19.0
Income depends on WordPress,Yes,205,37,Change in participation,Significantly decreased,32,15.6
Income depends on WordPress,Yes,205,37,Change in participation,Increased,29,14.1
Income depends on WordPress,Yes,205,37,Change in participation,Significantly increased,14,6.8
Income depends on WordPress,Yes,205,36,Level of participation,Occasional participation,74,36.1
Income depends on WordPress,Yes,205,36,Level of participation,Moderately active participation,52,25.4
Income depends on WordPress,Yes,205,36,Level of participation,Very active participation,33,16.1
Income depends on WordPress,Yes,205,36,Level of participation,Observational only,28,13.7
Income depends on WordPress,Yes,205,36,Level of participation,Do not participate / Not applicable,12,5.9
Income depends on WordPress,Yes,205,36,Level of participation,Inactive,6,2.9
Income depends on WordPress,Yes,205,19,Considers self a contributor,Agree,63,30.7
Income depends on WordPress,Yes,205,19,Considers self a contributor,Strongly agree,53,25.9
Income depends on WordPress,Yes,205,19,Considers self a contributor,Neutral,44,21.5
Income depends on WordPress,Yes,205,19,Considers self a contributor,Disagree,24,11.7
Income depends on WordPress,Yes,205,19,Considers self a contributor,Strongly disagree,21,10.2
Income depends on WordPress,Yes,205,22,Considers self a community member,Strongly agree,102,49.8
Income depends on WordPress,Yes,205,22,Considers self a community member,Agree,72,35.1
Income depends on WordPress,Yes,205,22,Considers self a community member,Neutral,22,10.7
Income depends on WordPress,Yes,205,22,Considers self a community member,Disagree,7,3.4
Income depends on WordPress,Yes,205,22,Considers self a community member,Strongly disagree,2,1.0
Income depends on WordPress,Yes,205,15,Ever paid for participation,No - I am not paid for any of my participation in WordPress,88,42.9
Income depends on WordPress,Yes,205,15,Ever paid for participation,Yes directly - Some or all of my work duties include participating in WordPress,83,40.5
Income depends on WordPress,Yes,205,15,Ever paid for participation,Yes indirectly - I participate in WordPress for work but am not required to do so,34,16.6
Income depends on WordPress,Yes,205,51,Relationship to official events,I participate in WordPress events multiple times per year,62,30.2
Income depends on WordPress,Yes,205,51,Relationship to official events,I participate in WordPress events annually or occasionally,54,26.3
Income depends on WordPress,Yes,205,51,Relationship to official events,I used to participate in WordPress events but I no longer do,45,22.0
Income depends on WordPress,Yes,205,51,Relationship to official events,I have not attended any WordPress events and I'm not interested in attending,28,13.7
Income depends on WordPress,Yes,205,51,Relationship to official events,I have not attended any WordPress events but I'd like to or am planning to,13,6.3
Income depends on WordPress,Yes,205,51,Relationship to official events,Other (please describe),3,1.5
Income depends on WordPress,Yes,205,71,AI impact so far,AI has had a positive impact on my work or income,91,44.4
Income depends on WordPress,Yes,205,71,AI impact so far,AI has not significantly impacted my work or income,63,30.7
Income depends on WordPress,Yes,205,71,AI impact so far,AI has had a negative impact on my work or income,41,20.0
Income depends on WordPress,Yes,205,71,AI impact so far,Other (please describe),10,4.9
Income depends on WordPress,Yes,205,73,AI impact expected,AI will probably positively impact my work or income in the future,88,42.9
Income depends on WordPress,Yes,205,73,AI impact expected,AI will probably negatively impact my work or income in the future,87,42.4
Income depends on WordPress,Yes,205,73,AI impact expected,AI will probably not impact my work or income in the future,16,7.8
Income depends on WordPress,Yes,205,73,AI impact expected,Other (please describe),14,6.8
Income depends on WordPress,Yes,205,29,Sentiment toward WordPress changed,Yes,158,77.1
Income depends on WordPress,Yes,205,29,Sentiment toward WordPress changed,No,47,22.9
Income depends on WordPress,Yes,205,50,Events important to me,Strongly agree,66,32.2
Income depends on WordPress,Yes,205,50,Events important to me,Agree,57,27.8
Income depends on WordPress,Yes,205,50,Events important to me,Neutral,35,17.1
Income depends on WordPress,Yes,205,50,Events important to me,Strongly disagree,29,14.1
Income depends on WordPress,Yes,205,50,Events important to me,Disagree,18,8.8
Income depends on WordPress,Yes,205,23,Tenure (current members),15+ years,80,39.0
Income depends on WordPress,Yes,205,23,Tenure (current members),10-15 years,56,27.3
Income depends on WordPress,Yes,205,23,Tenure (current members),6-10 years,27,13.2
Income depends on WordPress,Yes,205,23,Tenure (current members),3-6 years,9,4.4
Income depends on WordPress,Yes,205,23,Tenure (current members),1-2 years,2,1.0
Income depends on WordPress,Yes,205,25,Tenure (former members),3-6 years,4,2.0
Income depends on WordPress,Yes,205,25,Tenure (former members),6-10 years,4,2.0
Income depends on WordPress,Yes,205,25,Tenure (former members),10-15 years,4,2.0
Income depends on WordPress,Yes,205,25,Tenure (former members),15+ years,4,2.0
Income depends on WordPress,Yes,205,25,Tenure (former members),Less than 1 year,2,1.0
Income depends on WordPress,No,138,28,Sentiment: WordPress now,Positive,37,26.8
Income depends on WordPress,No,138,28,Sentiment: WordPress now,Neutral / Unsure,37,26.8
Income depends on WordPress,No,138,28,Sentiment: WordPress now,Negative,36,26.1
Income depends on WordPress,No,138,28,Sentiment: WordPress now,Very negative,20,14.5
Income depends on WordPress,No,138,28,Sentiment: WordPress now,Very positive,8,5.8
Income depends on WordPress,No,138,31,Sentiment: WordPress future,Neutral / Unsure,51,37.0
Income depends on WordPress,No,138,31,Sentiment: WordPress future,Negative,41,29.7
Income depends on WordPress,No,138,31,Sentiment: WordPress future,Positive,21,15.2
Income depends on WordPress,No,138,31,Sentiment: WordPress future,Very negative,18,13.0
Income depends on WordPress,No,138,31,Sentiment: WordPress future,Very positive,7,5.1
Income depends on WordPress,No,138,59,Sentiment: open source software,Very positive,60,43.5
Income depends on WordPress,No,138,59,Sentiment: open source software,Positive,54,39.1
Income depends on WordPress,No,138,59,Sentiment: open source software,Neutral / Unsure,13,9.4
Income depends on WordPress,No,138,59,Sentiment: open source software,Negative,8,5.8
Income depends on WordPress,No,138,59,Sentiment: open source software,Very negative,3,2.2
Income depends on WordPress,No,138,68,Sentiment: AI in WordPress,Very negative,70,50.7
Income depends on WordPress,No,138,68,Sentiment: AI in WordPress,Neutral / Unsure,41,29.7
Income depends on WordPress,No,138,68,Sentiment: AI in WordPress,Negative,16,11.6
Income depends on WordPress,No,138,68,Sentiment: AI in WordPress,Positive,9,6.5
Income depends on WordPress,No,138,68,Sentiment: AI in WordPress,Very positive,2,1.4
Income depends on WordPress,No,138,69,Sentiment: AI in web development,Very negative,69,50.0
Income depends on WordPress,No,138,69,Sentiment: AI in web development,Neutral / Unsure,28,20.3
Income depends on WordPress,No,138,69,Sentiment: AI in web development,Positive,22,15.9
Income depends on WordPress,No,138,69,Sentiment: AI in web development,Very positive,10,7.2
Income depends on WordPress,No,138,69,Sentiment: AI in web development,Negative,9,6.5
Income depends on WordPress,No,138,37,Change in participation,No change / About the same,73,52.9
Income depends on WordPress,No,138,37,Change in participation,Significantly decreased,27,19.6
Income depends on WordPress,No,138,37,Change in participation,Decreased,24,17.4
Income depends on WordPress,No,138,37,Change in participation,Increased,12,8.7
Income depends on WordPress,No,138,37,Change in participation,Significantly increased,2,1.4
Income depends on WordPress,No,138,36,Level of participation,Observational only,39,28.3
Income depends on WordPress,No,138,36,Level of participation,Occasional participation,36,26.1
Income depends on WordPress,No,138,36,Level of participation,Do not participate / Not applicable,23,16.7
Income depends on WordPress,No,138,36,Level of participation,Inactive,21,15.2
Income depends on WordPress,No,138,36,Level of participation,Moderately active participation,13,9.4
Income depends on WordPress,No,138,36,Level of participation,Very active participation,6,4.3
Income depends on WordPress,No,138,19,Considers self a contributor,Strongly disagree,42,30.4
Income depends on WordPress,No,138,19,Considers self a contributor,Disagree,36,26.1
Income depends on WordPress,No,138,19,Considers self a contributor,Neutral,25,18.1
Income depends on WordPress,No,138,19,Considers self a contributor,Agree,21,15.2
Income depends on WordPress,No,138,19,Considers self a contributor,Strongly agree,14,10.1
Income depends on WordPress,No,138,22,Considers self a community member,Agree,55,39.9
Income depends on WordPress,No,138,22,Considers self a community member,Neutral,27,19.6
Income depends on WordPress,No,138,22,Considers self a community member,Strongly agree,23,16.7
Income depends on WordPress,No,138,22,Considers self a community member,Disagree,21,15.2
Income depends on WordPress,No,138,22,Considers self a community member,Strongly disagree,12,8.7
Income depends on WordPress,No,138,15,Ever paid for participation,No - I am not paid for any of my participation in WordPress,104,75.4
Income depends on WordPress,No,138,15,Ever paid for participation,Yes directly - Some or all of my work duties include participating in WordPress,20,14.5
Income depends on WordPress,No,138,15,Ever paid for participation,Yes indirectly - I participate in WordPress for work but am not required to do so,14,10.1
Income depends on WordPress,No,138,51,Relationship to official events,I have not attended any WordPress events and I'm not interested in attending,65,47.1
Income depends on WordPress,No,138,51,Relationship to official events,I used to participate in WordPress events but I no longer do,27,19.6
Income depends on WordPress,No,138,51,Relationship to official events,I participate in WordPress events annually or occasionally,19,13.8
Income depends on WordPress,No,138,51,Relationship to official events,I participate in WordPress events multiple times per year,16,11.6
Income depends on WordPress,No,138,51,Relationship to official events,I have not attended any WordPress events but I'd like to or am planning to,8,5.8
Income depends on WordPress,No,138,51,Relationship to official events,Other (please describe),3,2.2
Income depends on WordPress,No,138,71,AI impact so far,AI has not significantly impacted my work or income,52,37.7
Income depends on WordPress,No,138,71,AI impact so far,AI has had a negative impact on my work or income,45,32.6
Income depends on WordPress,No,138,71,AI impact so far,AI has had a positive impact on my work or income,35,25.4
Income depends on WordPress,No,138,71,AI impact so far,Other (please describe),6,4.3
Income depends on WordPress,No,138,73,AI impact expected,AI will probably negatively impact my work or income in the future,74,53.6
Income depends on WordPress,No,138,73,AI impact expected,AI will probably positively impact my work or income in the future,33,23.9
Income depends on WordPress,No,138,73,AI impact expected,AI will probably not impact my work or income in the future,26,18.8
Income depends on WordPress,No,138,73,AI impact expected,Other (please describe),5,3.6
Income depends on WordPress,No,138,29,Sentiment toward WordPress changed,Yes,101,73.2
Income depends on WordPress,No,138,29,Sentiment toward WordPress changed,No,37,26.8
Income depends on WordPress,No,138,50,Events important to me,Disagree,36,26.1
Income depends on WordPress,No,138,50,Events important to me,Strongly disagree,34,24.6
Income depends on WordPress,No,138,50,Events important to me,Neutral,28,20.3
Income depends on WordPress,No,138,50,Events important to me,Agree,26,18.8
Income depends on WordPress,No,138,50,Events important to me,Strongly agree,14,10.1
Income depends on WordPress,No,138,23,Tenure (current members),10-15 years,31,22.5
Income depends on WordPress,No,138,23,Tenure (current members),15+ years,27,19.6
Income depends on WordPress,No,138,23,Tenure (current members),6-10 years,10,7.2
Income depends on WordPress,No,138,23,Tenure (current members),3-6 years,7,5.1
Income depends on WordPress,No,138,23,Tenure (current members),1-2 years,2,1.4
Income depends on WordPress,No,138,23,Tenure (current members),Less than 1 year,1,0.7
Income depends on WordPress,No,138,25,Tenure (former members),1-2 years,8,5.8
Income depends on WordPress,No,138,25,Tenure (former members),Less than 1 year,4,2.9
Income depends on WordPress,No,138,25,Tenure (former members),10-15 years,4,2.9
Income depends on WordPress,No,138,25,Tenure (former members),3-6 years,4,2.9
Income depends on WordPress,No,138,25,Tenure (former members),6-10 years,2,1.4
Income depends on WordPress,No,138,25,Tenure (former members),15+ years,1,0.7
Income depends on WordPress,Partially,82,28,Sentiment: WordPress now,Negative,27,32.9
Income depends on WordPress,Partially,82,28,Sentiment: WordPress now,Neutral / Unsure,26,31.7
Income depends on WordPress,Partially,82,28,Sentiment: WordPress now,Positive,17,20.7
Income depends on WordPress,Partially,82,28,Sentiment: WordPress now,Very negative,11,13.4
Income depends on WordPress,Partially,82,28,Sentiment: WordPress now,Very positive,1,1.2
Income depends on WordPress,Partially,82,31,Sentiment: WordPress future,Neutral / Unsure,30,36.6
Income depends on WordPress,Partially,82,31,Sentiment: WordPress future,Negative,28,34.1
Income depends on WordPress,Partially,82,31,Sentiment: WordPress future,Positive,12,14.6
Income depends on WordPress,Partially,82,31,Sentiment: WordPress future,Very negative,10,12.2
Income depends on WordPress,Partially,82,31,Sentiment: WordPress future,Very positive,2,2.4
Income depends on WordPress,Partially,82,59,Sentiment: open source software,Positive,37,45.1
Income depends on WordPress,Partially,82,59,Sentiment: open source software,Very positive,31,37.8
Income depends on WordPress,Partially,82,59,Sentiment: open source software,Neutral / Unsure,12,14.6
Income depends on WordPress,Partially,82,59,Sentiment: open source software,Negative,2,2.4
Income depends on WordPress,Partially,82,68,Sentiment: AI in WordPress,Very negative,34,41.5
Income depends on WordPress,Partially,82,68,Sentiment: AI in WordPress,Neutral / Unsure,28,34.1
Income depends on WordPress,Partially,82,68,Sentiment: AI in WordPress,Negative,11,13.4
Income depends on WordPress,Partially,82,68,Sentiment: AI in WordPress,Positive,9,11.0
Income depends on WordPress,Partially,82,69,Sentiment: AI in web development,Very negative,30,36.6
Income depends on WordPress,Partially,82,69,Sentiment: AI in web development,Neutral / Unsure,15,18.3
Income depends on WordPress,Partially,82,69,Sentiment: AI in web development,Positive,14,17.1
Income depends on WordPress,Partially,82,69,Sentiment: AI in web development,Negative,13,15.9
Income depends on WordPress,Partially,82,69,Sentiment: AI in web development,Very positive,10,12.2
Income depends on WordPress,Partially,82,37,Change in participation,No change / About the same,32,39.0
Income depends on WordPress,Partially,82,37,Change in participation,Decreased,31,37.8
Income depends on WordPress,Partially,82,37,Change in participation,Significantly decreased,12,14.6
Income depends on WordPress,Partially,82,37,Change in participation,Increased,6,7.3
Income depends on WordPress,Partially,82,37,Change in participation,Significantly increased,1,1.2
Income depends on WordPress,Partially,82,36,Level of participation,Occasional participation,32,39.0
Income depends on WordPress,Partially,82,36,Level of participation,Observational only,30,36.6
Income depends on WordPress,Partially,82,36,Level of participation,Moderately active participation,9,11.0
Income depends on WordPress,Partially,82,36,Level of participation,Inactive,6,7.3
Income depends on WordPress,Partially,82,36,Level of participation,Very active participation,5,6.1
Income depends on WordPress,Partially,82,19,Considers self a contributor,Agree,20,24.4
Income depends on WordPress,Partially,82,19,Considers self a contributor,Neutral,20,24.4
Income depends on WordPress,Partially,82,19,Considers self a contributor,Disagree,19,23.2
Income depends on WordPress,Partially,82,19,Considers self a contributor,Strongly disagree,16,19.5
Income depends on WordPress,Partially,82,19,Considers self a contributor,Strongly agree,7,8.5
Income depends on WordPress,Partially,82,22,Considers self a community member,Agree,37,45.1
Income depends on WordPress,Partially,82,22,Considers self a community member,Neutral,20,24.4
Income depends on WordPress,Partially,82,22,Considers self a community member,Strongly agree,15,18.3
Income depends on WordPress,Partially,82,22,Considers self a community member,Disagree,7,8.5
Income depends on WordPress,Partially,82,22,Considers self a community member,Strongly disagree,3,3.7
Income depends on WordPress,Partially,82,15,Ever paid for participation,No - I am not paid for any of my participation in WordPress,52,63.4
Income depends on WordPress,Partially,82,15,Ever paid for participation,Yes indirectly - I participate in WordPress for work but am not required to do so,19,23.2
Income depends on WordPress,Partially,82,15,Ever paid for participation,Yes directly - Some or all of my work duties include participating in WordPress,11,13.4
Income depends on WordPress,Partially,82,51,Relationship to official events,I have not attended any WordPress events and I'm not interested in attending,25,30.5
Income depends on WordPress,Partially,82,51,Relationship to official events,I used to participate in WordPress events but I no longer do,19,23.2
Income depends on WordPress,Partially,82,51,Relationship to official events,I participate in WordPress events annually or occasionally,16,19.5
Income depends on WordPress,Partially,82,51,Relationship to official events,I participate in WordPress events multiple times per year,13,15.9
Income depends on WordPress,Partially,82,51,Relationship to official events,I have not attended any WordPress events but I'd like to or am planning to,7,8.5
Income depends on WordPress,Partially,82,51,Relationship to official events,Other (please describe),2,2.4
Income depends on WordPress,Partially,82,71,AI impact so far,AI has not significantly impacted my work or income,25,30.5
Income depends on WordPress,Partially,82,71,AI impact so far,AI has had a positive impact on my work or income,24,29.3
Income depends on WordPress,Partially,82,71,AI impact so far,AI has had a negative impact on my work or income,22,26.8
Income depends on WordPress,Partially,82,71,AI impact so far,Other (please describe),11,13.4
Income depends on WordPress,Partially,82,73,AI impact expected,AI will probably negatively impact my work or income in the future,39,47.6
Income depends on WordPress,Partially,82,73,AI impact expected,AI will probably positively impact my work or income in the future,22,26.8
Income depends on WordPress,Partially,82,73,AI impact expected,Other (please describe),12,14.6
Income depends on WordPress,Partially,82,73,AI impact expected,AI will probably not impact my work or income in the future,9,11.0
Income depends on WordPress,Partially,82,29,Sentiment toward WordPress changed,Yes,70,85.4
Income depends on WordPress,Partially,82,29,Sentiment toward WordPress changed,No,12,14.6
Income depends on WordPress,Partially,82,50,Events important to me,Agree,24,29.3
Income depends on WordPress,Partially,82,50,Events important to me,Strongly disagree,20,24.4
Income depends on WordPress,Partially,82,50,Events important to me,Neutral,14,17.1
Income depends on WordPress,Partially,82,50,Events important to me,Disagree,13,15.9
Income depends on WordPress,Partially,82,50,Events important to me,Strongly agree,11,13.4
Income depends on WordPress,Partially,82,23,Tenure (current members),10-15 years,21,25.6
Income depends on WordPress,Partially,82,23,Tenure (current members),15+ years,19,23.2
Income depends on WordPress,Partially,82,23,Tenure (current members),6-10 years,9,11.0
Income depends on WordPress,Partially,82,23,Tenure (current members),3-6 years,2,2.4
Income depends on WordPress,Partially,82,23,Tenure (current members),1-2 years,1,1.2
Income depends on WordPress,Partially,82,25,Tenure (former members),6-10 years,3,3.7
Income depends on WordPress,Partially,82,25,Tenure (former members),10-15 years,3,3.7
Income depends on WordPress,Partially,82,25,Tenure (former members),15+ years,3,3.7
Income depends on WordPress,Partially,82,25,Tenure (former members),3-6 years,3,3.7
Income depends on WordPress,Partially,82,25,Tenure (former members),1-2 years,2,2.4
Experienced hostility personally,Experienced,238,28,Sentiment: WordPress now,Negative,68,28.6
Experienced hostility personally,Experienced,238,28,Sentiment: WordPress now,Neutral / Unsure,66,27.7
Experienced hostility personally,Experienced,238,28,Sentiment: WordPress now,Positive,56,23.5
Experienced hostility personally,Experienced,238,28,Sentiment: WordPress now,Very negative,40,16.8
Experienced hostility personally,Experienced,238,28,Sentiment: WordPress now,Very positive,8,3.4
Experienced hostility personally,Experienced,238,31,Sentiment: WordPress future,Neutral / Unsure,85,35.7
Experienced hostility personally,Experienced,238,31,Sentiment: WordPress future,Negative,70,29.4
Experienced hostility personally,Experienced,238,31,Sentiment: WordPress future,Very negative,37,15.5
Experienced hostility personally,Experienced,238,31,Sentiment: WordPress future,Positive,37,15.5
Experienced hostility personally,Experienced,238,31,Sentiment: WordPress future,Very positive,9,3.8
Experienced hostility personally,Experienced,238,59,Sentiment: open source software,Positive,109,45.8
Experienced hostility personally,Experienced,238,59,Sentiment: open source software,Very positive,84,35.3
Experienced hostility personally,Experienced,238,59,Sentiment: open source software,Neutral / Unsure,36,15.1
Experienced hostility personally,Experienced,238,59,Sentiment: open source software,Negative,7,2.9
Experienced hostility personally,Experienced,238,59,Sentiment: open source software,Very negative,2,0.8
Experienced hostility personally,Experienced,238,68,Sentiment: AI in WordPress,Very negative,82,34.5
Experienced hostility personally,Experienced,238,68,Sentiment: AI in WordPress,Neutral / Unsure,78,32.8
Experienced hostility personally,Experienced,238,68,Sentiment: AI in WordPress,Negative,41,17.2
Experienced hostility personally,Experienced,238,68,Sentiment: AI in WordPress,Positive,29,12.2
Experienced hostility personally,Experienced,238,68,Sentiment: AI in WordPress,Very positive,8,3.4
Experienced hostility personally,Experienced,238,69,Sentiment: AI in web development,Very negative,75,31.5
Experienced hostility personally,Experienced,238,69,Sentiment: AI in web development,Neutral / Unsure,53,22.3
Experienced hostility personally,Experienced,238,69,Sentiment: AI in web development,Positive,47,19.7
Experienced hostility personally,Experienced,238,69,Sentiment: AI in web development,Very positive,32,13.4
Experienced hostility personally,Experienced,238,69,Sentiment: AI in web development,Negative,31,13.0
Experienced hostility personally,Experienced,238,37,Change in participation,No change / About the same,82,34.5
Experienced hostility personally,Experienced,238,37,Change in participation,Decreased,60,25.2
Experienced hostility personally,Experienced,238,37,Change in participation,Significantly decreased,56,23.5
Experienced hostility personally,Experienced,238,37,Change in participation,Increased,31,13.0
Experienced hostility personally,Experienced,238,37,Change in participation,Significantly increased,9,3.8
Experienced hostility personally,Experienced,238,36,Level of participation,Occasional participation,86,36.1
Experienced hostility personally,Experienced,238,36,Level of participation,Moderately active participation,53,22.3
Experienced hostility personally,Experienced,238,36,Level of participation,Observational only,49,20.6
Experienced hostility personally,Experienced,238,36,Level of participation,Very active participation,26,10.9
Experienced hostility personally,Experienced,238,36,Level of participation,Inactive,14,5.9
Experienced hostility personally,Experienced,238,36,Level of participation,Do not participate / Not applicable,10,4.2
Experienced hostility personally,Experienced,238,19,Considers self a contributor,Agree,66,27.7
Experienced hostility personally,Experienced,238,19,Considers self a contributor,Strongly agree,53,22.3
Experienced hostility personally,Experienced,238,19,Considers self a contributor,Neutral,47,19.7
Experienced hostility personally,Experienced,238,19,Considers self a contributor,Disagree,40,16.8
Experienced hostility personally,Experienced,238,19,Considers self a contributor,Strongly disagree,32,13.4
Experienced hostility personally,Experienced,238,22,Considers self a community member,Strongly agree,94,39.5
Experienced hostility personally,Experienced,238,22,Considers self a community member,Agree,92,38.7
Experienced hostility personally,Experienced,238,22,Considers self a community member,Neutral,33,13.9
Experienced hostility personally,Experienced,238,22,Considers self a community member,Disagree,13,5.5
Experienced hostility personally,Experienced,238,22,Considers self a community member,Strongly disagree,6,2.5
Experienced hostility personally,Experienced,238,15,Ever paid for participation,No - I am not paid for any of my participation in WordPress,131,55.0
Experienced hostility personally,Experienced,238,15,Ever paid for participation,Yes directly - Some or all of my work duties include participating in WordPress,69,29.0
Experienced hostility personally,Experienced,238,15,Ever paid for participation,Yes indirectly - I participate in WordPress for work but am not required to do so,38,16.0
Experienced hostility personally,Experienced,238,51,Relationship to official events,I used to participate in WordPress events but I no longer do,60,25.2
Experienced hostility personally,Experienced,238,51,Relationship to official events,I participate in WordPress events multiple times per year,59,24.8
Experienced hostility personally,Experienced,238,51,Relationship to official events,I have not attended any WordPress events and I'm not interested in attending,53,22.3
Experienced hostility personally,Experienced,238,51,Relationship to official events,I participate in WordPress events annually or occasionally,50,21.0
Experienced hostility personally,Experienced,238,51,Relationship to official events,I have not attended any WordPress events but I'd like to or am planning to,10,4.2
Experienced hostility personally,Experienced,238,51,Relationship to official events,Other (please describe),6,2.5
Experienced hostility personally,Experienced,238,71,AI impact so far,AI has not significantly impacted my work or income,86,36.1
Experienced hostility personally,Experienced,238,71,AI impact so far,AI has had a positive impact on my work or income,79,33.2
Experienced hostility personally,Experienced,238,71,AI impact so far,AI has had a negative impact on my work or income,55,23.1
Experienced hostility personally,Experienced,238,71,AI impact so far,Other (please describe),18,7.6
Experienced hostility personally,Experienced,238,73,AI impact expected,AI will probably negatively impact my work or income in the future,113,47.5
Experienced hostility personally,Experienced,238,73,AI impact expected,AI will probably positively impact my work or income in the future,75,31.5
Experienced hostility personally,Experienced,238,73,AI impact expected,AI will probably not impact my work or income in the future,30,12.6
Experienced hostility personally,Experienced,238,73,AI impact expected,Other (please describe),20,8.4
Experienced hostility personally,Experienced,238,29,Sentiment toward WordPress changed,Yes,201,84.5
Experienced hostility personally,Experienced,238,29,Sentiment toward WordPress changed,No,37,15.5
Experienced hostility personally,Experienced,238,50,Events important to me,Agree,68,28.6
Experienced hostility personally,Experienced,238,50,Events important to me,Strongly agree,56,23.5
Experienced hostility personally,Experienced,238,50,Events important to me,Strongly disagree,41,17.2
Experienced hostility personally,Experienced,238,50,Events important to me,Neutral,38,16.0
Experienced hostility personally,Experienced,238,50,Events important to me,Disagree,35,14.7
Experienced hostility personally,Experienced,238,23,Tenure (current members),15+ years,83,34.9
Experienced hostility personally,Experienced,238,23,Tenure (current members),10-15 years,64,26.9
Experienced hostility personally,Experienced,238,23,Tenure (current members),6-10 years,25,10.5
Experienced hostility personally,Experienced,238,23,Tenure (current members),3-6 years,10,4.2
Experienced hostility personally,Experienced,238,23,Tenure (current members),1-2 years,4,1.7
Experienced hostility personally,Experienced,238,25,Tenure (former members),10-15 years,8,3.4
Experienced hostility personally,Experienced,238,25,Tenure (former members),3-6 years,5,2.1
Experienced hostility personally,Experienced,238,25,Tenure (former members),6-10 years,5,2.1
Experienced hostility personally,Experienced,238,25,Tenure (former members),15+ years,5,2.1
Experienced hostility personally,Experienced,238,25,Tenure (former members),1-2 years,3,1.3
Experienced hostility personally,Experienced,238,25,Tenure (former members),Less than 1 year,2,0.8
Experienced hostility personally,Did not experience,193,28,Sentiment: WordPress now,Positive,65,33.7
Experienced hostility personally,Did not experience,193,28,Sentiment: WordPress now,Neutral / Unsure,60,31.1
Experienced hostility personally,Did not experience,193,28,Sentiment: WordPress now,Negative,43,22.3
Experienced hostility personally,Did not experience,193,28,Sentiment: WordPress now,Very negative,13,6.7
Experienced hostility personally,Did not experience,193,28,Sentiment: WordPress now,Very positive,12,6.2
Experienced hostility personally,Did not experience,193,31,Sentiment: WordPress future,Neutral / Unsure,73,37.8
Experienced hostility personally,Did not experience,193,31,Sentiment: WordPress future,Negative,51,26.4
Experienced hostility personally,Did not experience,193,31,Sentiment: WordPress future,Positive,46,23.8
Experienced hostility personally,Did not experience,193,31,Sentiment: WordPress future,Very positive,13,6.7
Experienced hostility personally,Did not experience,193,31,Sentiment: WordPress future,Very negative,10,5.2
Experienced hostility personally,Did not experience,193,59,Sentiment: open source software,Very positive,86,44.6
Experienced hostility personally,Did not experience,193,59,Sentiment: open source software,Positive,73,37.8
Experienced hostility personally,Did not experience,193,59,Sentiment: open source software,Neutral / Unsure,26,13.5
Experienced hostility personally,Did not experience,193,59,Sentiment: open source software,Negative,6,3.1
Experienced hostility personally,Did not experience,193,59,Sentiment: open source software,Very negative,2,1.0
Experienced hostility personally,Did not experience,193,68,Sentiment: AI in WordPress,Very negative,75,38.9
Experienced hostility personally,Did not experience,193,68,Sentiment: AI in WordPress,Neutral / Unsure,65,33.7
Experienced hostility personally,Did not experience,193,68,Sentiment: AI in WordPress,Positive,27,14.0
Experienced hostility personally,Did not experience,193,68,Sentiment: AI in WordPress,Negative,17,8.8
Experienced hostility personally,Did not experience,193,68,Sentiment: AI in WordPress,Very positive,9,4.7
Experienced hostility personally,Did not experience,193,69,Sentiment: AI in web development,Very negative,65,33.7
Experienced hostility personally,Did not experience,193,69,Sentiment: AI in web development,Positive,48,24.9
Experienced hostility personally,Did not experience,193,69,Sentiment: AI in web development,Neutral / Unsure,36,18.7
Experienced hostility personally,Did not experience,193,69,Sentiment: AI in web development,Negative,22,11.4
Experienced hostility personally,Did not experience,193,69,Sentiment: AI in web development,Very positive,22,11.4
Experienced hostility personally,Did not experience,193,37,Change in participation,No change / About the same,117,60.6
Experienced hostility personally,Did not experience,193,37,Change in participation,Decreased,34,17.6
Experienced hostility personally,Did not experience,193,37,Change in participation,Increased,17,8.8
Experienced hostility personally,Did not experience,193,37,Change in participation,Significantly decreased,17,8.8
Experienced hostility personally,Did not experience,193,37,Change in participation,Significantly increased,8,4.1
Experienced hostility personally,Did not experience,193,36,Level of participation,Occasional participation,58,30.1
Experienced hostility personally,Did not experience,193,36,Level of participation,Observational only,48,24.9
Experienced hostility personally,Did not experience,193,36,Level of participation,Do not participate / Not applicable,25,13.0
Experienced hostility personally,Did not experience,193,36,Level of participation,Moderately active participation,23,11.9
Experienced hostility personally,Did not experience,193,36,Level of participation,Inactive,21,10.9
Experienced hostility personally,Did not experience,193,36,Level of participation,Very active participation,18,9.3
Experienced hostility personally,Did not experience,193,19,Considers self a contributor,Strongly disagree,47,24.4
Experienced hostility personally,Did not experience,193,19,Considers self a contributor,Neutral,43,22.3
Experienced hostility personally,Did not experience,193,19,Considers self a contributor,Disagree,41,21.2
Experienced hostility personally,Did not experience,193,19,Considers self a contributor,Agree,39,20.2
Experienced hostility personally,Did not experience,193,19,Considers self a contributor,Strongly agree,23,11.9
Experienced hostility personally,Did not experience,193,22,Considers self a community member,Agree,74,38.3
Experienced hostility personally,Did not experience,193,22,Considers self a community member,Strongly agree,48,24.9
Experienced hostility personally,Did not experience,193,22,Considers self a community member,Neutral,37,19.2
Experienced hostility personally,Did not experience,193,22,Considers self a community member,Disagree,23,11.9
Experienced hostility personally,Did not experience,193,22,Considers self a community member,Strongly disagree,11,5.7
Experienced hostility personally,Did not experience,193,15,Ever paid for participation,No - I am not paid for any of my participation in WordPress,117,60.6
Experienced hostility personally,Did not experience,193,15,Ever paid for participation,Yes directly - Some or all of my work duties include participating in WordPress,47,24.4
Experienced hostility personally,Did not experience,193,15,Ever paid for participation,Yes indirectly - I participate in WordPress for work but am not required to do so,29,15.0
Experienced hostility personally,Did not experience,193,51,Relationship to official events,I have not attended any WordPress events and I'm not interested in attending,67,34.7
Experienced hostility personally,Did not experience,193,51,Relationship to official events,I participate in WordPress events annually or occasionally,40,20.7
Experienced hostility personally,Did not experience,193,51,Relationship to official events,I used to participate in WordPress events but I no longer do,34,17.6
Experienced hostility personally,Did not experience,193,51,Relationship to official events,I participate in WordPress events multiple times per year,32,16.6
Experienced hostility personally,Did not experience,193,51,Relationship to official events,I have not attended any WordPress events but I'd like to or am planning to,18,9.3
Experienced hostility personally,Did not experience,193,51,Relationship to official events,Other (please describe),2,1.0
Experienced hostility personally,Did not experience,193,71,AI impact so far,AI has had a positive impact on my work or income,74,38.3
Experienced hostility personally,Did not experience,193,71,AI impact so far,AI has not significantly impacted my work or income,55,28.5
Experienced hostility personally,Did not experience,193,71,AI impact so far,AI has had a negative impact on my work or income,55,28.5
Experienced hostility personally,Did not experience,193,71,AI impact so far,Other (please describe),9,4.7
Experienced hostility personally,Did not experience,193,73,AI impact expected,AI will probably negatively impact my work or income in the future,90,46.6
Experienced hostility personally,Did not experience,193,73,AI impact expected,AI will probably positively impact my work or income in the future,70,36.3
Experienced hostility personally,Did not experience,193,73,AI impact expected,AI will probably not impact my work or income in the future,21,10.9
Experienced hostility personally,Did not experience,193,73,AI impact expected,Other (please describe),12,6.2
Experienced hostility personally,Did not experience,193,29,Sentiment toward WordPress changed,Yes,132,68.4
Experienced hostility personally,Did not experience,193,29,Sentiment toward WordPress changed,No,61,31.6
Experienced hostility personally,Did not experience,193,50,Events important to me,Strongly disagree,43,22.3
Experienced hostility personally,Did not experience,193,50,Events important to me,Agree,41,21.2
Experienced hostility personally,Did not experience,193,50,Events important to me,Neutral,40,20.7
Experienced hostility personally,Did not experience,193,50,Events important to me,Strongly agree,36,18.7
Experienced hostility personally,Did not experience,193,50,Events important to me,Disagree,33,17.1
Experienced hostility personally,Did not experience,193,23,Tenure (current members),10-15 years,46,23.8
Experienced hostility personally,Did not experience,193,23,Tenure (current members),15+ years,44,22.8
Experienced hostility personally,Did not experience,193,23,Tenure (current members),6-10 years,22,11.4
Experienced hostility personally,Did not experience,193,23,Tenure (current members),3-6 years,8,4.1
Experienced hostility personally,Did not experience,193,23,Tenure (current members),1-2 years,1,0.5
Experienced hostility personally,Did not experience,193,23,Tenure (current members),Less than 1 year,1,0.5
Experienced hostility personally,Did not experience,193,25,Tenure (former members),1-2 years,7,3.6
Experienced hostility personally,Did not experience,193,25,Tenure (former members),3-6 years,6,3.1
Experienced hostility personally,Did not experience,193,25,Tenure (former members),10-15 years,4,2.1
Experienced hostility personally,Did not experience,193,25,Tenure (former members),Less than 1 year,4,2.1
Experienced hostility personally,Did not experience,193,25,Tenure (former members),6-10 years,4,2.1
Experienced hostility personally,Did not experience,193,25,Tenure (former members),15+ years,3,1.6
