section,finding_title,figures,claim,source_file,how_to_check
Section 1: The Respondents,Age,9.0%,Age: 25-34,aggregates/per-question-tallies.csv,question_number for the demographic item; read pct_of_answered
Section 1: The Respondents,Age,37.4%,Age: 35-44,aggregates/per-question-tallies.csv,question_number for the demographic item; read pct_of_answered
Section 1: The Respondents,Age,31.3%,Age: 45-54,aggregates/per-question-tallies.csv,question_number for the demographic item; read pct_of_answered
Section 1: The Respondents,Age,15.1%,Age: 55-64,aggregates/per-question-tallies.csv,question_number for the demographic item; read pct_of_answered
Section 1: The Respondents,Age,4.6%,Age: 65-74,aggregates/per-question-tallies.csv,question_number for the demographic item; read pct_of_answered
Section 1: The Respondents,Age,2.6%,Age: Prefer not to answer,aggregates/per-question-tallies.csv,question_number for the demographic item; read pct_of_answered
Section 1: The Respondents,Gender,69.6%,Gender: Male,aggregates/per-question-tallies.csv,question_number for the demographic item; read pct_of_answered
Section 1: The Respondents,Gender,18.6%,Gender: Female,aggregates/per-question-tallies.csv,question_number for the demographic item; read pct_of_answered
Section 1: The Respondents,Gender,8.1%,Gender: Prefer not to answer,aggregates/per-question-tallies.csv,question_number for the demographic item; read pct_of_answered
Section 1: The Respondents,Gender,3.5%,Gender: Non-binary,aggregates/per-question-tallies.csv,question_number for the demographic item; read pct_of_answered
Section 1: The Respondents,Where respondents work from,40.4%,Where respondents work from: United States,aggregates/per-question-tallies.csv,question_number for the demographic item; read pct_of_answered
Section 1: The Respondents,Where respondents work from,7.9%,Where respondents work from: Netherlands,aggregates/per-question-tallies.csv,question_number for the demographic item; read pct_of_answered
Section 1: The Respondents,Where respondents work from,7.0%,Where respondents work from: Canada,aggregates/per-question-tallies.csv,question_number for the demographic item; read pct_of_answered
Section 1: The Respondents,Where respondents work from,6.3%,Where respondents work from: Germany,aggregates/per-question-tallies.csv,question_number for the demographic item; read pct_of_answered
Section 1: The Respondents,Where respondents work from,6.0%,Where respondents work from: United Kingdom,aggregates/per-question-tallies.csv,question_number for the demographic item; read pct_of_answered
Section 1: The Respondents,Where respondents work from,5.1%,Where respondents work from: Australia,aggregates/per-question-tallies.csv,question_number for the demographic item; read pct_of_answered
Section 1: The Respondents,Where respondents work from,2.8%,Where respondents work from: Greece,aggregates/per-question-tallies.csv,question_number for the demographic item; read pct_of_answered
Section 1: The Respondents,Where respondents work from,2.6%,Where respondents work from: Prefer not to answer,aggregates/per-question-tallies.csv,question_number for the demographic item; read pct_of_answered
Section 1: The Respondents,Where respondents work from,2.3%,Where respondents work from: Spain,aggregates/per-question-tallies.csv,question_number for the demographic item; read pct_of_answered
Section 1: The Respondents,Where respondents work from,2.3%,Where respondents work from: France,aggregates/per-question-tallies.csv,question_number for the demographic item; read pct_of_answered
Section 1: The Respondents,Where respondents work from,17.4%,Where respondents work from: 33 other countries,aggregates/per-question-tallies.csv,question_number for the demographic item; read pct_of_answered
Section 1: The Respondents,Work situation,48.7%,Work situation: Employee,aggregates/per-question-tallies.csv,question_number for the demographic item; read pct_of_answered
Section 1: The Respondents,Work situation,37.6%,Work situation: Freelancer / Contractor,aggregates/per-question-tallies.csv,question_number for the demographic item; read pct_of_answered
Section 1: The Respondents,Work situation,31.1%,Work situation: Business owner,aggregates/per-question-tallies.csv,question_number for the demographic item; read pct_of_answered
Section 1: The Respondents,Work situation,3.7%,Work situation: Executive,aggregates/per-question-tallies.csv,question_number for the demographic item; read pct_of_answered
Section 1: The Respondents,Work situation,3.5%,Work situation: Non-working - looking for work,aggregates/per-question-tallies.csv,question_number for the demographic item; read pct_of_answered
Section 1: The Respondents,Work situation,3.0%,Work situation: Other,aggregates/per-question-tallies.csv,question_number for the demographic item; read pct_of_answered
Section 1: The Respondents,Work situation,2.8%,Work situation: Non-working - not looking for work,aggregates/per-question-tallies.csv,question_number for the demographic item; read pct_of_answered
Section 1: The Respondents,Work situation,0.9%,Work situation: Student,aggregates/per-question-tallies.csv,question_number for the demographic item; read pct_of_answered
Section 1: The Respondents,Company size,23.2%,Company size: 1-20 employees,aggregates/per-question-tallies.csv,question_number for the demographic item; read pct_of_answered
Section 1: The Respondents,Company size,11.4%,Company size: 20-50 employees,aggregates/per-question-tallies.csv,question_number for the demographic item; read pct_of_answered
Section 1: The Respondents,Company size,5.0%,Company size: 50-100 employees,aggregates/per-question-tallies.csv,question_number for the demographic item; read pct_of_answered
Section 1: The Respondents,Company size,60.5%,Company size: 100+ employees,aggregates/per-question-tallies.csv,question_number for the demographic item; read pct_of_answered
Section 1: The Respondents,Company size,44.0%,Company size: No employees (other than you),aggregates/per-question-tallies.csv,question_number for the demographic item; read pct_of_answered
Section 1: The Respondents,Company size,49.3%,Company size: 1-10 employees,aggregates/per-question-tallies.csv,question_number for the demographic item; read pct_of_answered
Section 1: The Respondents,Company size,3.7%,Company size: 11-20 employees,aggregates/per-question-tallies.csv,question_number for the demographic item; read pct_of_answered
Section 1: The Respondents,Company size,3.0%,Company size: 50+ employees,aggregates/per-question-tallies.csv,question_number for the demographic item; read pct_of_answered
Section 1: The Respondents,WordPress activities respondents engage in,93.0%,WordPress activities respondents engage in: I use the WordPress open source software,aggregates/per-question-tallies.csv,question_number for the demographic item; read pct_of_answered
Section 1: The Respondents,WordPress activities respondents engage in,79.1%,WordPress activities respondents engage in: I follow updates and discussions about the WordPress open source project,aggregates/per-question-tallies.csv,question_number for the demographic item; read pct_of_answered
Section 1: The Respondents,WordPress activities respondents engage in,72.9%,WordPress activities respondents engage in: I use WordPress personally or for my own organization/project,aggregates/per-question-tallies.csv,question_number for the demographic item; read pct_of_answered
Section 1: The Respondents,WordPress activities respondents engage in,62.4%,WordPress activities respondents engage in: I generate income using the WordPress open source software,aggregates/per-question-tallies.csv,question_number for the demographic item; read pct_of_answered
Section 1: The Respondents,WordPress activities respondents engage in,52.4%,WordPress activities respondents engage in: I participate in WordPress-related events,aggregates/per-question-tallies.csv,question_number for the demographic item; read pct_of_answered
Section 1: The Respondents,WordPress activities respondents engage in,39.7%,WordPress activities respondents engage in: I work for a company that operates in the WordPress ecosystem,aggregates/per-question-tallies.csv,question_number for the demographic item; read pct_of_answered
Section 1: The Respondents,WordPress activities respondents engage in,35.3%,"WordPress activities respondents engage in: I use WordPress for work, but my company is not in the WordPress ecosystem",aggregates/per-question-tallies.csv,question_number for the demographic item; read pct_of_answered
Section 1: The Respondents,WordPress activities respondents engage in,31.3%,WordPress activities respondents engage in: I contribute to the community development of the WordPress open source project,aggregates/per-question-tallies.csv,question_number for the demographic item; read pct_of_answered
Section 1: The Respondents,WordPress activities respondents engage in,27.8%,WordPress activities respondents engage in: I contribute to the software development of the WordPress open source project,aggregates/per-question-tallies.csv,question_number for the demographic item; read pct_of_answered
Section 1: The Respondents,WordPress activities respondents engage in,5.3%,WordPress activities respondents engage in: I do not currently participate in WordPress-related activities,aggregates/per-question-tallies.csv,question_number for the demographic item; read pct_of_answered
Section 1: The Respondents,Where respondents participate in the project,50.6%,Where respondents participate in the project: Official WordPress events,aggregates/per-question-tallies.csv,question_number for the demographic item; read pct_of_answered
Section 1: The Respondents,Where respondents participate in the project,47.8%,Where respondents participate in the project: WordPress.org,aggregates/per-question-tallies.csv,question_number for the demographic item; read pct_of_answered
Section 1: The Respondents,Where respondents participate in the project,39.2%,Where respondents participate in the project: WordPress communities on social media,aggregates/per-question-tallies.csv,question_number for the demographic item; read pct_of_answered
Section 1: The Respondents,Where respondents participate in the project,36.4%,Where respondents participate in the project: Make WordPress,aggregates/per-question-tallies.csv,question_number for the demographic item; read pct_of_answered
Section 1: The Respondents,Where respondents participate in the project,30.4%,Where respondents participate in the project: Membership-based communities,aggregates/per-question-tallies.csv,question_number for the demographic item; read pct_of_answered
Section 1: The Respondents,Where respondents participate in the project,22.3%,Where respondents participate in the project: Product-related communities,aggregates/per-question-tallies.csv,question_number for the demographic item; read pct_of_answered
Section 1: The Respondents,Where respondents participate in the project,21.1%,Where respondents participate in the project: I do not participate in the WordPress open source project,aggregates/per-question-tallies.csv,question_number for the demographic item; read pct_of_answered
Section 1: The Respondents,Where respondents participate in the project,20.0%,Where respondents participate in the project: WordPress-adjacent events,aggregates/per-question-tallies.csv,question_number for the demographic item; read pct_of_answered
Section 1: The Respondents,Type of work respondents do with WordPress,77.5%,Type of work respondents do with WordPress: Building or developing with WordPress,aggregates/per-question-tallies.csv,question_number for the demographic item; read pct_of_answered
Section 1: The Respondents,Type of work respondents do with WordPress,73.3%,Type of work respondents do with WordPress: Using WordPress personally or for your organization,aggregates/per-question-tallies.csv,question_number for the demographic item; read pct_of_answered
Section 1: The Respondents,Type of work respondents do with WordPress,54.3%,Type of work respondents do with WordPress: Providing services to WordPress users or businesses,aggregates/per-question-tallies.csv,question_number for the demographic item; read pct_of_answered
Section 1: The Respondents,Type of work respondents do with WordPress,49.9%,Type of work respondents do with WordPress: Creating products to use with WordPress,aggregates/per-question-tallies.csv,question_number for the demographic item; read pct_of_answered
Section 1: The Respondents,Type of work respondents do with WordPress,42.0%,Type of work respondents do with WordPress: Contributing to the WordPress community,aggregates/per-question-tallies.csv,question_number for the demographic item; read pct_of_answered
Section 1: The Respondents,Type of work respondents do with WordPress,29.5%,Type of work respondents do with WordPress: Contributing to the WordPress open source project,aggregates/per-question-tallies.csv,question_number for the demographic item; read pct_of_answered
Section 1: The Respondents,Type of work respondents do with WordPress,9.0%,Type of work respondents do with WordPress: Working adjacent to WordPress (not directly building or using it),aggregates/per-question-tallies.csv,question_number for the demographic item; read pct_of_answered
Section 1: The Respondents,Type of work respondents do with WordPress,2.3%,Type of work respondents do with WordPress: Not currently using WordPress,aggregates/per-question-tallies.csv,question_number for the demographic item; read pct_of_answered
Section 1: The Respondents,“I consider myself to be a member of the WordPress community”,32.9%,“I consider myself to be a member of the WordPress community”: Strongly agree,aggregates/per-question-tallies.csv,question_number for the demographic item; read pct_of_answered
Section 1: The Respondents,“I consider myself to be a member of the WordPress community”,38.5%,“I consider myself to be a member of the WordPress community”: Agree,aggregates/per-question-tallies.csv,question_number for the demographic item; read pct_of_answered
Section 1: The Respondents,“I consider myself to be a member of the WordPress community”,16.2%,“I consider myself to be a member of the WordPress community”: Neutral,aggregates/per-question-tallies.csv,question_number for the demographic item; read pct_of_answered
Section 1: The Respondents,“I consider myself to be a member of the WordPress community”,8.4%,“I consider myself to be a member of the WordPress community”: Disagree,aggregates/per-question-tallies.csv,question_number for the demographic item; read pct_of_answered
Section 1: The Respondents,“I consider myself to be a member of the WordPress community”,3.9%,“I consider myself to be a member of the WordPress community”: Strongly disagree,aggregates/per-question-tallies.csv,question_number for the demographic item; read pct_of_answered
Section 1: The Respondents,“I consider myself to be a contributor to the WordPress open source project”,17.6%,“I consider myself to be a contributor to the WordPress open source project”: Strongly agree,aggregates/per-question-tallies.csv,question_number for the demographic item; read pct_of_answered
Section 1: The Respondents,“I consider myself to be a contributor to the WordPress open source project”,24.4%,“I consider myself to be a contributor to the WordPress open source project”: Agree,aggregates/per-question-tallies.csv,question_number for the demographic item; read pct_of_answered
Section 1: The Respondents,“I consider myself to be a contributor to the WordPress open source project”,20.9%,“I consider myself to be a contributor to the WordPress open source project”: Neutral,aggregates/per-question-tallies.csv,question_number for the demographic item; read pct_of_answered
Section 1: The Respondents,“I consider myself to be a contributor to the WordPress open source project”,18.8%,“I consider myself to be a contributor to the WordPress open source project”: Disagree,aggregates/per-question-tallies.csv,question_number for the demographic item; read pct_of_answered
Section 1: The Respondents,“I consider myself to be a contributor to the WordPress open source project”,18.3%,“I consider myself to be a contributor to the WordPress open source project”: Strongly disagree,aggregates/per-question-tallies.csv,question_number for the demographic item; read pct_of_answered
Section 1: The Respondents,Respondents who do not currently identify as community members,45.5%,Respondents who do not currently identify as community members: Once considered themselves a member,aggregates/per-question-tallies.csv,question_number for the demographic item; read pct_of_answered
Section 1: The Respondents,Respondents who do not currently identify as community members,54.5%,Respondents who do not currently identify as community members: Never considered themselves a member,aggregates/per-question-tallies.csv,question_number for the demographic item; read pct_of_answered
Section 1: The Respondents,Time in the WordPress community,1.9%,Time in the WordPress community: Less than 1 year,aggregates/per-question-tallies.csv,question_number for the demographic item; read pct_of_answered
Section 1: The Respondents,Time in the WordPress community,4.1%,Time in the WordPress community: 1-2 years,aggregates/per-question-tallies.csv,question_number for the demographic item; read pct_of_answered
Section 1: The Respondents,Time in the WordPress community,8.0%,Time in the WordPress community: 3-6 years,aggregates/per-question-tallies.csv,question_number for the demographic item; read pct_of_answered
Section 1: The Respondents,Time in the WordPress community,15.4%,Time in the WordPress community: 6-10 years,aggregates/per-question-tallies.csv,question_number for the demographic item; read pct_of_answered
Section 1: The Respondents,Time in the WordPress community,33.5%,Time in the WordPress community: 10-15 years,aggregates/per-question-tallies.csv,question_number for the demographic item; read pct_of_answered
Section 1: The Respondents,Time in the WordPress community,37.1%,Time in the WordPress community: 15+ years,aggregates/per-question-tallies.csv,question_number for the demographic item; read pct_of_answered
Section 1: The Respondents,Self-described level of participation,10.2%,Self-described level of participation: Very active participation,aggregates/per-question-tallies.csv,question_number for the demographic item; read pct_of_answered
Section 1: The Respondents,Self-described level of participation,17.6%,Self-described level of participation: Moderately active participation,aggregates/per-question-tallies.csv,question_number for the demographic item; read pct_of_answered
Section 1: The Respondents,Self-described level of participation,33.4%,Self-described level of participation: Occasional participation,aggregates/per-question-tallies.csv,question_number for the demographic item; read pct_of_answered
Section 1: The Respondents,Self-described level of participation,22.5%,Self-described level of participation: Observational only,aggregates/per-question-tallies.csv,question_number for the demographic item; read pct_of_answered
Section 1: The Respondents,Self-described level of participation,8.1%,Self-described level of participation: Inactive,aggregates/per-question-tallies.csv,question_number for the demographic item; read pct_of_answered
Section 1: The Respondents,Self-described level of participation,8.1%,Self-described level of participation: Do not participate / Not applicable,aggregates/per-question-tallies.csv,question_number for the demographic item; read pct_of_answered
Section 1: The Respondents,Change in participation over the past 24 months,3.9%,Change in participation over the past 24 months: Significantly increased,aggregates/per-question-tallies.csv,question_number for the demographic item; read pct_of_answered
Section 1: The Respondents,Change in participation over the past 24 months,11.1%,Change in participation over the past 24 months: Increased,aggregates/per-question-tallies.csv,question_number for the demographic item; read pct_of_answered
Section 1: The Respondents,Change in participation over the past 24 months,46.2%,Change in participation over the past 24 months: No change / About the same,aggregates/per-question-tallies.csv,question_number for the demographic item; read pct_of_answered
Section 1: The Respondents,Change in participation over the past 24 months,21.8%,Change in participation over the past 24 months: Decreased,aggregates/per-question-tallies.csv,question_number for the demographic item; read pct_of_answered
Section 1: The Respondents,Change in participation over the past 24 months,16.9%,Change in participation over the past 24 months: Significantly decreased,aggregates/per-question-tallies.csv,question_number for the demographic item; read pct_of_answered
Section 1: The Respondents,Payment for WordPress participation,26.9%,Payment for WordPress participation: Yes directly - Some or all of my work duties include participating in WordPress,aggregates/per-question-tallies.csv,question_number for the demographic item; read pct_of_answered
Section 1: The Respondents,Payment for WordPress participation,15.5%,Payment for WordPress participation: Yes indirectly - I participate in WordPress for work but am not required to do so,aggregates/per-question-tallies.csv,question_number for the demographic item; read pct_of_answered
Section 1: The Respondents,Payment for WordPress participation,57.5%,Payment for WordPress participation: No - I am not paid for any of my participation in WordPress,aggregates/per-question-tallies.csv,question_number for the demographic item; read pct_of_answered
Section 1: The Respondents,Whether the project affects respondents’ income,47.6%,Whether the project affects respondents’ income: Yes,aggregates/per-question-tallies.csv,question_number for the demographic item; read pct_of_answered
Section 1: The Respondents,Whether the project affects respondents’ income,19.0%,Whether the project affects respondents’ income: Partially,aggregates/per-question-tallies.csv,question_number for the demographic item; read pct_of_answered
Section 1: The Respondents,Whether the project affects respondents’ income,32.0%,Whether the project affects respondents’ income: No,aggregates/per-question-tallies.csv,question_number for the demographic item; read pct_of_answered
Section 1: The Respondents,Whether the project affects respondents’ income,1.4%,Whether the project affects respondents’ income: Other,aggregates/per-question-tallies.csv,question_number for the demographic item; read pct_of_answered
Section 2: The Numbers,Sentiment toward the WordPress project right now,4.6%,Sentiment toward the WordPress project right now: Very positive,aggregates/per-question-tallies.csv,question_number for the item; importance+ = sum of Important and Very Important
Section 2: The Numbers,Sentiment toward the WordPress project right now,28.1%,Sentiment toward the WordPress project right now: Positive,aggregates/per-question-tallies.csv,question_number for the item; importance+ = sum of Important and Very Important
Section 2: The Numbers,Sentiment toward the WordPress project right now,29.2%,Sentiment toward the WordPress project right now: Neutral / Unsure,aggregates/per-question-tallies.csv,question_number for the item; importance+ = sum of Important and Very Important
Section 2: The Numbers,Sentiment toward the WordPress project right now,25.8%,Sentiment toward the WordPress project right now: Negative,aggregates/per-question-tallies.csv,question_number for the item; importance+ = sum of Important and Very Important
Section 2: The Numbers,Sentiment toward the WordPress project right now,12.3%,Sentiment toward the WordPress project right now: Very negative,aggregates/per-question-tallies.csv,question_number for the item; importance+ = sum of Important and Very Important
Section 2: The Numbers,Sentiment toward the future of the WordPress project,5.1%,Sentiment toward the future of the WordPress project: Very positive,aggregates/per-question-tallies.csv,question_number for the item; importance+ = sum of Important and Very Important
Section 2: The Numbers,Sentiment toward the future of the WordPress project,19.3%,Sentiment toward the future of the WordPress project: Positive,aggregates/per-question-tallies.csv,question_number for the item; importance+ = sum of Important and Very Important
Section 2: The Numbers,Sentiment toward the future of the WordPress project,36.7%,Sentiment toward the future of the WordPress project: Neutral / Unsure,aggregates/per-question-tallies.csv,question_number for the item; importance+ = sum of Important and Very Important
Section 2: The Numbers,Sentiment toward the future of the WordPress project,28.1%,Sentiment toward the future of the WordPress project: Negative,aggregates/per-question-tallies.csv,question_number for the item; importance+ = sum of Important and Very Important
Section 2: The Numbers,Sentiment toward the future of the WordPress project,10.9%,Sentiment toward the future of the WordPress project: Very negative,aggregates/per-question-tallies.csv,question_number for the item; importance+ = sum of Important and Very Important
Section 2: The Numbers,Sentiment toward open source software in general,39.4%,Sentiment toward open source software in general: Very positive,aggregates/per-question-tallies.csv,question_number for the item; importance+ = sum of Important and Very Important
Section 2: The Numbers,Sentiment toward open source software in general,42.2%,Sentiment toward open source software in general: Positive,aggregates/per-question-tallies.csv,question_number for the item; importance+ = sum of Important and Very Important
Section 2: The Numbers,Sentiment toward open source software in general,14.4%,Sentiment toward open source software in general: Neutral / Unsure,aggregates/per-question-tallies.csv,question_number for the item; importance+ = sum of Important and Very Important
Section 2: The Numbers,Sentiment toward open source software in general,3.0%,Sentiment toward open source software in general: Negative,aggregates/per-question-tallies.csv,question_number for the item; importance+ = sum of Important and Very Important
Section 2: The Numbers,Sentiment toward open source software in general,0.9%,Sentiment toward open source software in general: Very negative,aggregates/per-question-tallies.csv,question_number for the item; importance+ = sum of Important and Very Important
Section 2: The Numbers,Change in feeling toward WordPress over the past 24 months,77.3%,Change in feeling toward WordPress over the past 24 months: Feelings changed,aggregates/per-question-tallies.csv,question_number for the item; importance+ = sum of Important and Very Important
Section 2: The Numbers,Change in feeling toward WordPress over the past 24 months,95.5%,"Change in feeling toward WordPress over the past 24 months: &mdash; of those, changed for the worse",aggregates/per-question-tallies.csv,question_number for the item; importance+ = sum of Important and Very Important
Section 2: The Numbers,Change in feeling toward WordPress over the past 24 months,4.5%,"Change in feeling toward WordPress over the past 24 months: &mdash; of those, changed for the better",aggregates/per-question-tallies.csv,question_number for the item; importance+ = sum of Important and Very Important
Section 2: The Numbers,Importance of aspects of the WordPress project,95.1%,Importance of aspects of the WordPress project: Security in WordPress,aggregates/per-question-tallies.csv,question_number for the item; importance+ = sum of Important and Very Important
Section 2: The Numbers,Importance of aspects of the WordPress project,94.0%,Importance of aspects of the WordPress project: WordPress open source software,aggregates/per-question-tallies.csv,question_number for the item; importance+ = sum of Important and Very Important
Section 2: The Numbers,Importance of aspects of the WordPress project,93.7%,Importance of aspects of the WordPress project: Web standards and compliance,aggregates/per-question-tallies.csv,question_number for the item; importance+ = sum of Important and Very Important
Section 2: The Numbers,Importance of aspects of the WordPress project,90.7%,Importance of aspects of the WordPress project: Open source values,aggregates/per-question-tallies.csv,question_number for the item; importance+ = sum of Important and Very Important
Section 2: The Numbers,Importance of aspects of the WordPress project,80.3%,Importance of aspects of the WordPress project: The WordPress community,aggregates/per-question-tallies.csv,question_number for the item; importance+ = sum of Important and Very Important
Section 2: The Numbers,Importance of aspects of the WordPress project,76.6%,Importance of aspects of the WordPress project: WordPress governance,aggregates/per-question-tallies.csv,question_number for the item; importance+ = sum of Important and Very Important
Section 2: The Numbers,Importance of aspects of the WordPress project,73.8%,Importance of aspects of the WordPress project: WordPress leadership,aggregates/per-question-tallies.csv,question_number for the item; importance+ = sum of Important and Very Important
Section 2: The Numbers,Importance of aspects of the WordPress project,67.7%,Importance of aspects of the WordPress project: Collaboration with the greater open source ecosystem,aggregates/per-question-tallies.csv,question_number for the item; importance+ = sum of Important and Very Important
Section 2: The Numbers,Importance of aspects of the WordPress project,50.1%,Importance of aspects of the WordPress project: WordPress events and meetups,aggregates/per-question-tallies.csv,question_number for the item; importance+ = sum of Important and Very Important
Section 2: The Numbers,Importance of aspects of the WordPress project,45.7%,Importance of aspects of the WordPress project: Contributing to WordPress,aggregates/per-question-tallies.csv,question_number for the item; importance+ = sum of Important and Very Important
Section 2: The Numbers,Importance of aspects of the WordPress project,41.5%,"Importance of aspects of the WordPress project: Business issues (mergers & acquisitions, product ecosystem, private equity investment, etc.)",aggregates/per-question-tallies.csv,question_number for the item; importance+ = sum of Important and Very Important
Section 2: The Numbers,Importance of aspects of the WordPress project,40.1%,Importance of aspects of the WordPress project: Enterprise/scale issues,aggregates/per-question-tallies.csv,question_number for the item; importance+ = sum of Important and Very Important
Section 2: The Numbers,Importance of aspects of the WordPress project,29.0%,Importance of aspects of the WordPress project: AI in WordPress,aggregates/per-question-tallies.csv,question_number for the item; importance+ = sum of Important and Very Important
Section 2: The Numbers,What matters when deciding whether to participate,82.8%,What matters when deciding whether to participate: Personal capacity,aggregates/per-question-tallies.csv,question_number for the item; importance+ = sum of Important and Very Important
Section 2: The Numbers,What matters when deciding whether to participate,76.3%,What matters when deciding whether to participate: Feeling welcome/included,aggregates/per-question-tallies.csv,question_number for the item; importance+ = sum of Important and Very Important
Section 2: The Numbers,What matters when deciding whether to participate,75.6%,"What matters when deciding whether to participate: Advocacy on behalf of web standards (accessibility, privacy, etc.)",aggregates/per-question-tallies.csv,question_number for the item; importance+ = sum of Important and Very Important
Section 2: The Numbers,What matters when deciding whether to participate,67.3%,What matters when deciding whether to participate: Project leadership,aggregates/per-question-tallies.csv,question_number for the item; importance+ = sum of Important and Very Important
Section 2: The Numbers,What matters when deciding whether to participate,66.4%,What matters when deciding whether to participate: Project governance/policies,aggregates/per-question-tallies.csv,question_number for the item; importance+ = sum of Important and Very Important
Section 2: The Numbers,What matters when deciding whether to participate,59.6%,What matters when deciding whether to participate: Understanding how to participate,aggregates/per-question-tallies.csv,question_number for the item; importance+ = sum of Important and Very Important
Section 2: The Numbers,What matters when deciding whether to participate,58.5%,What matters when deciding whether to participate: Impact of my participation on my professional or personal life,aggregates/per-question-tallies.csv,question_number for the item; importance+ = sum of Important and Very Important
Section 2: The Numbers,What matters when deciding whether to participate,55.5%,What matters when deciding whether to participate: Working asynchronously,aggregates/per-question-tallies.csv,question_number for the item; importance+ = sum of Important and Very Important
Section 2: The Numbers,What matters when deciding whether to participate,53.4%,What matters when deciding whether to participate: Participation in the WordPress community,aggregates/per-question-tallies.csv,question_number for the item; importance+ = sum of Important and Very Important
Section 2: The Numbers,What matters when deciding whether to participate,51.7%,What matters when deciding whether to participate: Project roadmap,aggregates/per-question-tallies.csv,question_number for the item; importance+ = sum of Important and Very Important
Section 2: The Numbers,What matters when deciding whether to participate,47.8%,What matters when deciding whether to participate: Impact of my contributions to the project,aggregates/per-question-tallies.csv,question_number for the item; importance+ = sum of Important and Very Important
Section 2: The Numbers,What matters when deciding whether to participate,33.6%,What matters when deciding whether to participate: Financial incentives/restraints,aggregates/per-question-tallies.csv,question_number for the item; importance+ = sum of Important and Very Important
Section 2: The Numbers,What matters when deciding whether to participate,33.4%,What matters when deciding whether to participate: Mentorship or guidance,aggregates/per-question-tallies.csv,question_number for the item; importance+ = sum of Important and Very Important
Section 2: The Numbers,What matters when deciding whether to participate,19.7%,What matters when deciding whether to participate: Participating in a language other than English,aggregates/per-question-tallies.csv,question_number for the item; importance+ = sum of Important and Very Important
Section 2: The Numbers,What matters when deciding whether to attend an event,72.4%,"What matters when deciding whether to attend an event: Cost of attendance (travel, housing, etc.)",aggregates/per-question-tallies.csv,question_number for the item; importance+ = sum of Important and Very Important
Section 2: The Numbers,What matters when deciding whether to attend an event,67.3%,What matters when deciding whether to attend an event: Topics of sessions / panels,aggregates/per-question-tallies.csv,question_number for the item; importance+ = sum of Important and Very Important
Section 2: The Numbers,What matters when deciding whether to attend an event,65.9%,What matters when deciding whether to attend an event: A location local to you,aggregates/per-question-tallies.csv,question_number for the item; importance+ = sum of Important and Very Important
Section 2: The Numbers,What matters when deciding whether to attend an event,61.5%,What matters when deciding whether to attend an event: Community development/engagement,aggregates/per-question-tallies.csv,question_number for the item; importance+ = sum of Important and Very Important
Section 2: The Numbers,What matters when deciding whether to attend an event,60.6%,What matters when deciding whether to attend an event: Networking opportunities,aggregates/per-question-tallies.csv,question_number for the item; importance+ = sum of Important and Very Important
Section 2: The Numbers,What matters when deciding whether to attend an event,54.5%,What matters when deciding whether to attend an event: Cost of ticket,aggregates/per-question-tallies.csv,question_number for the item; importance+ = sum of Important and Very Important
Section 2: The Numbers,What matters when deciding whether to attend an event,54.3%,What matters when deciding whether to attend an event: A regional/destination location,aggregates/per-question-tallies.csv,question_number for the item; importance+ = sum of Important and Very Important
Section 2: The Numbers,What matters when deciding whether to attend an event,52.9%,"What matters when deciding whether to attend an event: Hard skill development (technical instruction, workshops, etc.)",aggregates/per-question-tallies.csv,question_number for the item; importance+ = sum of Important and Very Important
Section 2: The Numbers,What matters when deciding whether to attend an event,38.7%,What matters when deciding whether to attend an event: Particular speakers / keynotes,aggregates/per-question-tallies.csv,question_number for the item; importance+ = sum of Important and Very Important
Section 2: The Numbers,What matters when deciding whether to attend an event,38.5%,"What matters when deciding whether to attend an event: Soft skill development (business development, personal development, etc.)",aggregates/per-question-tallies.csv,question_number for the item; importance+ = sum of Important and Very Important
Section 2: The Numbers,What matters when deciding whether to attend an event,28.8%,What matters when deciding whether to attend an event: Meeting professional development requirements,aggregates/per-question-tallies.csv,question_number for the item; importance+ = sum of Important and Very Important
Section 2: The Numbers,What matters when deciding whether to attend an event,25.1%,What matters when deciding whether to attend an event: Events with smaller attendance,aggregates/per-question-tallies.csv,question_number for the item; importance+ = sum of Important and Very Important
Section 2: The Numbers,What matters when deciding whether to attend an event,16.9%,What matters when deciding whether to attend an event: Events with larger attendance,aggregates/per-question-tallies.csv,question_number for the item; importance+ = sum of Important and Very Important
Section 2: The Numbers,Problems in the community,73.3%,Problems in the community: Problems with project leadership or governance,aggregates/per-question-tallies.csv,question_number for the item; importance+ = sum of Important and Very Important
Section 2: The Numbers,Problems in the community,68.2%,Problems in the community: Conflict or ongoing interpersonal tension between community members,aggregates/per-question-tallies.csv,question_number for the item; importance+ = sum of Important and Very Important
Section 2: The Numbers,Problems in the community,67.3%,Problems in the community: Dismissive or condescending responses to contributions or questions,aggregates/per-question-tallies.csv,question_number for the item; importance+ = sum of Important and Very Important
Section 2: The Numbers,Problems in the community,62.4%,Problems in the community: Hostility or rudeness,aggregates/per-question-tallies.csv,question_number for the item; importance+ = sum of Important and Very Important
Section 2: The Numbers,Problems in the community,51.5%,Problems in the community: Harassment or targeted negative behavior,aggregates/per-question-tallies.csv,question_number for the item; importance+ = sum of Important and Very Important
Section 2: The Numbers,Problems in the community,50.6%,Problems in the community: Name-calling or personal attacks,aggregates/per-question-tallies.csv,question_number for the item; importance+ = sum of Important and Very Important
Section 2: The Numbers,Problems in the community,49.4%,Problems in the community: Language or content that made me or others feel unwelcome or excluded,aggregates/per-question-tallies.csv,question_number for the item; importance+ = sum of Important and Very Important
Section 2: The Numbers,AI use at work,55.9%,AI use at work: Writing / reviewing code,aggregates/per-question-tallies.csv,question_number for the item; importance+ = sum of Important and Very Important
Section 2: The Numbers,AI use at work,55.9%,AI use at work: Research or learning,aggregates/per-question-tallies.csv,question_number for the item; importance+ = sum of Important and Very Important
Section 2: The Numbers,AI use at work,45.5%,AI use at work: Writing / editing content,aggregates/per-question-tallies.csv,question_number for the item; importance+ = sum of Important and Very Important
Section 2: The Numbers,AI use at work,36.4%,AI use at work: Internal / external communications,aggregates/per-question-tallies.csv,question_number for the item; importance+ = sum of Important and Very Important
Section 2: The Numbers,AI use at work,30.4%,AI use at work: Design or image generation,aggregates/per-question-tallies.csv,question_number for the item; importance+ = sum of Important and Very Important
Section 2: The Numbers,AI use at work,26.5%,AI use at work: Bespoke plugin/theme development for yourself/your work,aggregates/per-question-tallies.csv,question_number for the item; importance+ = sum of Important and Very Important
Section 2: The Numbers,AI use at work,24.6%,AI use at work: Project management,aggregates/per-question-tallies.csv,question_number for the item; importance+ = sum of Important and Very Important
Section 2: The Numbers,AI use at work,21.3%,AI use at work: Bespoke plugin/theme development for clients,aggregates/per-question-tallies.csv,question_number for the item; importance+ = sum of Important and Very Important
Section 2: The Numbers,AI use at work,17.9%,AI use at work: Commercial product development (plugins or themes),aggregates/per-question-tallies.csv,question_number for the item; importance+ = sum of Important and Very Important
Section 2: The Numbers,Sentiment toward AI in WordPress,3.9%,Sentiment toward AI in WordPress: Very positive,aggregates/per-question-tallies.csv,question_number for the item; importance+ = sum of Important and Very Important
Section 2: The Numbers,Sentiment toward AI in WordPress,13.0%,Sentiment toward AI in WordPress: Positive,aggregates/per-question-tallies.csv,question_number for the item; importance+ = sum of Important and Very Important
Section 2: The Numbers,Sentiment toward AI in WordPress,33.2%,Sentiment toward AI in WordPress: Neutral / Unsure,aggregates/per-question-tallies.csv,question_number for the item; importance+ = sum of Important and Very Important
Section 2: The Numbers,Sentiment toward AI in WordPress,13.5%,Sentiment toward AI in WordPress: Negative,aggregates/per-question-tallies.csv,question_number for the item; importance+ = sum of Important and Very Important
Section 2: The Numbers,Sentiment toward AI in WordPress,36.4%,Sentiment toward AI in WordPress: Very negative,aggregates/per-question-tallies.csv,question_number for the item; importance+ = sum of Important and Very Important
Section 2: The Numbers,Relationship to official WordPress events,21.1%,Relationship to official WordPress events: Attend multiple times per year,aggregates/per-question-tallies.csv,question_number for the item; importance+ = sum of Important and Very Important
Section 2: The Numbers,Relationship to official WordPress events,20.9%,Relationship to official WordPress events: Attend annually or occasionally,aggregates/per-question-tallies.csv,question_number for the item; importance+ = sum of Important and Very Important
Section 2: The Numbers,Relationship to official WordPress events,21.8%,"Relationship to official WordPress events: Used to attend, no longer do",aggregates/per-question-tallies.csv,question_number for the item; importance+ = sum of Important and Very Important
Section 2: The Numbers,Relationship to official WordPress events,6.5%,"Relationship to official WordPress events: Never attended, would like to",aggregates/per-question-tallies.csv,question_number for the item; importance+ = sum of Important and Very Important
Section 2: The Numbers,Relationship to official WordPress events,27.8%,"Relationship to official WordPress events: Never attended, not interested",aggregates/per-question-tallies.csv,question_number for the item; importance+ = sum of Important and Very Important
Section 2: The Numbers,Relationship to official WordPress events,1.9%,Relationship to official WordPress events: Other (described in free text),aggregates/per-question-tallies.csv,question_number for the item; importance+ = sum of Important and Very Important
F01,81.7% of respondents are positive about open source. 32.7% say the same about WordPress.,81.7% | 32.7%,81.7% of respondents are positive about open source. 32.7% say the same about WordPress.,aggregates/net-sentiment-by-segment.csv; aggregates/per-question-tallies.csv,"measure = 'WordPress now' / 'Open source software'; group = All respondents. Open source matrix means: per-question-tallies, question 62"
F01,81.7% of respondents are positive about open source. 32.7% say the same about WordPress.,81.7% | 32.7% | 3.9% | 38.1% | 1.29,"81.7% of respondents are positive about open source software. 32.7% are positive about the WordPress open source project. The mirror image is starker still: 3.9% are negative about open source, against 38.1% who are negative about WordPress. In net terms that is +78 against −5 — a gap of 1.29 points on the same five-point scale, asked in the same survey, of the same people. It is the clearest stru",aggregates/net-sentiment-by-segment.csv; aggregates/per-question-tallies.csv,"measure = 'WordPress now' / 'Open source software'; group = All respondents. Open source matrix means: per-question-tallies, question 62"
F01,81.7% of respondents are positive about open source. 32.7% say the same about WordPress.,50.1% | 27.8%,"Half of all respondents (50.1%) are positive about open source while being neutral or negative about WordPress. 27.8% are positive about open source and outright negative about WordPress. The two feelings are not tracking each other, and over the past 24 months they moved at very different speeds.",aggregates/net-sentiment-by-segment.csv; aggregates/per-question-tallies.csv,"measure = 'WordPress now' / 'Open source software'; group = All respondents. Open source matrix means: per-question-tallies, question 62"
F01,81.7% of respondents are positive about open source. 32.7% say the same about WordPress.,4.64,Contributes to open source elsewhere 228 −18 −28 4.64,aggregates/net-sentiment-by-segment.csv; aggregates/per-question-tallies.csv,"measure = 'WordPress now' / 'Open source software'; group = All respondents. Open source matrix means: per-question-tallies, question 62"
F01,81.7% of respondents are positive about open source. 32.7% say the same about WordPress.,4.36,Does not 203 +9 +1 4.36,aggregates/net-sentiment-by-segment.csv; aggregates/per-question-tallies.csv,"measure = 'WordPress now' / 'Open source software'; group = All respondents. Open source matrix means: per-question-tallies, question 62"
F01,81.7% of respondents are positive about open source. 32.7% say the same about WordPress.,4.61,Volunteers outside WordPress and open source 251 −12 −24 4.61,aggregates/net-sentiment-by-segment.csv; aggregates/per-question-tallies.csv,"measure = 'WordPress now' / 'Open source software'; group = All respondents. Open source matrix means: per-question-tallies, question 62"
F01,81.7% of respondents are positive about open source. 32.7% say the same about WordPress.,4.37,Does not 180 +4 −2 4.37,aggregates/net-sentiment-by-segment.csv; aggregates/per-question-tallies.csv,"measure = 'WordPress now' / 'Open source software'; group = All respondents. Open source matrix means: per-question-tallies, question 62"
F01,81.7% of respondents are positive about open source. 32.7% say the same about WordPress.,p = .0002,"Contributes elsewhere: p = .0002 on present sentiment, p",aggregates/net-sentiment-by-segment.csv; aggregates/per-question-tallies.csv,"measure = 'WordPress now' / 'Open source software'; group = All respondents. Open source matrix means: per-question-tallies, question 62"
F01,81.7% of respondents are positive about open source. 32.7% say the same about WordPress.,52.9% | 4.64,"52.9% of respondents contribute to open source projects outside WordPress. That group rates “open source values” as important at 4.64. They rate WordPress's future 29 points lower. Whatever has happened here, it has not made these people care less about open source. It has made them care less about this project.",aggregates/net-sentiment-by-segment.csv; aggregates/per-question-tallies.csv,"measure = 'WordPress now' / 'Open source software'; group = All respondents. Open source matrix means: per-question-tallies, question 62"
F01,81.7% of respondents are positive about open source. 32.7% say the same about WordPress.,4.59 | 4.58 | 4.51,"The survey's open source importance battery says it from a third angle. Four of its five items sit at the top of the scale and barely separate: open source software 4.59, the sustainability of open source projects 4.58, open source values 4.51, and open source in WordPress 4.51. Respondents are not withdrawing their commitment to open source in WordPress as a principle. They rate it exactly as hig",aggregates/net-sentiment-by-segment.csv; aggregates/per-question-tallies.csv,"measure = 'WordPress now' / 'Open source software'; group = All respondents. Open source matrix means: per-question-tallies, question 62"
F01,81.7% of respondents are positive about open source. 32.7% say the same about WordPress.,3.24,"The fifth item in that battery, open source in AI , scores 3.24 — the sharpest single break anywhere in the survey, and one that belongs to the AI findings rather than this one.",aggregates/net-sentiment-by-segment.csv; aggregates/per-question-tallies.csv,"measure = 'WordPress now' / 'Open source software'; group = All respondents. Open source matrix means: per-question-tallies, question 62"
F02,77.3% of respondents feel differently toward WordPress than they did two years ago. 95.5% of them feel worse.,77.3% | 95.5%,77.3% of respondents feel differently toward WordPress than they did two years ago. 95.5% of them feel worse.,aggregates/per-question-tallies.csv; crosstabs/crosstabs.csv,"question = 'Sentiment toward WordPress changed' (gate-consistent base 333; see METHODOLOGY, Change in sentiment)"
F02,77.3% of respondents feel differently toward WordPress than they did two years ago. 95.5% of them feel worse.,77.3% | 95.5% | 4.5% | 73.8%,"We asked whether feelings about the WordPress open source project had changed over the past 24 months, and then in which direction. 77.3% said their feelings had changed. Of those, 95.5% said they had changed for the worse and 4.5% said for the better — a ratio of twenty-one to one, and 73.8% of everyone who took the survey.",aggregates/per-question-tallies.csv; crosstabs/crosstabs.csv,"question = 'Sentiment toward WordPress changed' (gate-consistent base 333; see METHODOLOGY, Change in sentiment)"
F02,77.3% of respondents feel differently toward WordPress than they did two years ago. 95.5% of them feel worse.,85.4% | 69.2%,People who do not use AI in their work soured more — 85.4% against 69.2% of AI users (p,aggregates/per-question-tallies.csv; crosstabs/crosstabs.csv,"question = 'Sentiment toward WordPress changed' (gate-consistent base 333; see METHODOLOGY, Change in sentiment)"
F02,77.3% of respondents feel differently toward WordPress than they did two years ago. 95.5% of them feel worse.,86.2% | 64.3% | p = .010,"Lapsed event attendees soured most of any group defined by behaviour — 86.2%, against 64.3% of those who have never attended but would like to (p = .010).",aggregates/per-question-tallies.csv; crosstabs/crosstabs.csv,"question = 'Sentiment toward WordPress changed' (gate-consistent base 333; see METHODOLOGY, Change in sentiment)"
F02,77.3% of respondents feel differently toward WordPress than they did two years ago. 95.5% of them feel worse.,85.1% | 64.7% | p = .008,"Indirectly paid contributors soured more than either the paid or the unpaid — 85.1%, against 64.7% of those paid directly (p = .008). These are the people who participate in WordPress for work but are not required to: the discretionary professionals, and the group with the least holding them in place.",aggregates/per-question-tallies.csv; crosstabs/crosstabs.csv,"question = 'Sentiment toward WordPress changed' (gate-consistent base 333; see METHODOLOGY, Change in sentiment)"
F02,77.3% of respondents feel differently toward WordPress than they did two years ago. 95.5% of them feel worse.,54.5% | 78.9% | p = .038,"The very active soured least — 54.5%, against 78.9% of the moderately active (p = .038). Note that this is not a straight line from disengaged to engaged. The moderately active soured more than anyone; it is only at the very top of the engagement scale that the rate drops.",aggregates/per-question-tallies.csv; crosstabs/crosstabs.csv,"question = 'Sentiment toward WordPress changed' (gate-consistent base 333; see METHODOLOGY, Change in sentiment)"
F02,77.3% of respondents feel differently toward WordPress than they did two years ago. 95.5% of them feel worse.,41.8% | 54.5%,"Souring is not the same as leaving, and it is not the same as being negative today. Among respondents who describe themselves as positive about the project right now, 41.8% say they feel worse than they did two years ago. Among the most active participants in the survey — the people organising meetups, reviewing patches, running WordCamps — 54.5% report the same, the lowest rate of any group we me",aggregates/per-question-tallies.csv; crosstabs/crosstabs.csv,"question = 'Sentiment toward WordPress changed' (gate-consistent base 333; see METHODOLOGY, Change in sentiment)"
F03,Three in four respondents are negative or unsure about WordPress’s future — but almost all of them are still here,39.0% | 36.7% | 75.6% | 24.4%,"Asked how they feel about the future of the WordPress open source project, 39.0% said negative or very negative and 36.7% said neutral or unsure — 75.6% of the survey between them. 24.4% were positive.",aggregates/net-sentiment-by-segment.csv,measure = 'WordPress future'; group = All respondents and named segments
F03,Three in four respondents are negative or unsure about WordPress’s future — but almost all of them are still here,62.6% | 22.5% | 14.8%,The same thing shows up respondent by respondent. 62.6% give the future exactly the rating they give the present. 22.5% rate it lower. 14.8% rate it higher. This is not a community that has decided the project is finished. It is a community that has stopped being able to predict it.,aggregates/net-sentiment-by-segment.csv,measure = 'WordPress future'; group = All respondents and named segments
F03,Three in four respondents are negative or unsure about WordPress’s future — but almost all of them are still here,79.7%,"The neutral bloc is not disengaged. Of those unsure about the future, 79.7% say their feelings about the project soured over the past 24 months. Something moved them; they just cannot say where it has landed. They are spread evenly across participation level, pay status and tenure — this is not a pocket of the community, it is a state a quarter of it is in.",aggregates/net-sentiment-by-segment.csv,measure = 'WordPress future'; group = All respondents and named segments
F03,Three in four respondents are negative or unsure about WordPress’s future — but almost all of them are still here,39.0% | 36.7%,Negative about the future (39.0% of respondents) Unsure about the future (36.7%),aggregates/net-sentiment-by-segment.csv,measure = 'WordPress future'; group = All respondents and named segments
F03,Three in four respondents are negative or unsure about WordPress’s future — but almost all of them are still here,89.9% | 94.9%,Still use the WordPress software 89.9% 94.9%,aggregates/net-sentiment-by-segment.csv,measure = 'WordPress future'; group = All respondents and named segments
F03,Three in four respondents are negative or unsure about WordPress’s future — but almost all of them are still here,89.9% | 94.9%,Rate the WordPress software important to them 89.9% 94.9%,aggregates/net-sentiment-by-segment.csv,measure = 'WordPress future'; group = All respondents and named segments
F03,Three in four respondents are negative or unsure about WordPress’s future — but almost all of them are still here,73.2% | 79.1%,Still follow project updates and discussion 73.2% 79.1%,aggregates/net-sentiment-by-segment.csv,measure = 'WordPress future'; group = All respondents and named segments
F03,Three in four respondents are negative or unsure about WordPress’s future — but almost all of them are still here,78.0% | 82.9%,Still participate at some level 78.0% 82.9%,aggregates/net-sentiment-by-segment.csv,measure = 'WordPress future'; group = All respondents and named segments
F03,Three in four respondents are negative or unsure about WordPress’s future — but almost all of them are still here,54.8% | 63.9%,Generate income using WordPress 54.8% 63.9%,aggregates/net-sentiment-by-segment.csv,measure = 'WordPress future'; group = All respondents and named segments
F03,Three in four respondents are negative or unsure about WordPress’s future — but almost all of them are still here,59.5% | 74.1%,Still identify as members of the community 59.5% 74.1%,aggregates/net-sentiment-by-segment.csv,measure = 'WordPress future'; group = All respondents and named segments
F04,Governance and leadership is the problem the community reports most,37.4% | 73.3% | 26.7%,"We asked whether respondents had personally experienced or witnessed seven kinds of problem in the WordPress community. Problems with project leadership or governance came top on every measure: 37.4% had experienced them personally, 73.3% had experienced or witnessed them, and only 26.7% had encountered them neither way — the lowest untouched figure of the seven.",aggregates/community-issues-by-segment.csv; aggregates/per-question-tallies.csv,"group = All respondents for the headline shares; importance means from per-question-tallies, question 34"
F04,Governance and leadership is the problem the community reports most,56%,"The seven issues were asked as separate items, and it would be reasonable to read them as seven separate problems. The people answering did not read them that way. Given an open field to name anything else they had experienced or witnessed, 56% of those who wrote something named the project's leadership, Automattic, or management — not a category of behaviour, but a source of it.",aggregates/community-issues-by-segment.csv; aggregates/per-question-tallies.csv,"group = All respondents for the headline shares; importance means from per-question-tallies, question 34"
F04,Governance and leadership is the problem the community reports most,4.17 | 76.6% | 4.13 | 4.04,"Of thirteen aspects of the project we asked respondents to rate, WordPress governance ranks fifth at 4.17 out of 5, with 76.6% calling it important. It sits above the WordPress community itself (4.13) and above WordPress leadership (4.04), behind only security, the software, web standards and open source values.",aggregates/community-issues-by-segment.csv; aggregates/per-question-tallies.csv,"group = All respondents for the headline shares; importance means from per-question-tallies, question 34"
F04,Governance and leadership is the problem the community reports most,3.85 | 66.4%,"It carries weight in decisions too. Asked what matters when deciding whether to participate in the project at all, project governance and policies scores 3.85, with 66.4% calling it important — ahead of the project roadmap, mentorship, and financial incentives.",aggregates/community-issues-by-segment.csv; aggregates/per-question-tallies.csv,"group = All respondents for the headline shares; importance means from per-question-tallies, question 34"
F04,Governance and leadership is the problem the community reports most,50.0%,Moderately active 50.0%,aggregates/community-issues-by-segment.csv; aggregates/per-question-tallies.csv,"group = All respondents for the headline shares; importance means from per-question-tallies, question 34"
F04,Governance and leadership is the problem the community reports most,41.0%,Occasional 41.0%,aggregates/community-issues-by-segment.csv; aggregates/per-question-tallies.csv,"group = All respondents for the headline shares; importance means from per-question-tallies, question 34"
F04,Governance and leadership is the problem the community reports most,37.1%,Observational only 37.1%,aggregates/community-issues-by-segment.csv; aggregates/per-question-tallies.csv,"group = All respondents for the headline shares; importance means from per-question-tallies, question 34"
F04,Governance and leadership is the problem the community reports most,31.4%,Inactive 31.4%,aggregates/community-issues-by-segment.csv; aggregates/per-question-tallies.csv,"group = All respondents for the headline shares; importance means from per-question-tallies, question 34"
F04,Governance and leadership is the problem the community reports most,25.0%,Very active 25.0%,aggregates/community-issues-by-segment.csv; aggregates/per-question-tallies.csv,"group = All respondents for the headline shares; importance means from per-question-tallies, question 34"
F04,Governance and leadership is the problem the community reports most,17.1%,Do not participate 17.1%,aggregates/community-issues-by-segment.csv; aggregates/per-question-tallies.csv,"group = All respondents for the headline shares; importance means from per-question-tallies, question 34"
F04,Governance and leadership is the problem the community reports most,p = .008,p = .008. All other segment comparisons on this item are not significant.,aggregates/community-issues-by-segment.csv; aggregates/per-question-tallies.csv,"group = All respondents for the headline shares; importance means from per-question-tallies, question 34"
F04,Governance and leadership is the problem the community reports most,19 respondents | 47.4%,"19 respondents say they filed a code of conduct report. 14 of them say it was not resolved. Six say it was resolved; one respondent indicates both, presumably from separate reports. These are small numbers and we report them as counts rather than percentages, but they are the only direct evidence the survey collected about whether the community’s formal complaint process works. Respondents who fil",aggregates/community-issues-by-segment.csv; aggregates/per-question-tallies.csv,"group = All respondents for the headline shares; importance means from per-question-tallies, question 34"
F04,Governance and leadership is the problem the community reports most,37.4% | 73.3%,Governance and leadership is the only problem in the list that more respondents attribute to the project than to individuals. 37.4% report experiencing it personally and 73.3% report experiencing or witnessing it — the highest of the eight items on both measures.,aggregates/community-issues-by-segment.csv; aggregates/per-question-tallies.csv,"group = All respondents for the headline shares; importance means from per-question-tallies, question 34"
F04,Governance and leadership is the problem the community reports most,76.6% | 73.8% | 66.4% | 67.3%,"People say governance matters to them more than they say it drives their participation. 76.6% rate WordPress governance an important aspect of the project and 73.8% say the same of leadership. Asked instead what they weigh when deciding whether to participate, governance drops to 66.4% and leadership to 67.3%. Both remain in the top five of fourteen factors.",aggregates/community-issues-by-segment.csv; aggregates/per-question-tallies.csv,"group = All respondents for the headline shares; importance means from per-question-tallies, question 34"
F05,"Participation is contracting, and the people stepping back have been in the community more than a decade",38.7% | 15.1% | 16.9%,"Over the past 24 months, 38.7% of respondents decreased their participation in the WordPress community and 15.1% increased it — a contraction of roughly two and a half to one. 16.9% describe the decrease as significant.",crosstabs/crosstabs.csv; significance-register.csv,segment_variable = 'Participation level' and 'Tenure (combined)'; question = 'Change in participation'
F05,"Participation is contracting, and the people stepping back have been in the community more than a decade",47.5% | 30.8% | p = .005,"Length of time in the community is the demographic that predicts this. 47.5% of respondents with ten or more years behind them have reduced their participation, against 30.8% of everyone with less (p = .005).",crosstabs/crosstabs.csv; significance-register.csv,segment_variable = 'Participation level' and 'Tenure (combined)'; question = 'Change in participation'
F05,"Participation is contracting, and the people stepping back have been in the community more than a decade",431 respondents,"Tenure is measured for 364 of the 431 respondents. The survey asked current community members how long they have been part of it, and asked people who once considered themselves members but no longer do how long they were — the same six answer options in both cases. We combine the two. The remaining respondents say they have never considered themselves community members, and were not asked. An ear",crosstabs/crosstabs.csv; significance-register.csv,segment_variable = 'Participation level' and 'Tenure (combined)'; question = 'Change in participation'
F05,"Participation is contracting, and the people stepping back have been in the community more than a decade",37.1% | 38.7% | 41.8% | p = .82,"Pay status looks irrelevant at first: 37.1% of directly paid contributors decreased their participation, against 38.7% of unpaid ones and 41.8% of the indirectly paid. No meaningful difference (p = .82).",crosstabs/crosstabs.csv; significance-register.csv,segment_variable = 'Participation level' and 'Tenure (combined)'; question = 'Change in participation'
F05,"Participation is contracting, and the people stepping back have been in the community more than a decade",26.7% | 8.5%,"The difference is entirely on the other side of the ledger. 26.7% of directly paid contributors increased their participation, against 8.5% of unpaid contributors — more than three times the rate, and strongly significant (p",crosstabs/crosstabs.csv; significance-register.csv,segment_variable = 'Participation level' and 'Tenure (combined)'; question = 'Change in participation'
F05,"Participation is contracting, and the people stepping back have been in the community more than a decade",p = .98,Here is the difficult part. Tenure predicts participation change. It does not predict sentiment at all (p = .98).,crosstabs/crosstabs.csv; significance-register.csv,segment_variable = 'Participation level' and 'Tenure (combined)'; question = 'Change in participation'
F05,"Participation is contracting, and the people stepping back have been in the community more than a decade",2.93 | 2.92 | 45.2%,"Respondents with 15 or more years in the community rate the project at 2.93 out of 5 today, against 2.92 for everyone else. The two numbers are indistinguishable. Ask them how they feel and they look exactly average. Ask what they are doing and 45.2% have cut back.",crosstabs/crosstabs.csv; significance-register.csv,segment_variable = 'Participation level' and 'Tenure (combined)'; question = 'Change in participation'
F05,"Participation is contracting, and the people stepping back have been in the community more than a decade",2.39 | 3.39,"The aggregate hides a split inside the group. Among respondents with a decade or more who reduced their participation, sentiment is 2.39. Among those who did not, it is 3.39 (p",crosstabs/crosstabs.csv; significance-register.csv,segment_variable = 'Participation level' and 'Tenure (combined)'; question = 'Change in participation'
F05,"Participation is contracting, and the people stepping back have been in the community more than a decade",2.10 | 3.16 | 3.71,"Across the whole survey the link between doing less and feeling worse is strong — respondents who significantly decreased their participation rate the project at 2.10, against 3.16 for those who report no change and 3.71 for those who significantly increased it. But that signal only appears if you segment by behaviour . Segment by tenure, which is what most community research does, and it disappea",crosstabs/crosstabs.csv; significance-register.csv,segment_variable = 'Participation level' and 'Tenure (combined)'; question = 'Change in participation'
F05,"Participation is contracting, and the people stepping back have been in the community more than a decade",84.9%,"The survey asked separately whether respondents had experienced or witnessed any of eight community problems — hostility, dismissiveness, harassment, contributions rejected without explanation, problems with leadership or governance, and others. 84.9% said yes to at least one. Everyone who did was then asked what followed.",crosstabs/crosstabs.csv; significance-register.csv,segment_variable = 'Participation level' and 'Tenure (combined)'; question = 'Change in participation'
F05,"Participation is contracting, and the people stepping back have been in the community more than a decade",49.7% | 37.2% | 25.7% | 17.8% | 29.2%,"49.7% of them changed their behaviour: 37.2% stepped back from community participation generally, 25.7% moved their activity to other channels, and 17.8% stopped contributing to a particular project or team. A further 29.2% said their participation did not change but that it changed how they feel about participating. 25.7% said nothing changed at all.",crosstabs/crosstabs.csv; significance-register.csv,segment_variable = 'Participation level' and 'Tenure (combined)'; question = 'Change in participation'
F05,"Participation is contracting, and the people stepping back have been in the community more than a decade",61.5% | 42.2%,"Taken together, 61.5% of all respondents say something they experienced or witnessed in the community changed how they participate or how they feel about participating. 42.2% of all respondents changed what they actually do.",crosstabs/crosstabs.csv; significance-register.csv,segment_variable = 'Participation level' and 'Tenure (combined)'; question = 'Change in participation'
F05,"Participation is contracting, and the people stepping back have been in the community more than a decade",27.6% | 2.92,None — witnessed only 27.6% 2.92,crosstabs/crosstabs.csv; significance-register.csv,segment_variable = 'Participation level' and 'Tenure (combined)'; question = 'Change in participation'
F05,"Participation is contracting, and the people stepping back have been in the community more than a decade",46.8% | 2.97,One 46.8% 2.97,crosstabs/crosstabs.csv; significance-register.csv,segment_variable = 'Participation level' and 'Tenure (combined)'; question = 'Change in participation'
F05,"Participation is contracting, and the people stepping back have been in the community more than a decade",59.2% | 2.63,Two 59.2% 2.63,crosstabs/crosstabs.csv; significance-register.csv,segment_variable = 'Participation level' and 'Tenure (combined)'; question = 'Change in participation'
F05,"Participation is contracting, and the people stepping back have been in the community more than a decade",72.6% | 2.50,Three or more 72.6% 2.50,crosstabs/crosstabs.csv; significance-register.csv,segment_variable = 'Participation level' and 'Tenure (combined)'; question = 'Change in participation'
F05,"Participation is contracting, and the people stepping back have been in the community more than a decade",9.5% | 43.2% | 38.8% | p = .001 | 38.1%,"The most active participants absorb it rather than leaving. Among respondents who describe themselves as very active, 9.5% stepped back from community participation after experiencing problems, against 43.2% of observational participants and 38.8% of occasional ones (p = .001). But 38.1% of them say it changed how they feel about participating while they carried on, one of the highest rates of any",crosstabs/crosstabs.csv; significance-register.csv,segment_variable = 'Participation level' and 'Tenure (combined)'; question = 'Change in participation'
F05,"Participation is contracting, and the people stepping back have been in the community more than a decade",2.57 | 3.33,"Sentiment tracks the response, not the exposure. Respondents who changed something rate the project at 2.57. Those who saw problems and say nothing changed for them rate it at 3.33.",crosstabs/crosstabs.csv; significance-register.csv,segment_variable = 'Participation level' and 'Tenure (combined)'; question = 'Change in participation'
F05,"Participation is contracting, and the people stepping back have been in the community more than a decade",25.7%,25.7% moved their activity to other channels rather than reducing it. Some of the contraction in official participation is displacement into unofficial spaces rather than withdrawal from WordPress work.,crosstabs/crosstabs.csv; significance-register.csv,segment_variable = 'Participation level' and 'Tenure (combined)'; question = 'Change in participation'
F06,Half the people doing community work don’t consider themselves contributors,54.3% | 42.0%,"The survey asked respondents what work they do, and separately whether they consider themselves a contributor to the WordPress open source project. 54.3% report doing some form of contribution work. Only 42.0% will claim the word. The shortfall is not spread evenly. It sits almost entirely on people whose contribution is community work.",crosstabs/crosstabs.csv; significance-register.csv,segment_variable = 'Contribution type'; question = 'Considers self a contributor'
F06,Half the people doing community work don’t consider themselves contributors,16.3% | 25.7%,"Mostly, but not always. 16.3% of respondents who do code work still do not call themselves contributors, and among those doing code or project work without any community work, 25.7% sit on neutral. Even the clearest case leaves a quarter of people unsure.",crosstabs/crosstabs.csv; significance-register.csv,segment_variable = 'Contribution type'; question = 'Considers self a contributor'
F06,Half the people doing community work don’t consider themselves contributors,55.2% | 54.7% | 44.8%,"And the community does not believe that contribution means code. Among respondents who do claim the contributor label, the forms of contribution they name are led by code/programming at 55.2% — but events (54.7%) and community participation (54.7%) are named just as often, and 44.8% of self-identified contributors report no code work at all. Non-code contribution is accepted in principle by the pe",crosstabs/crosstabs.csv; significance-register.csv,segment_variable = 'Contribution type'; question = 'Considers self a contributor'
F06,Half the people doing community work don’t consider themselves contributors,20.2%,"Within the 20.2% of respondents whose contribution is community work only, we tested every segment the survey supports. Almost all of them come back flat.",crosstabs/crosstabs.csv; significance-register.csv,segment_variable = 'Contribution type'; question = 'Considers self a contributor'
F06,Half the people doing community work don’t consider themselves contributors,50.0% | 45.8%,Gender 50.0% male · 45.8% female .92,crosstabs/crosstabs.csv; significance-register.csv,segment_variable = 'Contribution type'; question = 'Considers self a contributor'
F06,Half the people doing community work don’t consider themselves contributors,44.4% | 58.1%,Years in the community 44.4% – 58.1% .58,crosstabs/crosstabs.csv; significance-register.csv,segment_variable = 'Contribution type'; question = 'Considers self a contributor'
F06,Half the people doing community work don’t consider themselves contributors,42.2% | 55.6%,Whether they are paid 42.2% unpaid · 55.6% directly paid .50,crosstabs/crosstabs.csv; significance-register.csv,segment_variable = 'Contribution type'; question = 'Considers self a contributor'
F06,Half the people doing community work don’t consider themselves contributors,57.6% | 42.6%,Participation in Make WordPress 57.6% in · 42.6% not .26,crosstabs/crosstabs.csv; significance-register.csv,segment_variable = 'Contribution type'; question = 'Considers self a contributor'
F06,Half the people doing community work don’t consider themselves contributors,55.3% | 42.9%,Participation on WordPress.org 55.3% in · 42.9% not .35,crosstabs/crosstabs.csv; significance-register.csv,segment_variable = 'Contribution type'; question = 'Considers self a contributor'
F06,Half the people doing community work don’t consider themselves contributors,49.1% | 46.7% | 1.00,Attendance at official WordPress events 49.1% in · 46.7% not 1.00,crosstabs/crosstabs.csv; significance-register.csv,segment_variable = 'Contribution type'; question = 'Considers self a contributor'
F06,Half the people doing community work don’t consider themselves contributors,41.7% | 63.6%,Work role 41.7% – 63.6% .26,crosstabs/crosstabs.csv; significance-register.csv,segment_variable = 'Contribution type'; question = 'Considers self a contributor'
F06,Half the people doing community work don’t consider themselves contributors,43.2% | 69.2%,How active they say they are 43.2% – 69.2% .27,crosstabs/crosstabs.csv; significance-register.csv,segment_variable = 'Contribution type'; question = 'Considers self a contributor'
F06,Half the people doing community work don’t consider themselves contributors,p = .02 | 25.9% | 58.8% | p = .74,"One variable does register. Age comes back at p = .02 within this group, driven by respondents aged 35–44, who claim the label 25.9% of the time against 58.8% of those aged 45–54. We report it because we said we would report what we found, but we do not think it is real: it is one hit across nine tests on a fifth of the sample, it is exactly what chance produces at that rate, and it does not reapp",crosstabs/crosstabs.csv; significance-register.csv,segment_variable = 'Contribution type'; question = 'Considers self a contributor'
F06,Half the people doing community work don’t consider themselves contributors,97.7% | 11.4% | 15 respondents,"This is not confined to the periphery. 97.7% of respondents who describe themselves as very active participants do contribution work — and 11.4% of them still do not call themselves contributors. Among very active participants whose contribution is community work only, the claim rate falls to roughly two in three — though that cell falls below our minimum reporting threshold of 15 respondents and ",crosstabs/crosstabs.csv; significance-register.csv,segment_variable = 'Contribution type'; question = 'Considers self a contributor'
F06,Half the people doing community work don’t consider themselves contributors,88.6%,"That residue matters more than its size, because the very active are the group this survey finds most settled on almost every measure. Finding 02 showed they soured on WordPress at the lowest rate of any group. Finding 04 showed they report the least governance harm. Here they claim the contributor label at the highest rate, 88.6%. On this question as on the others, the closer a respondent is to t",crosstabs/crosstabs.csv; significance-register.csv,segment_variable = 'Contribution type'; question = 'Considers self a contributor'
F06,Half the people doing community work don’t consider themselves contributors,92.0% | 86.6%,Community and code work 92.0% 86.6% 5.4 pts,crosstabs/crosstabs.csv; significance-register.csv,segment_variable = 'Contribution type'; question = 'Considers self a contributor'
F06,Half the people doing community work don’t consider themselves contributors,82.9% | 74.3%,Code / project work only 82.9% 74.3% 8.6 pts,crosstabs/crosstabs.csv; significance-register.csv,segment_variable = 'Contribution type'; question = 'Considers self a contributor'
F06,Half the people doing community work don’t consider themselves contributors,92.0% | 48.3%,Community work only 92.0% 48.3% 43.7 pts,crosstabs/crosstabs.csv; significance-register.csv,segment_variable = 'Contribution type'; question = 'Considers self a contributor'
F06,Half the people doing community work don’t consider themselves contributors,92.0%,People doing community work only claim community membership at the same rate as people doing both community and code work — 92.0% in each group. They are as attached to the community as anyone in the survey. They simply stop at the contributor line.,crosstabs/crosstabs.csv; significance-register.csv,segment_variable = 'Contribution type'; question = 'Considers self a contributor'
F06,Half the people doing community work don’t consider themselves contributors,71.5% | 42.0% | 0.84,"Across the whole survey, 71.5% agree they are a member of the WordPress community against 42.0% who agree they are a contributor — a 0.84-point difference on the same five-point scale, and about as statistically certain as anything in this data (p",crosstabs/crosstabs.csv; significance-register.csv,segment_variable = 'Contribution type'; question = 'Considers self a contributor'
F07,Belonging matters more than money to almost everyone (including the people being paid to participate),82.8%,"Only one factor outranks belonging, and it is not a motivation. Personal capacity — whether a person has the time and energy at all — comes first at 82.8%. It is a precondition, not a reason. Of the things people weigh when deciding whether participating is worth it, feeling welcome comes top.",aggregates/per-question-tallies.csv; significance-register.csv,"belonging and compensation factor items, question 39"
F07,Belonging matters more than money to almost everyone (including the people being paid to participate),75.6% | 67.3% | 66.4%,"The factors clustering near the top are worth reading together. After personal capacity and belonging come advocacy on web standards (75.6%), project leadership (67.3%) and project governance (66.4%). What people are weighing is whether the project is a decent place to spend their effort and whether it is being run properly. Money, roadmap, and the measurable impact of one’s own contributions all ",aggregates/per-question-tallies.csv; significance-register.csv,"belonging and compensation factor items, question 39"
F07,Belonging matters more than money to almost everyone (including the people being paid to participate),75.9% | 44.8%,"Belonging outranks money in every pay group. Among respondents who are paid directly for their WordPress work — people whose participation is part of their job — 75.9% call feeling welcome important, against 44.8% for financial incentives. The gap narrows but does not close, and it remains highly significant within that group alone (p",aggregates/per-question-tallies.csv; significance-register.csv,"belonging and compensation factor items, question 39"
F07,Belonging matters more than money to almost everyone (including the people being paid to participate),76.2% | 29.4% | 64.1%,Not paid for WordPress work 76.2% 29.4% 64.1%,aggregates/per-question-tallies.csv; significance-register.csv,"belonging and compensation factor items, question 39"
F07,Belonging matters more than money to almost everyone (including the people being paid to participate),77.6% | 29.9% | 65.7%,Paid indirectly 77.6% 29.9% 65.7%,aggregates/per-question-tallies.csv; significance-register.csv,"belonging and compensation factor items, question 39"
F07,Belonging matters more than money to almost everyone (including the people being paid to participate),75.9% | 44.8% | 56.9%,Paid directly 75.9% 44.8% 56.9%,aggregates/per-question-tallies.csv; significance-register.csv,"belonging and compensation factor items, question 39"
F07,Belonging matters more than money to almost everyone (including the people being paid to participate),p = .91 | p = .06,"How much people care about feeling welcome does not vary by pay status at all (p = .91). Being paid raises the importance of money somewhat, but not reliably enough to call significant (p = .06). Payment moves one of these two numbers a little and leaves the other exactly where it was.",aggregates/per-question-tallies.csv; significance-register.csv,"belonging and compensation factor items, question 39"
F07,Belonging matters more than money to almost everyone (including the people being paid to participate),23.3% | 41% | p = .001,"Work role produces the one significant difference in how people rate money, and it runs the opposite way to the intuition. Employees rate financial incentives lowest of any working group at 23.3%, while business owners and freelancers rate them highest at around 41% (p = .001). People whose income already arrives regardless of what they do in WordPress do not weigh it when deciding to participate.",aggregates/per-question-tallies.csv; significance-register.csv,"belonging and compensation factor items, question 39"
F07,Belonging matters more than money to almost everyone (including the people being paid to participate),55.5%,"55.5% of respondents report personally experiencing at least one of the hostile behaviours the survey asked about — dismissiveness, hostility, harassment, contributions rejected without explanation, and others.",aggregates/per-question-tallies.csv; significance-register.csv,"belonging and compensation factor items, question 39"
F07,Belonging matters more than money to almost everyone (including the people being paid to participate),84.1% | 66.7% | p < .0001 | p = .23,"Those respondents rate feeling welcome higher than everyone else: 84.1% call it important, against 66.7% of respondents who report no personal experience of hostility (p < .0001). Their rating of financial incentives is statistically indistinguishable from everyone else’s (p = .23).",aggregates/per-question-tallies.csv; significance-register.csv,"belonging and compensation factor items, question 39"
F07,Belonging matters more than money to almost everyone (including the people being paid to participate),p = .66 | p = .28 | p = .44 | p = .37,"It is not. How important a respondent rates feeling welcome has no relationship to how they feel about WordPress today (p = .66), and no relationship to whether their participation has risen or fallen over the past two years (p = .28). The same is true of financial incentives (p = .44 and p = .37). Respondents who are positive about the project and respondents who are negative about it rank these ",aggregates/per-question-tallies.csv; significance-register.csv,"belonging and compensation factor items, question 39"
F08,The community uses AI every day and does not want it in WordPress,71.5% | net −33,"These two results have to be read together. 71.5% of respondents use AI in their work. And AI in WordPress is the most negative measure anywhere in this survey, at net −33.",aggregates/net-sentiment-by-segment.csv; aggregates/per-question-tallies.csv,measure = 'AI in WordPress' / 'AI in web development' / 'AI in tech industry'; AI use shares from per-question-tallies
F08,The community uses AI every day and does not want it in WordPress,32.1% | 23.7%,"Among respondents who use AI in their work, 32.1% are negative about AI in WordPress and only 23.7% are positive. Among those who do not use AI, not a single respondent is positive about it.",aggregates/net-sentiment-by-segment.csv; aggregates/per-question-tallies.csv,measure = 'AI in WordPress' / 'AI in web development' / 'AI in tech industry'; AI use shares from per-question-tallies
F08,The community uses AI every day and does not want it in WordPress,93.2% | 89.5% | 52.6% | 48.6%,"Adoption also rises steeply with involvement in the project. 93.2% of the most active participants use AI in their work, and 89.5% of the moderately active — against 52.6% of observational participants and 48.6% of the inactive (p",aggregates/net-sentiment-by-segment.csv; aggregates/per-question-tallies.csv,measure = 'AI in WordPress' / 'AI in web development' / 'AI in tech industry'; AI use shares from per-question-tallies
F08,The community uses AI every day and does not want it in WordPress,78.2% | 63.6% | 51.0% | 22.1%,"Among those who use AI, the dominant applications sit outside WordPress entirely: 78.2% use it for writing or reviewing code, 78.2% for research or learning, 63.6% for writing or editing content, and 51.0% for internal or external communications. Agentic site development — the use case closest to what AI in core would enable — is used by 22.1%.",aggregates/net-sentiment-by-segment.csv; aggregates/per-question-tallies.csv,measure = 'AI in WordPress' / 'AI in web development' / 'AI in tech industry'; AI use shares from per-question-tallies
F08,The community uses AI every day and does not want it in WordPress,16.9%,"16.9% are positive about AI in WordPress, and their reasoning is not a mirror image of the objection. They tend to argue about power and access rather than about features.",aggregates/net-sentiment-by-segment.csv; aggregates/per-question-tallies.csv,measure = 'AI in WordPress' / 'AI in web development' / 'AI in tech industry'; AI use shares from per-question-tallies
F08,The community uses AI every day and does not want it in WordPress,44.5% | 45.0% | 16.9%,"AI is also the most polarised topic in the survey. 44.5% of respondents sit at one of the two extremes on AI in the tech industry and 45.0% on AI in web development , against 16.9% on WordPress sentiment. There is no middle forming on this question. There are two populations, and one of them is much larger than the other.",aggregates/net-sentiment-by-segment.csv; aggregates/per-question-tallies.csv,measure = 'AI in WordPress' / 'AI in web development' / 'AI in tech industry'; AI use shares from per-question-tallies
F09,"On AI and money, business owners are the only group that expects to win",35.5% | 32.7% | 25.5%,AI's impact on my work or income so far 35.5% 32.7% 25.5% +10,crosstabs/crosstabs.csv,question = 'AI impact so far' / 'AI impact expected'; segment_variable = 'Work role'
F09,"On AI and money, business owners are the only group that expects to win",33.6% | 11.8% | 47.1%,AI's impact on my work or income in future 33.6% 11.8% 47.1% −14,crosstabs/crosstabs.csv,question = 'AI impact so far' / 'AI impact expected'; segment_variable = 'Work role'
F09,"On AI and money, business owners are the only group that expects to win",35.5% | 33.6%,"Positive expectations hold almost exactly steady, at 35.5% and 33.6%. The neutral third shrinks to a ninth, and nearly all of it moves into negative. Respondents are not revising their experience of AI. They are revising what they expect it to do to them.",crosstabs/crosstabs.csv,question = 'AI impact so far' / 'AI impact expected'; segment_variable = 'Work role'
F09,"On AI and money, business owners are the only group that expects to win",net +16 | net −21,"The same split shows up in how people feel about AI in web development generally: business owners and executives are net +16, the only work role above zero, while employees are net −21 and freelancers −18 (p",crosstabs/crosstabs.csv,question = 'AI impact so far' / 'AI impact expected'; segment_variable = 'Work role'
F09,"On AI and money, business owners are the only group that expects to win",net +30 | net −15,"One row deserves a second look. Respondents who are both employee and business owner report the largest current gain of any group — net +30 on AI's impact so far — and still expect to lose, at net −15. The benefit is real to them. They simply do not expect to keep it.",crosstabs/crosstabs.csv,question = 'AI impact so far' / 'AI impact expected'; segment_variable = 'Work role'
F09,"On AI and money, business owners are the only group that expects to win",net +20 | net +5,Payment for WordPress participation runs the same way. Directly paid contributors are net +20 on AI's impact so far and exactly level on the future. Unpaid contributors are net +5 and then −21.,crosstabs/crosstabs.csv,question = 'AI impact so far' / 'AI impact expected'; segment_variable = 'Work role'
F09,"On AI and money, business owners are the only group that expects to win",p = .31,Age does not explain any of this (p = .31). What predicts whether someone expects AI to pay them or cost them is their position: whether they capture the productivity gain or are exposed to it.,crosstabs/crosstabs.csv,question = 'AI impact so far' / 'AI impact expected'; segment_variable = 'Work role'
F09,"On AI and money, business owners are the only group that expects to win",47.1%,"That last observation matters for how the headline figure should be read. 47.1% expect a negative impact, but a substantial part of that is not a forecast. It is an absence of one.",crosstabs/crosstabs.csv,question = 'AI impact so far' / 'AI impact expected'; segment_variable = 'Work role'
F09,"On AI and money, business owners are the only group that expects to win",45%,"Both positive and negative. Negative: 45% drop in plugin license signups because people vibe-coded their own solutions. Positive: Using AI, I was able to turn that around quickly into an increase by making the product more interesting. Years of backlog got cleared in weeks.",crosstabs/crosstabs.csv,question = 'AI impact so far' / 'AI impact expected'; segment_variable = 'Work role'
F10,A third of respondents who have attended a WordPress event no longer do — and they have pulled back from everything else too,63.8% | 34.2%,"63.8% of respondents have attended an official WordPress event at some point. Of those, 34.2% no longer do. The people who have stopped are not simply absent from events. Across nearly every measure of engagement the survey has, they sit far below people who still attend — and they feel markedly worse about WordPress than anyone else, including people who have never attended an event and have no i",crosstabs/crosstabs.csv; aggregates/net-sentiment-by-segment.csv,segment_variable = 'Event relationship'; ever-attended base = the three attending and stopped groups combined
F10,A third of respondents who have attended a WordPress event no longer do — and they have pulled back from everything else too,33.1%,"Still attend, multiple times per year 33.1%",crosstabs/crosstabs.csv; aggregates/net-sentiment-by-segment.csv,segment_variable = 'Event relationship'; ever-attended base = the three attending and stopped groups combined
F10,A third of respondents who have attended a WordPress event no longer do — and they have pulled back from everything else too,32.7%,"Still attend, annually or occasionally 32.7%",crosstabs/crosstabs.csv; aggregates/net-sentiment-by-segment.csv,segment_variable = 'Event relationship'; ever-attended base = the three attending and stopped groups combined
F10,A third of respondents who have attended a WordPress event no longer do — and they have pulled back from everything else too,34.2%,"Used to attend, no longer do 34.2%",crosstabs/crosstabs.csv; aggregates/net-sentiment-by-segment.csv,segment_variable = 'Event relationship'; ever-attended base = the three attending and stopped groups combined
F10,A third of respondents who have attended a WordPress event no longer do — and they have pulled back from everything else too,27.8% | 6.5% | 1.9%,"Of respondents overall, 27.8% have never attended and are not interested, 6.5% have never attended but would like to, and 1.9% described their situation in free text rather than choosing an option.",crosstabs/crosstabs.csv; aggregates/net-sentiment-by-segment.csv,segment_variable = 'Event relationship'; ever-attended base = the three attending and stopped groups combined
F10,A third of respondents who have attended a WordPress event no longer do — and they have pulled back from everything else too,94.7% | 70.2% | 86.2%,"They have not left WordPress. 94.7% still use the software and 70.2% still generate income from it, neither meaningfully different from current attendees. 86.2% still follow project updates and discussion. Whatever happened, it did not change their relationship to the product.",crosstabs/crosstabs.csv; aggregates/net-sentiment-by-segment.csv,segment_variable = 'Event relationship'; ever-attended base = the three attending and stopped groups combined
F10,A third of respondents who have attended a WordPress event no longer do — and they have pulled back from everything else too,52.1% | 84.5% | 33.0% | 64.6% | 11.7% | 53.6%,What changed is everything social and organisational. 52.1% do any contribution work against 84.5% of current attendees. 33.0% participate in Make WordPress against 64.6%. 11.7% describe themselves as very or moderately active against 53.6%. All of these differences are significant at p,crosstabs/crosstabs.csv; aggregates/net-sentiment-by-segment.csv,segment_variable = 'Event relationship'; ever-attended base = the three attending and stopped groups combined
F10,A third of respondents who have attended a WordPress event no longer do — and they have pulled back from everything else too,10.6% | 46.4% | 38.3% | 51.4%,"The one place they have not gone instead is other WordPress events. Only 10.6% attend WordPress-adjacent independent events, against 46.4% of people who still attend official ones. Attendance at non-WordPress tech conferences is also down, though less sharply — 38.3% against 51.4%, a difference sitting right at the edge of significance. Whatever this group did, they did not switch venues.",crosstabs/crosstabs.csv; aggregates/net-sentiment-by-segment.csv,segment_variable = 'Event relationship'; ever-attended base = the three attending and stopped groups combined
F10,A third of respondents who have attended a WordPress event no longer do — and they have pulled back from everything else too,2.43 | 3.22 | 2.34 | 3.24,"Present sentiment among respondents who stopped attending is 2.43 out of 5, against 3.22 for current attendees. Future sentiment is 2.34 against 3.24. Both differences are among the largest in the survey (p",crosstabs/crosstabs.csv; aggregates/net-sentiment-by-segment.csv,segment_variable = 'Event relationship'; ever-attended base = the three attending and stopped groups combined
F10,A third of respondents who have attended a WordPress event no longer do — and they have pulled back from everything else too,2.63 | 2.41,The more striking comparison is with the people who have never attended a WordPress event and say they are not interested in doing so. That group sits at 2.63 on present sentiment and 2.41 on the future — above the people who used to attend and stopped. Never having been part of it is less corrosive than having been part of it and leaving.,crosstabs/crosstabs.csv; aggregates/net-sentiment-by-segment.csv,segment_variable = 'Event relationship'; ever-attended base = the three attending and stopped groups combined
F10,A third of respondents who have attended a WordPress event no longer do — and they have pulled back from everything else too,3.22 | 3.24 | 89.9% | 34.8%,Still attend 3.22 3.24 89.9% 34.8%,crosstabs/crosstabs.csv; aggregates/net-sentiment-by-segment.csv,segment_variable = 'Event relationship'; ever-attended base = the three attending and stopped groups combined
F10,A third of respondents who have attended a WordPress event no longer do — and they have pulled back from everything else too,2.43 | 2.34 | 98.8% | 64.9%,Stopped attending 2.43 2.34 98.8% 64.9%,crosstabs/crosstabs.csv; aggregates/net-sentiment-by-segment.csv,segment_variable = 'Event relationship'; ever-attended base = the three attending and stopped groups combined
F10,A third of respondents who have attended a WordPress event no longer do — and they have pulled back from everything else too,2.63 | 2.41 | 100.0% | 28.3%,"Never attended, not interested 2.63 2.41 100.0% 28.3%",crosstabs/crosstabs.csv; aggregates/net-sentiment-by-segment.csv,segment_variable = 'Event relationship'; ever-attended base = the three attending and stopped groups combined
F10,A third of respondents who have attended a WordPress event no longer do — and they have pulled back from everything else too,31.9% | 36.2% | 89.2% | 0.8%,"Asked whether attending in-person WordPress events is important to them, respondents who stopped attending split almost evenly three ways: 31.9% agree, 31.9% are neutral, 36.2% disagree. That is a very different distribution from people who never attended and are not interested, where 89.2% disagree and 0.8% agree.",crosstabs/crosstabs.csv; aggregates/net-sentiment-by-segment.csv,segment_variable = 'Event relationship'; ever-attended base = the three attending and stopped groups combined
F10,A third of respondents who have attended a WordPress event no longer do — and they have pulled back from everything else too,68.1% | 27.7%,Share of everyone who stopped attending 68.1% 27.7%,crosstabs/crosstabs.csv; aggregates/net-sentiment-by-segment.csv,segment_variable = 'Event relationship'; ever-attended base = the three attending and stopped groups combined
F10,A third of respondents who have attended a WordPress event no longer do — and they have pulled back from everything else too,98.4% | 84.6%,Still use the WordPress software 98.4% 84.6%,crosstabs/crosstabs.csv; aggregates/net-sentiment-by-segment.csv,segment_variable = 'Event relationship'; ever-attended base = the three attending and stopped groups combined
F10,A third of respondents who have attended a WordPress event no longer do — and they have pulled back from everything else too,92.2% | 73.1%,Still follow project updates 92.2% 73.1%,crosstabs/crosstabs.csv; aggregates/net-sentiment-by-segment.csv,segment_variable = 'Event relationship'; ever-attended base = the three attending and stopped groups combined
F10,A third of respondents who have attended a WordPress event no longer do — and they have pulled back from everything else too,62.5% | 30.8%,Do any contribution work 62.5% 30.8%,crosstabs/crosstabs.csv; aggregates/net-sentiment-by-segment.csv,segment_variable = 'Event relationship'; ever-attended base = the three attending and stopped groups combined
F10,A third of respondents who have attended a WordPress event no longer do — and they have pulled back from everything else too,42.2% | 11.5%,Still say events are important to them 42.2% 11.5%,crosstabs/crosstabs.csv; aggregates/net-sentiment-by-segment.csv,segment_variable = 'Event relationship'; ever-attended base = the three attending and stopped groups combined
F10,A third of respondents who have attended a WordPress event no longer do — and they have pulled back from everything else too,2.55 | 2.08,Present sentiment (1–5) 2.55 2.08,crosstabs/crosstabs.csv; aggregates/net-sentiment-by-segment.csv,segment_variable = 'Event relationship'; ever-attended base = the three attending and stopped groups combined
F10,A third of respondents who have attended a WordPress event no longer do — and they have pulled back from everything else too,85.9% | 50.0%,Ten or more years in the community 85.9% 50.0%,crosstabs/crosstabs.csv; aggregates/net-sentiment-by-segment.csv,segment_variable = 'Event relationship'; ever-attended base = the three attending and stopped groups combined
F10,A third of respondents who have attended a WordPress event no longer do — and they have pulled back from everything else too,4.3%,Every one of those differences is significant. The remaining 4.3% neither identify as members now nor say they ever did.,crosstabs/crosstabs.csv; aggregates/net-sentiment-by-segment.csv,segment_variable = 'Event relationship'; ever-attended base = the three attending and stopped groups combined
F10,A third of respondents who have attended a WordPress event no longer do — and they have pulled back from everything else too,85.9% | p = .005,"The tenure row is worth pausing on. The survey asked current members how long they have been part of the community, and asked former members how long they were — the same answer options in both cases. The people who stopped attending but stayed in the community are overwhelmingly long-tenured: 85.9% had been there a decade or more. Among those who left the community too, half had. Newer participan",crosstabs/crosstabs.csv; aggregates/net-sentiment-by-segment.csv,segment_variable = 'Event relationship'; ever-attended base = the three attending and stopped groups combined
F10,A third of respondents who have attended a WordPress event no longer do — and they have pulled back from everything else too,2.08 | 11.5%,"The remaining quarter look different on everything. Their sentiment is 2.08 — the lowest of any group in this finding. Half as many do contribution work. Only 11.5% still say events matter to them. For this group, no longer attending is one part of a broader departure that has already happened.",crosstabs/crosstabs.csv; aggregates/net-sentiment-by-segment.csv,segment_variable = 'Event relationship'; ever-attended base = the three attending and stopped groups combined
F10,A third of respondents who have attended a WordPress event no longer do — and they have pulled back from everything else too,78.8% | 27.5%,"The association is strong in both directions. Among respondents who once considered themselves community members and no longer do, and who ever attended an event, 78.8% have stopped attending. Among current members who ever attended, 27.5% have stopped (p",crosstabs/crosstabs.csv; aggregates/net-sentiment-by-segment.csv,segment_variable = 'Event relationship'; ever-attended base = the three attending and stopped groups combined
F10,A third of respondents who have attended a WordPress event no longer do — and they have pulled back from everything else too,76.9% | 79.7% | p = .51 | p = .91 | p = .55,"76.9% of the group that left the community rate cost of attendance important, against 79.7% of the group that stayed. There is no meaningful difference (p = .51). The same is true of ticket cost (p = .91) and of wanting a local location (p = .55). Nor do the two groups differ by country, gender, or whether they are paid for WordPress work.",crosstabs/crosstabs.csv; aggregates/net-sentiment-by-segment.csv,segment_variable = 'Event relationship'; ever-attended base = the three attending and stopped groups combined
F10,A third of respondents who have attended a WordPress event no longer do — and they have pulled back from everything else too,431 respondents | 72.4% | 54.5%,"Cost is not what distinguishes the people who left the community from the people who did not. It is the condition both of them are operating under. Across all 431 respondents, cost of attendance — travel, accommodation, time away — is the single most important factor in deciding whether to attend an in-person event, at 72.4%. It outranks session topics, location, networking and community engagemen",crosstabs/crosstabs.csv; aggregates/net-sentiment-by-segment.csv,segment_variable = 'Event relationship'; ever-attended base = the three attending and stopped groups combined
F10,A third of respondents who have attended a WordPress event no longer do — and they have pulled back from everything else too,66.0% | 41.8% | 78.7% | 68.1% | 63.8% | 84.6% | 64.9% | 81.3% | 84.0% | 58.2%,"Respondents who stopped attending are more cost-sensitive than those who still do: 66.0% rate ticket cost important against 41.8% of frequent attenders, and 78.7% rate cost of attendance important against 68.1%. They also want different things from an event. Networking (63.8% against 84.6%) and community engagement (64.9% against 81.3%) matter less to them than to current attenders, while session ",crosstabs/crosstabs.csv; aggregates/net-sentiment-by-segment.csv,segment_variable = 'Event relationship'; ever-attended base = the three attending and stopped groups combined
F10,A third of respondents who have attended a WordPress event no longer do — and they have pulled back from everything else too,47.2% | 25.7%,"Among respondents who have ever attended a WordPress event, 47.2% of those in the United States have stopped, against 25.7% of those outside it (p",crosstabs/crosstabs.csv; aggregates/net-sentiment-by-segment.csv,segment_variable = 'Event relationship'; ever-attended base = the three attending and stopped groups combined
F11,"90% of respondents agree on the importance of security, web standards, open source values, and the WordPress software itself",90%,"90% of respondents agree on the importance of security, web standards, open source values, and the WordPress software itself",aggregates/per-question-tallies.csv; crosstabs/crosstabs.csv,"project-aspects matrix, question 34, and open source matrix, question 62; importance+ = Important plus Very Important"
F11,"90% of respondents agree on the importance of security, web standards, open source values, and the WordPress software itself",90% | 95.1% | 94.0% | 93.7% | 90.7%,"The survey asked respondents to rate the importance of thirteen aspects of the WordPress open source project. Four of them are rated important or very important by more than 90%: security in WordPress (95.1%), the WordPress open source software itself (94.0%), web standards and compliance (93.7%), and open source values (90.7%). Nothing else comes close — the fifth-ranked aspect sits more than ten",aggregates/per-question-tallies.csv; crosstabs/crosstabs.csv,"project-aspects matrix, question 34, and open source matrix, question 62; importance+ = Important plus Very Important"
F11,"90% of respondents agree on the importance of security, web standards, open source values, and the WordPress software itself",3% | 61.9% | 75.6% | 83.1% | 94.4%,"The four are not marginally ahead. On each of them fewer than 3% of respondents say the aspect is unimportant, and between 61.9% and 75.6% say it is very important. 83.1% of all respondents rate all four important, and 94.4% rate at least three of the four.",aggregates/per-question-tallies.csv; crosstabs/crosstabs.csv,"project-aspects matrix, question 34, and open source matrix, question 62; importance+ = Important plus Very Important"
F11,"90% of respondents agree on the importance of security, web standards, open source values, and the WordPress software itself",41.5% | 40.1%,"Reading them together, they describe a fairly precise idea of what WordPress is for: software that does not get people breached, that stays open, that meets the standards of the wider web, and that is governed by open source principles. What they conspicuously do not include is anything about the project’s commercial layer. Business issues sit at 41.5% and enterprise and scale issues at 40.1%, bot",aggregates/per-question-tallies.csv; crosstabs/crosstabs.csv,"project-aspects matrix, question 34, and open source matrix, question 62; importance+ = Important plus Very Important"
F11,"90% of respondents agree on the importance of security, web standards, open source values, and the WordPress software itself",95.1% | 94.0% | 93.7% | 90.7%,All respondents 95.1% 94.0% 93.7% 90.7%,aggregates/per-question-tallies.csv; crosstabs/crosstabs.csv,"project-aspects matrix, question 34, and open source matrix, question 62; importance+ = Important plus Very Important"
F11,"90% of respondents agree on the importance of security, web standards, open source values, and the WordPress software itself",92.7% | 89.6% | 92.1%,Negative about WordPress now 92.7% 89.6% 92.7% 92.1%,aggregates/per-question-tallies.csv; crosstabs/crosstabs.csv,"project-aspects matrix, question 34, and open source matrix, question 62; importance+ = Important plus Very Important"
F11,"90% of respondents agree on the importance of security, web standards, open source values, and the WordPress software itself",94.3% | 90.6% | 92.5% | 96.2%,Very negative about WordPress now 94.3% 90.6% 92.5% 96.2%,aggregates/per-question-tallies.csv; crosstabs/crosstabs.csv,"project-aspects matrix, question 34, and open source matrix, question 62; importance+ = Important plus Very Important"
F11,"90% of respondents agree on the importance of security, web standards, open source values, and the WordPress software itself",92.3% | 89.9% | 92.9% | 90.5%,Negative about the future 92.3% 89.9% 92.9% 90.5%,aggregates/per-question-tallies.csv; crosstabs/crosstabs.csv,"project-aspects matrix, question 34, and open source matrix, question 62; importance+ = Important plus Very Important"
F11,"90% of respondents agree on the importance of security, web standards, open source values, and the WordPress software itself",94.7% | 93.1% | 93.4% | 89.6%,Feel worse than 24 months ago 94.7% 93.1% 93.4% 89.6%,aggregates/per-question-tallies.csv; crosstabs/crosstabs.csv,"project-aspects matrix, question 34, and open source matrix, question 62; importance+ = Important plus Very Important"
F11,"90% of respondents agree on the importance of security, web standards, open source values, and the WordPress software itself",90.4% | 91.5% | 88.3%,Stopped attending events 90.4% 90.4% 91.5% 88.3%,aggregates/per-question-tallies.csv; crosstabs/crosstabs.csv,"project-aspects matrix, question 34, and open source matrix, question 62; importance+ = Important plus Very Important"
F11,"90% of respondents agree on the importance of security, web standards, open source values, and the WordPress software itself",89.3% | 85.7% | 87.5%,Former community members 89.3% 85.7% 87.5% 87.5%,aggregates/per-question-tallies.csv; crosstabs/crosstabs.csv,"project-aspects matrix, question 34, and open source matrix, question 62; importance+ = Important plus Very Important"
F11,"90% of respondents agree on the importance of security, web standards, open source values, and the WordPress software itself",93.6% | 90.8% | 94.0% | 88.8%,Do not call themselves contributors 93.6% 90.8% 94.0% 88.8%,aggregates/per-question-tallies.csv; crosstabs/crosstabs.csv,"project-aspects matrix, question 34, and open source matrix, question 62; importance+ = Important plus Very Important"
F11,"90% of respondents agree on the importance of security, web standards, open source values, and the WordPress software itself",96.4% | 94.4% | 90.3%,Never paid for participation 96.4% 94.4% 94.4% 90.3%,aggregates/per-question-tallies.csv; crosstabs/crosstabs.csv,"project-aspects matrix, question 34, and open source matrix, question 62; importance+ = Important plus Very Important"
F11,"90% of respondents agree on the importance of security, web standards, open source values, and the WordPress software itself",85%,"Nothing moves much. The largest drop anywhere in the table is eight points, among former community members — people who told the survey they no longer consider themselves part of this at all, and who still rate all four above 85%.",aggregates/per-question-tallies.csv; crosstabs/crosstabs.csv,"project-aspects matrix, question 34, and open source matrix, question 62; importance+ = Important plus Very Important"
F11,"90% of respondents agree on the importance of security, web standards, open source values, and the WordPress software itself",96.2%,"One cell is worth reading twice. Among respondents who are very negative about WordPress right now, 96.2% say open source values are important to them — higher than the survey as a whole. The people angriest at the project are not angry at what it is supposed to stand for. On the evidence here, that is what they are angry about.",aggregates/per-question-tallies.csv; crosstabs/crosstabs.csv,"project-aspects matrix, question 34, and open source matrix, question 62; importance+ = Important plus Very Important"
F11,"90% of respondents agree on the importance of security, web standards, open source values, and the WordPress software itself",74.3%,"We tested the four across thirty-two segments — pay status, gender, location, tenure, work role, participation level, AI use, contributor identity and current sentiment. Across all of them the lowest any of the four falls is 74.3%, and that figure belongs to respondents who say they do not participate in the project at all.",aggregates/per-question-tallies.csv; crosstabs/crosstabs.csv,"project-aspects matrix, question 34, and open source matrix, question 62; importance+ = Important plus Very Important"
F11,"90% of respondents agree on the importance of security, web standards, open source values, and the WordPress software itself",75.6%,"Security is the single strongest item in the survey. 75.6% call it very important — a higher share than any other aspect, factor or issue the survey measured on a five-point scale.",aggregates/per-question-tallies.csv; crosstabs/crosstabs.csv,"project-aspects matrix, question 34, and open source matrix, question 62; importance+ = Important plus Very Important"
F11,"90% of respondents agree on the importance of security, web standards, open source values, and the WordPress software itself",80.3%,"The community itself ranks fifth, at 80.3%. That is a strong figure in absolute terms and a notable one in context: respondents rate the software, its security, its standards and its values above the people around it.",aggregates/per-question-tallies.csv; crosstabs/crosstabs.csv,"project-aspects matrix, question 34, and open source matrix, question 62; importance+ = Important plus Very Important"
F11,"90% of respondents agree on the importance of security, web standards, open source values, and the WordPress software itself",45.7% | 18.8%,"“Contributing to WordPress” ranks tenth of thirteen at 45.7% , with 18.8% calling it unimportant. Read alongside Finding 06, the low ranking is at least partly a question about the word rather than about the activity.",aggregates/per-question-tallies.csv; crosstabs/crosstabs.csv,"project-aspects matrix, question 34, and open source matrix, question 62; importance+ = Important plus Very Important"
F11,"90% of respondents agree on the importance of security, web standards, open source values, and the WordPress software itself",52.7% | 29.0%,"AI in WordPress is the only aspect more respondents call unimportant (52.7%) than important (29.0%). See LIMITATIONS §3 before citing that item alone; it is bimodal, and some respondents rated it important because they consider it an important problem.",aggregates/per-question-tallies.csv; crosstabs/crosstabs.csv,"project-aspects matrix, question 34, and open source matrix, question 62; importance+ = Important plus Very Important"
F11,"90% of respondents agree on the importance of security, web standards, open source values, and the WordPress software itself",90%,A community that had genuinely given up would not still be at 90% agreement on what the project is for. The disagreement running through the rest of this survey is not about the destination. It is about whether the project is still going there.,aggregates/per-question-tallies.csv; crosstabs/crosstabs.csv,"project-aspects matrix, question 34, and open source matrix, question 62; importance+ = Important plus Very Important"
