segment_variable,group,n,question_number,scale_type,item,mean,pct_1_2,pct_4_5,pct_5,net
Gender,All respondents,431,19,agreement,I consider myself to be a contributor to the WordPress open source project.,3.04,37.1,42.0,17.6,4.9
Gender,Male,300,19,agreement,I consider myself to be a contributor to the WordPress open source project.,3.16,33.0,47.0,20.7,14.0
Gender,Female,80,19,agreement,I consider myself to be a contributor to the WordPress open source project.,3.06,36.2,37.5,13.8,1.2
Gender,Prefer not to answer,35,19,agreement,I consider myself to be a contributor to the WordPress open source project.,2.14,68.6,14.3,2.9,-54.3
Gender,Non-binary,15,19,agreement,I consider myself to be a contributor to the WordPress open source project.,2.67,53.3,33.3,13.3,-20.0
Gender,All respondents,431,22,agreement,I consider myself to be a member of the WordPress community.,3.88,12.3,71.5,32.9,59.2
Gender,Male,300,22,agreement,I consider myself to be a member of the WordPress community.,3.95,12.0,72.7,37.0,60.7
Gender,Female,80,22,agreement,I consider myself to be a member of the WordPress community.,4.04,5.0,81.2,27.5,76.2
Gender,Prefer not to answer,35,22,agreement,I consider myself to be a member of the WordPress community.,3.0,31.4,42.9,11.4,11.4
Gender,Non-binary,15,22,agreement,I consider myself to be a member of the WordPress community.,3.8,13.3,66.7,33.3,53.3
Gender,All respondents,431,28,sentiment,"Right now, how do you feel overall about the WordPress open source project?",2.87,38.1,32.7,4.6,-5.3
Gender,Male,300,28,sentiment,"Right now, how do you feel overall about the WordPress open source project?",2.93,36.0,36.0,4.3,0.0
Gender,Female,80,28,sentiment,"Right now, how do you feel overall about the WordPress open source project?",2.88,37.5,27.5,6.2,-10.0
Gender,Prefer not to answer,35,28,sentiment,"Right now, how do you feel overall about the WordPress open source project?",2.2,62.9,11.4,0.0,-51.4
Gender,Non-binary,15,28,sentiment,"Right now, how do you feel overall about the WordPress open source project?",3.27,26.7,46.7,13.3,20.0
Gender,All respondents,431,31,sentiment,How do you feel about the future of the WordPress open source project?,2.8,39.0,24.4,5.1,-14.6
Gender,Male,300,31,sentiment,How do you feel about the future of the WordPress open source project?,2.85,37.3,26.7,5.7,-10.7
Gender,Female,80,31,sentiment,How do you feel about the future of the WordPress open source project?,2.8,35.0,22.5,3.8,-12.5
Gender,Prefer not to answer,35,31,sentiment,How do you feel about the future of the WordPress open source project?,2.11,71.4,5.7,0.0,-65.7
Gender,Non-binary,15,31,sentiment,How do you feel about the future of the WordPress open source project?,3.2,20.0,33.3,13.3,13.3
Gender,All respondents,431,34,importance,WordPress open source software,4.58,1.4,94.0,65.4,92.6
Gender,Male,300,34,importance,WordPress open source software,4.59,1.3,93.7,67.0,92.3
Gender,Female,80,34,importance,WordPress open source software,4.62,0.0,98.8,63.7,98.8
Gender,Prefer not to answer,35,34,importance,WordPress open source software,4.31,5.7,85.7,54.3,80.0
Gender,Non-binary,15,34,importance,WordPress open source software,4.73,0.0,100.0,73.3,100.0
Gender,All respondents,431,34,importance,The WordPress community,4.13,7.0,80.3,41.8,73.3
Gender,Male,300,34,importance,The WordPress community,4.19,5.7,82.3,44.0,76.7
Gender,Female,80,34,importance,The WordPress community,4.24,2.5,83.8,43.8,81.2
Gender,Prefer not to answer,35,34,importance,The WordPress community,3.29,31.4,57.1,17.1,25.7
Gender,Non-binary,15,34,importance,The WordPress community,4.27,0.0,80.0,46.7,80.0
Gender,All respondents,431,34,importance,WordPress events and meetups,3.26,26.7,50.1,19.5,23.4
Gender,Male,300,34,importance,WordPress events and meetups,3.31,25.3,51.3,19.7,26.0
Gender,Female,80,34,importance,WordPress events and meetups,3.59,16.2,62.5,23.8,46.2
Gender,Prefer not to answer,35,34,importance,WordPress events and meetups,2.09,60.0,17.1,5.7,-42.9
Gender,Non-binary,15,34,importance,WordPress events and meetups,3.13,33.3,40.0,26.7,6.7
Gender,All respondents,431,34,importance,Contributing to WordPress,3.31,18.8,45.7,13.9,26.9
Gender,Male,300,34,importance,Contributing to WordPress,3.43,16.0,51.0,16.0,35.0
Gender,Female,80,34,importance,Contributing to WordPress,3.25,18.8,41.2,12.5,22.5
Gender,Prefer not to answer,35,34,importance,Contributing to WordPress,2.54,40.0,20.0,2.9,-20.0
Gender,Non-binary,15,34,importance,Contributing to WordPress,2.87,26.7,26.7,6.7,0.0
Gender,All respondents,431,34,importance,Open source values,4.48,2.6,90.7,61.9,88.2
Gender,Male,300,34,importance,Open source values,4.47,2.7,89.7,61.7,87.0
Gender,Female,80,34,importance,Open source values,4.55,1.2,93.8,63.7,92.5
Gender,Prefer not to answer,35,34,importance,Open source values,4.23,5.7,88.6,45.7,82.9
Gender,Non-binary,15,34,importance,Open source values,4.93,0.0,100.0,93.3,100.0
Gender,All respondents,431,34,importance,AI in WordPress,2.47,52.7,29.0,12.8,-23.7
Gender,Male,300,34,importance,AI in WordPress,2.55,51.7,31.3,15.3,-20.3
Gender,Female,80,34,importance,AI in WordPress,2.62,42.5,30.0,6.2,-12.5
Gender,Prefer not to answer,35,34,importance,AI in WordPress,1.71,74.3,11.4,8.6,-62.9
Gender,Non-binary,15,34,importance,AI in WordPress,1.93,73.3,20.0,6.7,-53.3
Gender,All respondents,431,34,importance,Security in WordPress,4.68,1.4,95.1,75.6,93.7
Gender,Male,300,34,importance,Security in WordPress,4.7,1.3,96.0,76.0,94.7
Gender,Female,80,34,importance,Security in WordPress,4.72,0.0,95.0,77.5,95.0
Gender,Prefer not to answer,35,34,importance,Security in WordPress,4.49,5.7,91.4,68.6,85.7
Gender,Non-binary,15,34,importance,Security in WordPress,4.6,0.0,86.7,73.3,86.7
Gender,All respondents,431,34,importance,Web standards and compliance,4.57,1.6,93.7,65.9,92.1
Gender,Male,300,34,importance,Web standards and compliance,4.58,1.3,93.7,66.3,92.3
Gender,Female,80,34,importance,Web standards and compliance,4.65,1.2,95.0,71.2,93.8
Gender,Prefer not to answer,35,34,importance,Web standards and compliance,4.29,5.7,91.4,48.6,85.7
Gender,Non-binary,15,34,importance,Web standards and compliance,4.67,0.0,93.3,73.3,93.3
Gender,All respondents,431,34,importance,WordPress leadership,4.04,8.1,73.8,43.4,65.7
Gender,Male,300,34,importance,WordPress leadership,4.08,6.3,75.0,43.0,68.7
Gender,Female,80,34,importance,WordPress leadership,4.22,6.2,78.8,53.8,72.5
Gender,Prefer not to answer,35,34,importance,WordPress leadership,3.29,28.6,51.4,25.7,22.9
Gender,Non-binary,15,34,importance,WordPress leadership,4.0,6.7,73.3,40.0,66.7
Gender,All respondents,431,34,importance,WordPress governance,4.17,5.8,76.6,50.8,70.8
Gender,Male,300,34,importance,WordPress governance,4.17,5.0,75.3,50.0,70.3
Gender,Female,80,34,importance,WordPress governance,4.38,3.8,86.2,57.5,82.5
Gender,Prefer not to answer,35,34,importance,WordPress governance,3.69,17.1,62.9,40.0,45.7
Gender,Non-binary,15,34,importance,WordPress governance,4.27,6.7,80.0,60.0,73.3
Gender,All respondents,431,34,importance,"Business issues (mergers & acquisitions, product ecosystem, private equity investment, etc.)",3.14,25.5,41.5,12.5,16.0
Gender,Male,300,34,importance,"Business issues (mergers & acquisitions, product ecosystem, private equity investment, etc.)",3.12,25.0,39.0,10.7,14.0
Gender,Female,80,34,importance,"Business issues (mergers & acquisitions, product ecosystem, private equity investment, etc.)",3.4,21.2,57.5,17.5,36.2
Gender,Prefer not to answer,35,34,importance,"Business issues (mergers & acquisitions, product ecosystem, private equity investment, etc.)",2.74,37.1,31.4,11.4,-5.7
Gender,Non-binary,15,34,importance,"Business issues (mergers & acquisitions, product ecosystem, private equity investment, etc.)",3.07,33.3,33.3,26.7,0.0
Gender,All respondents,431,34,importance,Enterprise/scale issues,3.13,24.8,40.1,11.1,15.3
Gender,Male,300,34,importance,Enterprise/scale issues,3.16,23.3,40.3,11.7,17.0
Gender,Female,80,34,importance,Enterprise/scale issues,3.31,20.0,48.8,13.8,28.8
Gender,Prefer not to answer,35,34,importance,Enterprise/scale issues,2.54,48.6,22.9,5.7,-25.7
Gender,Non-binary,15,34,importance,Enterprise/scale issues,2.87,26.7,33.3,0.0,6.7
Gender,All respondents,431,34,importance,Collaboration with the greater open source ecosystem,3.82,8.8,67.7,26.0,58.9
Gender,Male,300,34,importance,Collaboration with the greater open source ecosystem,3.81,8.7,68.3,24.0,59.7
Gender,Female,80,34,importance,Collaboration with the greater open source ecosystem,4.03,3.8,71.2,36.2,67.5
Gender,Prefer not to answer,35,34,importance,Collaboration with the greater open source ecosystem,3.43,20.0,54.3,20.0,34.3
Gender,Non-binary,15,34,importance,Collaboration with the greater open source ecosystem,3.8,13.3,66.7,26.7,53.3
Gender,All respondents,431,38,importance,Personal capacity,4.22,3.7,82.8,44.5,79.1
Gender,Male,300,38,importance,Personal capacity,4.2,3.7,82.3,42.7,78.7
Gender,Female,80,38,importance,Personal capacity,4.34,3.8,85.0,53.8,81.2
Gender,Prefer not to answer,35,38,importance,Personal capacity,3.94,5.7,74.3,31.4,68.6
Gender,Non-binary,15,38,importance,Personal capacity,4.67,0.0,100.0,66.7,100.0
Gender,All respondents,431,38,importance,Financial incentives/restraints,3.05,27.4,33.6,11.8,6.3
Gender,Male,300,38,importance,Financial incentives/restraints,3.0,28.3,30.7,10.3,2.3
Gender,Female,80,38,importance,Financial incentives/restraints,3.3,21.2,45.0,16.2,23.8
Gender,Prefer not to answer,35,38,importance,Financial incentives/restraints,2.91,31.4,28.6,8.6,-2.9
Gender,Non-binary,15,38,importance,Financial incentives/restraints,3.07,33.3,46.7,26.7,13.3
Gender,All respondents,431,38,importance,Impact of my contributions to the project,3.4,14.4,47.8,12.8,33.4
Gender,Male,300,38,importance,Impact of my contributions to the project,3.41,12.7,48.0,10.7,35.3
Gender,Female,80,38,importance,Impact of my contributions to the project,3.54,16.2,53.8,21.2,37.5
Gender,Prefer not to answer,35,38,importance,Impact of my contributions to the project,2.97,28.6,37.1,8.6,8.6
Gender,Non-binary,15,38,importance,Impact of my contributions to the project,3.53,6.7,40.0,20.0,33.3
Gender,All respondents,431,38,importance,Impact of my participation on my professional or personal life,3.6,9.5,58.5,15.3,49.0
Gender,Male,300,38,importance,Impact of my participation on my professional or personal life,3.59,9.3,59.0,13.3,49.7
Gender,Female,80,38,importance,Impact of my participation on my professional or personal life,3.88,6.2,67.5,26.2,61.2
Gender,Prefer not to answer,35,38,importance,Impact of my participation on my professional or personal life,3.23,17.1,45.7,8.6,28.6
Gender,Non-binary,15,38,importance,Impact of my participation on my professional or personal life,3.33,13.3,33.3,13.3,20.0
Gender,All respondents,431,38,importance,Understanding how to participate,3.59,10.7,59.6,16.2,49.0
Gender,Male,300,38,importance,Understanding how to participate,3.57,10.0,59.0,13.7,49.0
Gender,Female,80,38,importance,Understanding how to participate,3.88,6.2,67.5,28.7,61.2
Gender,Prefer not to answer,35,38,importance,Understanding how to participate,3.06,25.7,37.1,11.4,11.4
Gender,Non-binary,15,38,importance,Understanding how to participate,3.8,13.3,86.7,13.3,73.3
Gender,All respondents,431,38,importance,Mentorship or guidance,3.08,23.9,33.4,7.4,9.5
Gender,Male,300,38,importance,Mentorship or guidance,3.05,24.3,32.3,6.3,8.0
Gender,Female,80,38,importance,Mentorship or guidance,3.46,13.8,48.8,16.2,35.0
Gender,Prefer not to answer,35,38,importance,Mentorship or guidance,2.6,37.1,11.4,0.0,-25.7
Gender,Non-binary,15,38,importance,Mentorship or guidance,2.73,40.0,26.7,0.0,-13.3
Gender,All respondents,431,38,importance,Project roadmap,3.43,17.2,51.7,14.2,34.6
Gender,Male,300,38,importance,Project roadmap,3.43,16.0,50.7,13.0,34.7
Gender,Female,80,38,importance,Project roadmap,3.59,16.2,56.2,22.5,40.0
Gender,Prefer not to answer,35,38,importance,Project roadmap,3.17,25.7,54.3,8.6,28.6
Gender,Non-binary,15,38,importance,Project roadmap,3.07,26.7,40.0,6.7,13.3
Gender,All respondents,431,38,importance,Project leadership,3.83,12.5,67.3,32.7,54.8
Gender,Male,300,38,importance,Project leadership,3.82,12.0,67.7,30.3,55.7
Gender,Female,80,38,importance,Project leadership,3.92,11.2,68.8,38.8,57.5
Gender,Prefer not to answer,35,38,importance,Project leadership,3.57,17.1,57.1,31.4,40.0
Gender,Non-binary,15,38,importance,Project leadership,4.0,20.0,73.3,53.3,53.3
Gender,All respondents,431,38,importance,Project governance/policies,3.85,10.4,66.4,32.7,55.9
Gender,Male,300,38,importance,Project governance/policies,3.82,11.3,65.3,31.3,54.0
Gender,Female,80,38,importance,Project governance/policies,4.03,7.5,72.5,38.8,65.0
Gender,Prefer not to answer,35,38,importance,Project governance/policies,3.71,11.4,62.9,31.4,51.4
Gender,Non-binary,15,38,importance,Project governance/policies,3.8,6.7,60.0,33.3,53.3
Gender,All respondents,431,38,importance,"Advocacy on behalf of web standards (accessibility, privacy, etc.)",3.99,7.7,75.6,33.6,68.0
Gender,Male,300,38,importance,"Advocacy on behalf of web standards (accessibility, privacy, etc.)",3.94,8.0,73.3,31.3,65.3
Gender,Female,80,38,importance,"Advocacy on behalf of web standards (accessibility, privacy, etc.)",4.21,5.0,83.8,42.5,78.8
Gender,Prefer not to answer,35,38,importance,"Advocacy on behalf of web standards (accessibility, privacy, etc.)",3.74,14.3,68.6,28.6,54.3
Gender,Non-binary,15,38,importance,"Advocacy on behalf of web standards (accessibility, privacy, etc.)",4.4,0.0,93.3,46.7,93.3
Gender,All respondents,431,38,importance,Participation in the WordPress community,3.52,10.0,53.4,15.3,43.4
Gender,Male,300,38,importance,Participation in the WordPress community,3.58,7.3,55.0,16.3,47.7
Gender,Female,80,38,importance,Participation in the WordPress community,3.74,6.2,63.7,18.8,57.5
Gender,Prefer not to answer,35,38,importance,Participation in the WordPress community,2.66,40.0,22.9,2.9,-17.1
Gender,Non-binary,15,38,importance,Participation in the WordPress community,3.27,13.3,40.0,6.7,26.7
Gender,All respondents,431,38,importance,Feeling welcome/included,4.06,5.8,76.3,39.2,70.5
Gender,Male,300,38,importance,Feeling welcome/included,4.02,6.0,75.7,35.7,69.7
Gender,Female,80,38,importance,Feeling welcome/included,4.53,0.0,92.5,60.0,92.5
Gender,Prefer not to answer,35,38,importance,Feeling welcome/included,3.31,20.0,45.7,20.0,25.7
Gender,Non-binary,15,38,importance,Feeling welcome/included,4.27,0.0,80.0,46.7,80.0
Gender,All respondents,431,38,importance,Participating in a language other than English,2.46,45.2,19.7,6.3,-25.5
Gender,Male,300,38,importance,Participating in a language other than English,2.42,47.0,19.7,6.3,-27.3
Gender,Female,80,38,importance,Participating in a language other than English,2.75,35.0,22.5,8.8,-12.5
Gender,Prefer not to answer,35,38,importance,Participating in a language other than English,2.06,57.1,5.7,0.0,-51.4
Gender,Non-binary,15,38,importance,Participating in a language other than English,2.73,40.0,40.0,6.7,0.0
Gender,All respondents,431,38,importance,Working asynchronously,3.61,11.6,55.5,24.1,43.9
Gender,Male,300,38,importance,Working asynchronously,3.6,12.3,56.3,23.3,44.0
Gender,Female,80,38,importance,Working asynchronously,3.74,5.0,58.8,25.0,53.8
Gender,Prefer not to answer,35,38,importance,Working asynchronously,3.4,20.0,48.6,25.7,28.6
Gender,Non-binary,15,38,importance,Working asynchronously,3.53,13.3,40.0,33.3,26.7
Gender,All respondents,431,50,agreement,Attending in-person WordPress-related events is important to me.,3.13,35.3,46.6,21.3,11.4
Gender,Male,300,50,agreement,Attending in-person WordPress-related events is important to me.,3.2,33.3,48.7,23.3,15.3
Gender,Female,80,50,agreement,Attending in-person WordPress-related events is important to me.,3.41,23.8,55.0,18.8,31.3
Gender,Prefer not to answer,35,50,agreement,Attending in-person WordPress-related events is important to me.,1.94,74.3,11.4,5.7,-62.9
Gender,Non-binary,15,50,agreement,Attending in-person WordPress-related events is important to me.,3.2,40.0,46.7,33.3,6.7
Gender,All respondents,431,57,importance,A location local to you,3.73,13.9,65.9,27.8,52.0
Gender,Male,300,57,importance,A location local to you,3.73,14.7,67.0,28.0,52.3
Gender,Female,80,57,importance,A location local to you,3.75,12.5,62.5,27.5,50.0
Gender,Prefer not to answer,35,57,importance,A location local to you,3.6,11.4,60.0,22.9,48.6
Gender,Non-binary,15,57,importance,A location local to you,3.93,13.3,73.3,40.0,60.0
Gender,All respondents,431,57,importance,A regional/destination location,3.42,16.7,54.3,13.9,37.6
Gender,Male,300,57,importance,A regional/destination location,3.46,15.3,57.0,14.7,41.7
Gender,Female,80,57,importance,A regional/destination location,3.6,10.0,57.5,16.2,47.5
Gender,Prefer not to answer,35,57,importance,A regional/destination location,2.6,40.0,22.9,0.0,-17.1
Gender,Non-binary,15,57,importance,A regional/destination location,3.4,26.7,53.3,20.0,26.7
Gender,All respondents,431,57,importance,Events with smaller attendance,2.91,24.8,25.1,3.9,0.2
Gender,Male,300,57,importance,Events with smaller attendance,2.87,26.0,24.0,3.7,-2.0
Gender,Female,80,57,importance,Events with smaller attendance,2.89,23.8,20.0,2.5,-3.8
Gender,Prefer not to answer,35,57,importance,Events with smaller attendance,3.11,22.9,40.0,8.6,17.1
Gender,Non-binary,15,57,importance,Events with smaller attendance,3.27,13.3,40.0,6.7,26.7
Gender,All respondents,431,57,importance,Events with larger attendance,2.72,31.6,16.9,2.8,-14.6
Gender,Male,300,57,importance,Events with larger attendance,2.76,30.7,17.3,3.0,-13.3
Gender,Female,80,57,importance,Events with larger attendance,2.81,26.2,20.0,2.5,-6.2
Gender,Prefer not to answer,35,57,importance,Events with larger attendance,2.31,45.7,8.6,2.9,-37.1
Gender,Non-binary,15,57,importance,Events with larger attendance,2.47,46.7,13.3,0.0,-33.3
Gender,All respondents,431,57,importance,"Hard skill development (technical instruction, workshops, etc.)",3.37,18.1,52.9,11.8,34.8
Gender,Male,300,57,importance,"Hard skill development (technical instruction, workshops, etc.)",3.32,20.3,52.3,11.3,32.0
Gender,Female,80,57,importance,"Hard skill development (technical instruction, workshops, etc.)",3.6,12.5,60.0,16.2,47.5
Gender,Prefer not to answer,35,57,importance,"Hard skill development (technical instruction, workshops, etc.)",3.26,11.4,42.9,5.7,31.4
Gender,Non-binary,15,57,importance,"Hard skill development (technical instruction, workshops, etc.)",3.33,20.0,53.3,13.3,33.3
Gender,All respondents,431,57,importance,"Soft skill development (business development, personal development, etc.)",3.08,24.8,38.5,6.7,13.7
Gender,Male,300,57,importance,"Soft skill development (business development, personal development, etc.)",3.06,25.7,37.7,7.0,12.0
Gender,Female,80,57,importance,"Soft skill development (business development, personal development, etc.)",3.34,17.5,48.8,8.8,31.2
Gender,Prefer not to answer,35,57,importance,"Soft skill development (business development, personal development, etc.)",2.69,31.4,20.0,2.9,-11.4
Gender,Non-binary,15,57,importance,"Soft skill development (business development, personal development, etc.)",2.93,33.3,46.7,0.0,13.3
Gender,All respondents,431,57,importance,Topics of sessions / panels,3.69,11.1,67.3,18.6,56.1
Gender,Male,300,57,importance,Topics of sessions / panels,3.64,12.3,65.7,17.0,53.3
Gender,Female,80,57,importance,Topics of sessions / panels,3.94,5.0,75.0,25.0,70.0
Gender,Prefer not to answer,35,57,importance,Topics of sessions / panels,3.51,14.3,65.7,11.4,51.4
Gender,Non-binary,15,57,importance,Topics of sessions / panels,3.73,13.3,60.0,33.3,46.7
Gender,All respondents,431,57,importance,Particular speakers / keynotes,3.14,21.8,38.7,7.7,16.9
Gender,Male,300,57,importance,Particular speakers / keynotes,3.14,21.0,38.7,7.0,17.7
Gender,Female,80,57,importance,Particular speakers / keynotes,3.44,12.5,47.5,11.2,35.0
Gender,Prefer not to answer,35,57,importance,Particular speakers / keynotes,2.57,45.7,22.9,2.9,-22.9
Gender,Non-binary,15,57,importance,Particular speakers / keynotes,2.93,33.3,33.3,13.3,0.0
Gender,All respondents,431,57,importance,Meeting professional development requirements,2.83,32.0,28.8,7.0,-3.2
Gender,Male,300,57,importance,Meeting professional development requirements,2.9,30.0,31.7,8.0,1.7
Gender,Female,80,57,importance,Meeting professional development requirements,2.89,30.0,31.2,6.2,1.2
Gender,Prefer not to answer,35,57,importance,Meeting professional development requirements,2.4,42.9,8.6,2.9,-34.3
Gender,Non-binary,15,57,importance,Meeting professional development requirements,2.13,60.0,6.7,0.0,-53.3
Gender,All respondents,431,57,importance,Networking opportunities,3.65,14.2,60.6,25.1,46.4
Gender,Male,300,57,importance,Networking opportunities,3.7,13.0,63.0,26.3,50.0
Gender,Female,80,57,importance,Networking opportunities,3.88,10.0,67.5,32.5,57.5
Gender,Prefer not to answer,35,57,importance,Networking opportunities,2.89,31.4,28.6,8.6,-2.9
Gender,Non-binary,15,57,importance,Networking opportunities,3.13,20.0,53.3,0.0,33.3
Gender,All respondents,431,57,importance,Community development/engagement,3.61,11.8,61.5,18.3,49.7
Gender,Male,300,57,importance,Community development/engagement,3.65,11.3,63.3,19.3,52.0
Gender,Female,80,57,importance,Community development/engagement,3.82,7.5,70.0,22.5,62.5
Gender,Prefer not to answer,35,57,importance,Community development/engagement,2.86,25.7,28.6,0.0,2.9
Gender,Non-binary,15,57,importance,Community development/engagement,3.53,13.3,53.3,20.0,40.0
Gender,All respondents,431,57,importance,Cost of ticket,3.44,19.5,54.5,17.6,35.0
Gender,Male,300,57,importance,Cost of ticket,3.33,22.3,51.0,14.7,28.7
Gender,Female,80,57,importance,Cost of ticket,3.75,10.0,66.2,21.2,56.2
Gender,Prefer not to answer,35,57,importance,Cost of ticket,3.46,20.0,54.3,20.0,34.3
Gender,Non-binary,15,57,importance,Cost of ticket,3.87,13.3,60.0,46.7,46.7
Gender,All respondents,431,57,importance,"Cost of attendance (travel, housing, etc.)",3.9,11.4,72.4,34.3,61.0
Gender,Male,300,57,importance,"Cost of attendance (travel, housing, etc.)",3.82,13.0,70.0,31.0,57.0
Gender,Female,80,57,importance,"Cost of attendance (travel, housing, etc.)",4.26,3.8,83.8,47.5,80.0
Gender,Prefer not to answer,35,57,importance,"Cost of attendance (travel, housing, etc.)",3.71,14.3,68.6,25.7,54.3
Gender,Non-binary,15,57,importance,"Cost of attendance (travel, housing, etc.)",3.93,13.3,66.7,46.7,53.3
Gender,All respondents,431,59,sentiment,"Right now, how do you generally feel about open source software?",4.16,3.9,81.7,39.4,77.7
Gender,Male,300,59,sentiment,"Right now, how do you generally feel about open source software?",4.21,4.7,82.0,44.7,77.3
Gender,Female,80,59,sentiment,"Right now, how do you generally feel about open source software?",3.96,2.5,77.5,21.2,75.0
Gender,Prefer not to answer,35,59,sentiment,"Right now, how do you generally feel about open source software?",4.11,2.9,85.7,31.4,82.9
Gender,Non-binary,15,59,sentiment,"Right now, how do you generally feel about open source software?",4.4,0.0,86.7,53.3,86.7
Gender,All respondents,431,62,importance,Open source software,4.59,1.2,93.5,68.0,92.3
Gender,Male,300,62,importance,Open source software,4.61,1.0,92.3,70.0,91.3
Gender,Female,80,62,importance,Open source software,4.53,1.2,96.2,58.8,95.0
Gender,Prefer not to answer,35,62,importance,Open source software,4.54,2.9,94.3,65.7,91.4
Gender,Non-binary,15,62,importance,Open source software,4.8,0.0,100.0,80.0,100.0
Gender,All respondents,431,62,importance,Open source values (whatever that means to you)required,4.51,3.2,91.9,64.3,88.6
Gender,Male,300,62,importance,Open source values (whatever that means to you)required,4.49,3.7,90.3,63.7,86.7
Gender,Female,80,62,importance,Open source values (whatever that means to you)required,4.55,2.5,95.0,63.7,92.5
Gender,Prefer not to answer,35,62,importance,Open source values (whatever that means to you)required,4.54,2.9,97.1,62.9,94.3
Gender,Non-binary,15,62,importance,Open source values (whatever that means to you)required,4.73,0.0,93.3,80.0,93.3
Gender,All respondents,431,62,importance,The sustainability of open source projects,4.58,1.2,93.3,66.6,92.1
Gender,Male,300,62,importance,The sustainability of open source projects,4.53,1.3,91.3,64.0,90.0
Gender,Female,80,62,importance,The sustainability of open source projects,4.7,0.0,98.8,71.2,98.8
Gender,Prefer not to answer,35,62,importance,The sustainability of open source projects,4.63,2.9,97.1,71.4,94.3
Gender,Non-binary,15,62,importance,The sustainability of open source projects,4.73,0.0,93.3,80.0,93.3
Gender,All respondents,431,62,importance,Open source in WordPress,4.51,2.8,92.1,63.1,89.3
Gender,Male,300,62,importance,Open source in WordPress,4.5,3.0,91.3,63.0,88.3
Gender,Female,80,62,importance,Open source in WordPress,4.62,0.0,97.5,65.0,97.5
Gender,Prefer not to answer,35,62,importance,Open source in WordPress,4.23,8.6,85.7,54.3,77.1
Gender,Non-binary,15,62,importance,Open source in WordPress,4.67,0.0,93.3,73.3,93.3
Gender,All respondents,431,62,importance,Open source in AI,3.24,29.2,50.1,27.4,20.9
Gender,Male,300,62,importance,Open source in AI,3.33,26.7,52.3,28.0,25.7
Gender,Female,80,62,importance,Open source in AI,3.36,23.8,52.5,28.7,28.8
Gender,Prefer not to answer,35,62,importance,Open source in AI,2.34,57.1,31.4,17.1,-25.7
Gender,Non-binary,15,62,importance,Open source in AI,3.0,40.0,40.0,33.3,0.0
Gender,All respondents,431,67,sentiment,"Right now, how do you generally feel about AI in the tech industry?",2.6,46.2,31.1,10.0,-15.1
Gender,Male,300,67,sentiment,"Right now, how do you generally feel about AI in the tech industry?",2.76,43.7,36.7,13.3,-7.0
Gender,Female,80,67,sentiment,"Right now, how do you generally feel about AI in the tech industry?",2.66,33.8,23.8,2.5,-10.0
Gender,Prefer not to answer,35,67,sentiment,"Right now, how do you generally feel about AI in the tech industry?",1.66,77.1,11.4,2.9,-65.7
Gender,Non-binary,15,67,sentiment,"Right now, how do you generally feel about AI in the tech industry?",1.53,86.7,6.7,0.0,-80.0
Gender,All respondents,431,68,sentiment,"Right now, how do you generally feel about AI in WordPress?",2.35,49.9,16.9,3.9,-32.9
Gender,Male,300,68,sentiment,"Right now, how do you generally feel about AI in WordPress?",2.43,48.3,19.3,5.7,-29.0
Gender,Female,80,68,sentiment,"Right now, how do you generally feel about AI in WordPress?",2.51,38.8,15.0,0.0,-23.8
Gender,Prefer not to answer,35,68,sentiment,"Right now, how do you generally feel about AI in WordPress?",1.57,77.1,5.7,0.0,-71.4
Gender,Non-binary,15,68,sentiment,"Right now, how do you generally feel about AI in WordPress?",1.6,73.3,6.7,0.0,-66.7
Gender,All respondents,431,69,sentiment,"Right now, how do you generally feel about AI in web development (vibe coding, agentic development, etc.)?",2.7,44.8,34.6,12.5,-10.2
Gender,Male,300,69,sentiment,"Right now, how do you generally feel about AI in web development (vibe coding, agentic development, etc.)?",2.83,42.0,38.7,15.7,-3.3
Gender,Female,80,69,sentiment,"Right now, how do you generally feel about AI in web development (vibe coding, agentic development, etc.)?",2.79,37.5,35.0,7.5,-2.5
Gender,Prefer not to answer,35,69,sentiment,"Right now, how do you generally feel about AI in web development (vibe coding, agentic development, etc.)?",1.77,71.4,8.6,2.9,-62.9
Gender,Non-binary,15,69,sentiment,"Right now, how do you generally feel about AI in web development (vibe coding, agentic development, etc.)?",1.8,73.3,13.3,0.0,-60.0
Age,All respondents,431,19,agreement,I consider myself to be a contributor to the WordPress open source project.,3.04,37.1,42.0,17.6,4.9
Age,35-44,161,19,agreement,I consider myself to be a contributor to the WordPress open source project.,3.17,33.5,44.7,19.9,11.2
Age,45-54,135,19,agreement,I consider myself to be a contributor to the WordPress open source project.,3.0,39.3,42.2,16.3,3.0
Age,55-64,65,19,agreement,I consider myself to be a contributor to the WordPress open source project.,3.02,36.9,43.1,16.9,6.2
Age,25-34,39,19,agreement,I consider myself to be a contributor to the WordPress open source project.,2.97,38.5,41.0,20.5,2.6
Age,65-74,20,19,agreement,I consider myself to be a contributor to the WordPress open source project.,2.95,35.0,30.0,10.0,-5.0
Age,All respondents,431,22,agreement,I consider myself to be a member of the WordPress community.,3.88,12.3,71.5,32.9,59.2
Age,35-44,161,22,agreement,I consider myself to be a member of the WordPress community.,4.0,11.2,75.2,38.5,64.0
Age,45-54,135,22,agreement,I consider myself to be a member of the WordPress community.,3.88,11.9,70.4,33.3,58.5
Age,55-64,65,22,agreement,I consider myself to be a member of the WordPress community.,3.85,12.3,73.8,29.2,61.5
Age,25-34,39,22,agreement,I consider myself to be a member of the WordPress community.,3.67,17.9,59.0,28.2,41.0
Age,65-74,20,22,agreement,I consider myself to be a member of the WordPress community.,4.0,0.0,80.0,20.0,80.0
Age,All respondents,431,28,sentiment,"Right now, how do you feel overall about the WordPress open source project?",2.87,38.1,32.7,4.6,-5.3
Age,35-44,161,28,sentiment,"Right now, how do you feel overall about the WordPress open source project?",2.88,34.2,30.4,4.3,-3.7
Age,45-54,135,28,sentiment,"Right now, how do you feel overall about the WordPress open source project?",2.77,45.9,31.9,4.4,-14.1
Age,55-64,65,28,sentiment,"Right now, how do you feel overall about the WordPress open source project?",2.98,27.7,32.3,3.1,4.6
Age,25-34,39,28,sentiment,"Right now, how do you feel overall about the WordPress open source project?",2.85,48.7,38.5,7.7,-10.3
Age,65-74,20,28,sentiment,"Right now, how do you feel overall about the WordPress open source project?",3.35,20.0,55.0,10.0,35.0
Age,All respondents,431,31,sentiment,How do you feel about the future of the WordPress open source project?,2.8,39.0,24.4,5.1,-14.6
Age,35-44,161,31,sentiment,How do you feel about the future of the WordPress open source project?,2.76,39.1,24.2,5.0,-14.9
Age,45-54,135,31,sentiment,How do you feel about the future of the WordPress open source project?,2.73,43.7,20.0,5.2,-23.7
Age,55-64,65,31,sentiment,How do you feel about the future of the WordPress open source project?,2.94,30.8,27.7,4.6,-3.1
Age,25-34,39,31,sentiment,How do you feel about the future of the WordPress open source project?,3.03,33.3,33.3,10.3,0.0
Age,65-74,20,31,sentiment,How do you feel about the future of the WordPress open source project?,3.05,20.0,35.0,0.0,15.0
Age,All respondents,431,34,importance,WordPress open source software,4.58,1.4,94.0,65.4,92.6
Age,35-44,161,34,importance,WordPress open source software,4.58,1.2,94.4,64.6,93.2
Age,45-54,135,34,importance,WordPress open source software,4.63,1.5,95.6,69.6,94.1
Age,55-64,65,34,importance,WordPress open source software,4.54,1.5,92.3,64.6,90.8
Age,25-34,39,34,importance,WordPress open source software,4.59,0.0,94.9,64.1,94.9
Age,65-74,20,34,importance,WordPress open source software,4.5,0.0,95.0,55.0,95.0
Age,All respondents,431,34,importance,The WordPress community,4.13,7.0,80.3,41.8,73.3
Age,35-44,161,34,importance,The WordPress community,4.19,4.3,82.6,41.0,78.3
Age,45-54,135,34,importance,The WordPress community,4.16,9.6,80.7,49.6,71.1
Age,55-64,65,34,importance,The WordPress community,4.05,9.2,76.9,41.5,67.7
Age,25-34,39,34,importance,The WordPress community,4.03,7.7,76.9,35.9,69.2
Age,65-74,20,34,importance,The WordPress community,4.1,0.0,85.0,25.0,85.0
Age,All respondents,431,34,importance,WordPress events and meetups,3.26,26.7,50.1,19.5,23.4
Age,35-44,161,34,importance,WordPress events and meetups,3.39,21.7,54.7,19.3,32.9
Age,45-54,135,34,importance,WordPress events and meetups,3.24,29.6,49.6,22.2,20.0
Age,55-64,65,34,importance,WordPress events and meetups,3.15,29.2,49.2,23.1,20.0
Age,25-34,39,34,importance,WordPress events and meetups,3.31,28.2,51.3,17.9,23.1
Age,65-74,20,34,importance,WordPress events and meetups,2.95,25.0,30.0,5.0,5.0
Age,All respondents,431,34,importance,Contributing to WordPress,3.31,18.8,45.7,13.9,26.9
Age,35-44,161,34,importance,Contributing to WordPress,3.4,13.0,46.0,12.4,32.9
Age,45-54,135,34,importance,Contributing to WordPress,3.33,22.2,48.9,16.3,26.7
Age,55-64,65,34,importance,Contributing to WordPress,3.15,23.1,43.1,13.8,20.0
Age,25-34,39,34,importance,Contributing to WordPress,3.36,20.5,46.2,20.5,25.6
Age,65-74,20,34,importance,Contributing to WordPress,3.1,20.0,40.0,5.0,20.0
Age,All respondents,431,34,importance,Open source values,4.48,2.6,90.7,61.9,88.2
Age,35-44,161,34,importance,Open source values,4.55,0.0,95.0,59.6,95.0
Age,45-54,135,34,importance,Open source values,4.41,5.2,86.7,63.7,81.5
Age,55-64,65,34,importance,Open source values,4.55,4.6,89.2,73.8,84.6
Age,25-34,39,34,importance,Open source values,4.44,0.0,89.7,53.8,89.7
Age,65-74,20,34,importance,Open source values,4.45,5.0,90.0,60.0,85.0
Age,All respondents,431,34,importance,AI in WordPress,2.47,52.7,29.0,12.8,-23.7
Age,35-44,161,34,importance,AI in WordPress,2.57,52.2,30.4,14.3,-21.7
Age,45-54,135,34,importance,AI in WordPress,2.37,55.6,28.1,13.3,-27.4
Age,55-64,65,34,importance,AI in WordPress,2.37,52.3,24.6,7.7,-27.7
Age,25-34,39,34,importance,AI in WordPress,2.72,46.2,41.0,15.4,-5.1
Age,65-74,20,34,importance,AI in WordPress,2.5,45.0,20.0,10.0,-25.0
Age,All respondents,431,34,importance,Security in WordPress,4.68,1.4,95.1,75.6,93.7
Age,35-44,161,34,importance,Security in WordPress,4.69,0.0,95.0,73.9,95.0
Age,45-54,135,34,importance,Security in WordPress,4.63,3.0,94.1,74.1,91.1
Age,55-64,65,34,importance,Security in WordPress,4.71,3.1,93.8,83.1,90.8
Age,25-34,39,34,importance,Security in WordPress,4.74,0.0,100.0,74.4,100.0
Age,65-74,20,34,importance,Security in WordPress,4.8,0.0,100.0,80.0,100.0
Age,All respondents,431,34,importance,Web standards and compliance,4.57,1.6,93.7,65.9,92.1
Age,35-44,161,34,importance,Web standards and compliance,4.58,0.6,93.2,65.2,92.5
Age,45-54,135,34,importance,Web standards and compliance,4.61,3.0,94.8,71.1,91.9
Age,55-64,65,34,importance,Web standards and compliance,4.54,3.1,93.8,66.2,90.8
Age,25-34,39,34,importance,Web standards and compliance,4.49,0.0,89.7,59.0,89.7
Age,65-74,20,34,importance,Web standards and compliance,4.6,0.0,100.0,60.0,100.0
Age,All respondents,431,34,importance,WordPress leadership,4.04,8.1,73.8,43.4,65.7
Age,35-44,161,34,importance,WordPress leadership,4.0,8.7,72.7,41.0,64.0
Age,45-54,135,34,importance,WordPress leadership,4.17,6.7,80.7,48.1,74.1
Age,55-64,65,34,importance,WordPress leadership,3.92,10.8,69.2,40.0,58.5
Age,25-34,39,34,importance,WordPress leadership,4.05,5.1,69.2,46.2,64.1
Age,65-74,20,34,importance,WordPress leadership,4.05,5.0,60.0,50.0,55.0
Age,All respondents,431,34,importance,WordPress governance,4.17,5.8,76.6,50.8,70.8
Age,35-44,161,34,importance,WordPress governance,4.09,6.2,72.0,47.8,65.8
Age,45-54,135,34,importance,WordPress governance,4.33,5.2,85.9,57.0,80.7
Age,55-64,65,34,importance,WordPress governance,4.11,7.7,73.8,50.8,66.2
Age,25-34,39,34,importance,WordPress governance,4.03,5.1,69.2,43.6,64.1
Age,65-74,20,34,importance,WordPress governance,4.2,5.0,70.0,55.0,65.0
Age,All respondents,431,34,importance,"Business issues (mergers & acquisitions, product ecosystem, private equity investment, etc.)",3.14,25.5,41.5,12.5,16.0
Age,35-44,161,34,importance,"Business issues (mergers & acquisitions, product ecosystem, private equity investment, etc.)",3.16,24.8,42.2,12.4,17.4
Age,45-54,135,34,importance,"Business issues (mergers & acquisitions, product ecosystem, private equity investment, etc.)",3.14,24.4,43.0,9.6,18.5
Age,55-64,65,34,importance,"Business issues (mergers & acquisitions, product ecosystem, private equity investment, etc.)",3.08,29.2,38.5,13.8,9.2
Age,25-34,39,34,importance,"Business issues (mergers & acquisitions, product ecosystem, private equity investment, etc.)",3.08,28.2,35.9,17.9,7.7
Age,65-74,20,34,importance,"Business issues (mergers & acquisitions, product ecosystem, private equity investment, etc.)",3.4,15.0,50.0,15.0,35.0
Age,All respondents,431,34,importance,Enterprise/scale issues,3.13,24.8,40.1,11.1,15.3
Age,35-44,161,34,importance,Enterprise/scale issues,3.2,22.4,42.9,11.2,20.5
Age,45-54,135,34,importance,Enterprise/scale issues,3.08,24.4,38.5,10.4,14.1
Age,55-64,65,34,importance,Enterprise/scale issues,3.03,29.2,35.4,13.8,6.2
Age,25-34,39,34,importance,Enterprise/scale issues,3.33,23.1,51.3,17.9,28.2
Age,65-74,20,34,importance,Enterprise/scale issues,2.95,25.0,30.0,0.0,5.0
Age,All respondents,431,34,importance,Collaboration with the greater open source ecosystem,3.82,8.8,67.7,26.0,58.9
Age,35-44,161,34,importance,Collaboration with the greater open source ecosystem,3.88,6.2,67.7,27.3,61.5
Age,45-54,135,34,importance,Collaboration with the greater open source ecosystem,3.76,11.9,68.9,25.9,57.0
Age,55-64,65,34,importance,Collaboration with the greater open source ecosystem,3.88,6.2,73.8,24.6,67.7
Age,25-34,39,34,importance,Collaboration with the greater open source ecosystem,3.79,12.8,66.7,25.6,53.8
Age,65-74,20,34,importance,Collaboration with the greater open source ecosystem,3.75,5.0,55.0,25.0,50.0
Age,All respondents,431,38,importance,Personal capacity,4.22,3.7,82.8,44.5,79.1
Age,35-44,161,38,importance,Personal capacity,4.38,3.7,86.3,55.9,82.6
Age,45-54,135,38,importance,Personal capacity,4.16,3.7,82.2,40.0,78.5
Age,55-64,65,38,importance,Personal capacity,3.97,7.7,75.4,32.3,67.7
Age,25-34,39,38,importance,Personal capacity,4.36,0.0,89.7,46.2,89.7
Age,65-74,20,38,importance,Personal capacity,4.1,0.0,80.0,30.0,80.0
Age,All respondents,431,38,importance,Financial incentives/restraints,3.05,27.4,33.6,11.8,6.3
Age,35-44,161,38,importance,Financial incentives/restraints,3.17,26.7,37.9,15.5,11.2
Age,45-54,135,38,importance,Financial incentives/restraints,3.01,26.7,31.9,9.6,5.2
Age,55-64,65,38,importance,Financial incentives/restraints,2.88,32.3,32.3,4.6,0.0
Age,25-34,39,38,importance,Financial incentives/restraints,3.08,30.8,33.3,20.5,2.6
Age,65-74,20,38,importance,Financial incentives/restraints,2.95,20.0,25.0,5.0,5.0
Age,All respondents,431,38,importance,Impact of my contributions to the project,3.4,14.4,47.8,12.8,33.4
Age,35-44,161,38,importance,Impact of my contributions to the project,3.57,11.8,52.8,18.6,41.0
Age,45-54,135,38,importance,Impact of my contributions to the project,3.35,15.6,45.2,9.6,29.6
Age,55-64,65,38,importance,Impact of my contributions to the project,3.35,13.8,50.8,9.2,36.9
Age,25-34,39,38,importance,Impact of my contributions to the project,3.21,23.1,43.6,12.8,20.5
Age,65-74,20,38,importance,Impact of my contributions to the project,3.15,10.0,25.0,0.0,15.0
Age,All respondents,431,38,importance,Impact of my participation on my professional or personal life,3.6,9.5,58.5,15.3,49.0
Age,35-44,161,38,importance,Impact of my participation on my professional or personal life,3.68,7.5,62.1,16.8,54.7
Age,45-54,135,38,importance,Impact of my participation on my professional or personal life,3.72,9.6,67.4,17.8,57.8
Age,55-64,65,38,importance,Impact of my participation on my professional or personal life,3.32,15.4,44.6,12.3,29.2
Age,25-34,39,38,importance,Impact of my participation on my professional or personal life,3.51,12.8,51.3,15.4,38.5
Age,65-74,20,38,importance,Impact of my participation on my professional or personal life,3.35,5.0,35.0,5.0,30.0
Age,All respondents,431,38,importance,Understanding how to participate,3.59,10.7,59.6,16.2,49.0
Age,35-44,161,38,importance,Understanding how to participate,3.63,9.9,62.1,14.9,52.2
Age,45-54,135,38,importance,Understanding how to participate,3.66,8.1,61.5,17.8,53.3
Age,55-64,65,38,importance,Understanding how to participate,3.51,12.3,53.8,18.5,41.5
Age,25-34,39,38,importance,Understanding how to participate,3.62,17.9,69.2,23.1,51.3
Age,65-74,20,38,importance,Understanding how to participate,3.4,10.0,45.0,5.0,35.0
Age,All respondents,431,38,importance,Mentorship or guidance,3.08,23.9,33.4,7.4,9.5
Age,35-44,161,38,importance,Mentorship or guidance,2.97,28.0,29.8,5.0,1.9
Age,45-54,135,38,importance,Mentorship or guidance,3.12,22.2,34.8,8.1,12.6
Age,55-64,65,38,importance,Mentorship or guidance,3.17,18.5,36.9,9.2,18.5
Age,25-34,39,38,importance,Mentorship or guidance,3.23,25.6,46.2,12.8,20.5
Age,65-74,20,38,importance,Mentorship or guidance,3.25,15.0,35.0,10.0,20.0
Age,All respondents,431,38,importance,Project roadmap,3.43,17.2,51.7,14.2,34.6
Age,35-44,161,38,importance,Project roadmap,3.42,16.8,50.9,11.8,34.2
Age,45-54,135,38,importance,Project roadmap,3.34,20.7,48.9,12.6,28.1
Age,55-64,65,38,importance,Project roadmap,3.37,16.9,46.2,18.5,29.2
Age,25-34,39,38,importance,Project roadmap,3.74,12.8,66.7,25.6,53.8
Age,65-74,20,38,importance,Project roadmap,3.4,15.0,50.0,10.0,35.0
Age,All respondents,431,38,importance,Project leadership,3.83,12.5,67.3,32.7,54.8
Age,35-44,161,38,importance,Project leadership,3.75,14.9,64.6,28.6,49.7
Age,45-54,135,38,importance,Project leadership,3.96,8.9,71.9,37.0,63.0
Age,55-64,65,38,importance,Project leadership,3.8,12.3,64.6,36.9,52.3
Age,25-34,39,38,importance,Project leadership,3.92,17.9,74.4,41.0,56.4
Age,65-74,20,38,importance,Project leadership,3.55,10.0,50.0,20.0,40.0
Age,All respondents,431,38,importance,Project governance/policies,3.85,10.4,66.4,32.7,55.9
Age,35-44,161,38,importance,Project governance/policies,3.75,13.0,60.2,30.4,47.2
Age,45-54,135,38,importance,Project governance/policies,4.0,7.4,73.3,37.0,65.9
Age,55-64,65,38,importance,Project governance/policies,3.92,7.7,69.2,36.9,61.5
Age,25-34,39,38,importance,Project governance/policies,3.77,12.8,69.2,25.6,56.4
Age,65-74,20,38,importance,Project governance/policies,3.45,20.0,45.0,25.0,25.0
Age,All respondents,431,38,importance,"Advocacy on behalf of web standards (accessibility, privacy, etc.)",3.99,7.7,75.6,33.6,68.0
Age,35-44,161,38,importance,"Advocacy on behalf of web standards (accessibility, privacy, etc.)",3.94,7.5,72.7,31.1,65.2
Age,45-54,135,38,importance,"Advocacy on behalf of web standards (accessibility, privacy, etc.)",4.04,8.1,77.0,37.8,68.9
Age,55-64,65,38,importance,"Advocacy on behalf of web standards (accessibility, privacy, etc.)",4.05,6.2,80.0,35.4,73.8
Age,25-34,39,38,importance,"Advocacy on behalf of web standards (accessibility, privacy, etc.)",3.97,10.3,82.1,28.2,71.8
Age,65-74,20,38,importance,"Advocacy on behalf of web standards (accessibility, privacy, etc.)",3.95,5.0,70.0,30.0,65.0
Age,All respondents,431,38,importance,Participation in the WordPress community,3.52,10.0,53.4,15.3,43.4
Age,35-44,161,38,importance,Participation in the WordPress community,3.57,6.2,52.2,13.7,46.0
Age,45-54,135,38,importance,Participation in the WordPress community,3.53,13.3,58.5,17.0,45.2
Age,55-64,65,38,importance,Participation in the WordPress community,3.42,12.3,49.2,15.4,36.9
Age,25-34,39,38,importance,Participation in the WordPress community,3.54,12.8,56.4,20.5,43.6
Age,65-74,20,38,importance,Participation in the WordPress community,3.65,0.0,55.0,10.0,55.0
Age,All respondents,431,38,importance,Feeling welcome/included,4.06,5.8,76.3,39.2,70.5
Age,35-44,161,38,importance,Feeling welcome/included,4.13,4.3,81.4,37.3,77.0
Age,45-54,135,38,importance,Feeling welcome/included,4.13,5.9,77.0,44.4,71.1
Age,55-64,65,38,importance,Feeling welcome/included,4.03,7.7,76.9,41.5,69.2
Age,25-34,39,38,importance,Feeling welcome/included,4.0,7.7,71.8,43.6,64.1
Age,65-74,20,38,importance,Feeling welcome/included,3.85,0.0,65.0,20.0,65.0
Age,All respondents,431,38,importance,Participating in a language other than English,2.46,45.2,19.7,6.3,-25.5
Age,35-44,161,38,importance,Participating in a language other than English,2.41,46.0,16.8,6.8,-29.2
Age,45-54,135,38,importance,Participating in a language other than English,2.41,48.9,20.0,6.7,-28.9
Age,55-64,65,38,importance,Participating in a language other than English,2.62,35.4,20.0,3.1,-15.4
Age,25-34,39,38,importance,Participating in a language other than English,2.36,56.4,28.2,7.7,-28.2
Age,65-74,20,38,importance,Participating in a language other than English,2.9,30.0,30.0,10.0,0.0
Age,All respondents,431,38,importance,Working asynchronously,3.61,11.6,55.5,24.1,43.9
Age,35-44,161,38,importance,Working asynchronously,3.73,13.0,59.6,33.5,46.6
Age,45-54,135,38,importance,Working asynchronously,3.65,9.6,60.0,21.5,50.4
Age,55-64,65,38,importance,Working asynchronously,3.31,12.3,44.6,9.2,32.3
Age,25-34,39,38,importance,Working asynchronously,3.54,17.9,56.4,25.6,38.5
Age,65-74,20,38,importance,Working asynchronously,3.45,0.0,35.0,10.0,35.0
Age,All respondents,431,50,agreement,Attending in-person WordPress-related events is important to me.,3.13,35.3,46.6,21.3,11.4
Age,35-44,161,50,agreement,Attending in-person WordPress-related events is important to me.,3.22,34.8,48.4,24.8,13.7
Age,45-54,135,50,agreement,Attending in-person WordPress-related events is important to me.,3.19,32.6,48.1,20.7,15.6
Age,55-64,65,50,agreement,Attending in-person WordPress-related events is important to me.,2.92,38.5,46.2,16.9,7.7
Age,25-34,39,50,agreement,Attending in-person WordPress-related events is important to me.,3.38,30.8,56.4,30.8,25.6
Age,65-74,20,50,agreement,Attending in-person WordPress-related events is important to me.,2.75,35.0,25.0,5.0,-10.0
Age,All respondents,431,57,importance,A location local to you,3.73,13.9,65.9,27.8,52.0
Age,35-44,161,57,importance,A location local to you,3.83,11.2,65.8,31.7,54.7
Age,45-54,135,57,importance,A location local to you,3.79,11.9,68.1,26.7,56.3
Age,55-64,65,57,importance,A location local to you,3.38,24.6,55.4,21.5,30.8
Age,25-34,39,57,importance,A location local to you,3.87,12.8,79.5,33.3,66.7
Age,65-74,20,57,importance,A location local to you,3.6,20.0,65.0,30.0,45.0
Age,All respondents,431,57,importance,A regional/destination location,3.42,16.7,54.3,13.9,37.6
Age,35-44,161,57,importance,A regional/destination location,3.39,16.1,50.9,13.0,34.8
Age,45-54,135,57,importance,A regional/destination location,3.56,14.1,60.7,17.0,46.7
Age,55-64,65,57,importance,A regional/destination location,3.26,20.0,47.7,12.3,27.7
Age,25-34,39,57,importance,A regional/destination location,3.56,12.8,64.1,17.9,51.3
Age,65-74,20,57,importance,A regional/destination location,3.2,25.0,55.0,5.0,30.0
Age,All respondents,431,57,importance,Events with smaller attendance,2.91,24.8,25.1,3.9,0.2
Age,35-44,161,57,importance,Events with smaller attendance,2.81,28.6,19.3,2.5,-9.3
Age,45-54,135,57,importance,Events with smaller attendance,3.04,20.7,30.4,4.4,9.6
Age,55-64,65,57,importance,Events with smaller attendance,2.77,29.2,23.1,1.5,-6.2
Age,25-34,39,57,importance,Events with smaller attendance,2.97,20.5,25.6,10.3,5.1
Age,65-74,20,57,importance,Events with smaller attendance,2.9,25.0,30.0,5.0,5.0
Age,All respondents,431,57,importance,Events with larger attendance,2.72,31.6,16.9,2.8,-14.6
Age,35-44,161,57,importance,Events with larger attendance,2.73,31.7,16.8,3.1,-14.9
Age,45-54,135,57,importance,Events with larger attendance,2.79,29.6,17.8,3.0,-11.9
Age,55-64,65,57,importance,Events with larger attendance,2.58,33.8,13.8,1.5,-20.0
Age,25-34,39,57,importance,Events with larger attendance,2.79,30.8,20.5,5.1,-10.3
Age,65-74,20,57,importance,Events with larger attendance,2.6,40.0,20.0,0.0,-20.0
Age,All respondents,431,57,importance,"Hard skill development (technical instruction, workshops, etc.)",3.37,18.1,52.9,11.8,34.8
Age,35-44,161,57,importance,"Hard skill development (technical instruction, workshops, etc.)",3.37,19.9,50.9,13.0,31.1
Age,45-54,135,57,importance,"Hard skill development (technical instruction, workshops, etc.)",3.41,17.0,57.0,14.1,40.0
Age,55-64,65,57,importance,"Hard skill development (technical instruction, workshops, etc.)",3.26,20.0,49.2,9.2,29.2
Age,25-34,39,57,importance,"Hard skill development (technical instruction, workshops, etc.)",3.49,15.4,61.5,10.3,46.2
Age,65-74,20,57,importance,"Hard skill development (technical instruction, workshops, etc.)",3.35,15.0,50.0,5.0,35.0
Age,All respondents,431,57,importance,"Soft skill development (business development, personal development, etc.)",3.08,24.8,38.5,6.7,13.7
Age,35-44,161,57,importance,"Soft skill development (business development, personal development, etc.)",3.04,25.5,37.3,2.5,11.8
Age,45-54,135,57,importance,"Soft skill development (business development, personal development, etc.)",3.13,26.7,42.2,9.6,15.6
Age,55-64,65,57,importance,"Soft skill development (business development, personal development, etc.)",3.08,20.0,36.9,3.1,16.9
Age,25-34,39,57,importance,"Soft skill development (business development, personal development, etc.)",3.28,23.1,46.2,20.5,23.1
Age,65-74,20,57,importance,"Soft skill development (business development, personal development, etc.)",3.0,20.0,30.0,5.0,10.0
Age,All respondents,431,57,importance,Topics of sessions / panels,3.69,11.1,67.3,18.6,56.1
Age,35-44,161,57,importance,Topics of sessions / panels,3.68,9.3,62.7,19.3,53.4
Age,45-54,135,57,importance,Topics of sessions / panels,3.79,11.1,75.6,21.5,64.4
Age,55-64,65,57,importance,Topics of sessions / panels,3.58,15.4,66.2,18.5,50.8
Age,25-34,39,57,importance,Topics of sessions / panels,3.69,10.3,69.2,12.8,59.0
Age,65-74,20,57,importance,Topics of sessions / panels,3.4,15.0,50.0,10.0,35.0
Age,All respondents,431,57,importance,Particular speakers / keynotes,3.14,21.8,38.7,7.7,16.9
Age,35-44,161,57,importance,Particular speakers / keynotes,3.17,21.1,37.9,8.7,16.8
Age,45-54,135,57,importance,Particular speakers / keynotes,3.16,20.7,43.7,6.7,23.0
Age,55-64,65,57,importance,Particular speakers / keynotes,3.12,21.5,36.9,7.7,15.4
Age,25-34,39,57,importance,Particular speakers / keynotes,3.05,28.2,35.9,7.7,7.7
Age,65-74,20,57,importance,Particular speakers / keynotes,3.35,10.0,40.0,10.0,30.0
Age,All respondents,431,57,importance,Meeting professional development requirements,2.83,32.0,28.8,7.0,-3.2
Age,35-44,161,57,importance,Meeting professional development requirements,2.88,32.3,29.2,8.7,-3.1
Age,45-54,135,57,importance,Meeting professional development requirements,2.82,30.4,28.1,7.4,-2.2
Age,55-64,65,57,importance,Meeting professional development requirements,2.66,35.4,24.6,4.6,-10.8
Age,25-34,39,57,importance,Meeting professional development requirements,3.21,25.6,48.7,7.7,23.1
Age,65-74,20,57,importance,Meeting professional development requirements,2.45,40.0,20.0,0.0,-20.0
Age,All respondents,431,57,importance,Networking opportunities,3.65,14.2,60.6,25.1,46.4
Age,35-44,161,57,importance,Networking opportunities,3.78,10.6,66.5,26.1,55.9
Age,45-54,135,57,importance,Networking opportunities,3.7,13.3,60.7,27.4,47.4
Age,55-64,65,57,importance,Networking opportunities,3.52,12.3,58.5,18.5,46.2
Age,25-34,39,57,importance,Networking opportunities,3.67,20.5,64.1,33.3,43.6
Age,65-74,20,57,importance,Networking opportunities,3.05,30.0,35.0,15.0,5.0
Age,All respondents,431,57,importance,Community development/engagement,3.61,11.8,61.5,18.3,49.7
Age,35-44,161,57,importance,Community development/engagement,3.66,9.9,62.7,18.6,52.8
Age,45-54,135,57,importance,Community development/engagement,3.65,12.6,63.7,20.0,51.1
Age,55-64,65,57,importance,Community development/engagement,3.49,12.3,58.5,13.8,46.2
Age,25-34,39,57,importance,Community development/engagement,3.72,12.8,64.1,28.2,51.3
Age,65-74,20,57,importance,Community development/engagement,3.5,10.0,55.0,10.0,45.0
Age,All respondents,431,57,importance,Cost of ticket,3.44,19.5,54.5,17.6,35.0
Age,35-44,161,57,importance,Cost of ticket,3.47,22.4,56.5,20.5,34.2
Age,45-54,135,57,importance,Cost of ticket,3.45,17.8,54.1,17.0,36.3
Age,55-64,65,57,importance,Cost of ticket,3.22,20.0,47.7,7.7,27.7
Age,25-34,39,57,importance,Cost of ticket,3.51,17.9,56.4,23.1,38.5
Age,65-74,20,57,importance,Cost of ticket,3.8,10.0,70.0,25.0,60.0
Age,All respondents,431,57,importance,"Cost of attendance (travel, housing, etc.)",3.9,11.4,72.4,34.3,61.0
Age,35-44,161,57,importance,"Cost of attendance (travel, housing, etc.)",3.94,13.0,73.3,39.1,60.2
Age,45-54,135,57,importance,"Cost of attendance (travel, housing, etc.)",3.9,10.4,71.9,31.9,61.5
Age,55-64,65,57,importance,"Cost of attendance (travel, housing, etc.)",3.78,12.3,69.2,30.8,56.9
Age,25-34,39,57,importance,"Cost of attendance (travel, housing, etc.)",4.0,7.7,76.9,35.9,69.2
Age,65-74,20,57,importance,"Cost of attendance (travel, housing, etc.)",4.0,10.0,80.0,35.0,70.0
Age,All respondents,431,59,sentiment,"Right now, how do you generally feel about open source software?",4.16,3.9,81.7,39.4,77.7
Age,35-44,161,59,sentiment,"Right now, how do you generally feel about open source software?",4.13,3.1,79.5,37.3,76.4
Age,45-54,135,59,sentiment,"Right now, how do you generally feel about open source software?",4.12,5.2,79.3,39.3,74.1
Age,55-64,65,59,sentiment,"Right now, how do you generally feel about open source software?",4.2,3.1,83.1,40.0,80.0
Age,25-34,39,59,sentiment,"Right now, how do you generally feel about open source software?",4.13,7.7,84.6,38.5,76.9
Age,65-74,20,59,sentiment,"Right now, how do you generally feel about open source software?",4.5,0.0,95.0,55.0,95.0
Age,All respondents,431,62,importance,Open source software,4.59,1.2,93.5,68.0,92.3
Age,35-44,161,62,importance,Open source software,4.6,0.0,93.8,66.5,93.8
Age,45-54,135,62,importance,Open source software,4.55,3.0,91.1,68.9,88.1
Age,55-64,65,62,importance,Open source software,4.55,1.5,92.3,66.2,90.8
Age,25-34,39,62,importance,Open source software,4.67,0.0,97.4,69.2,97.4
Age,65-74,20,62,importance,Open source software,4.75,0.0,100.0,75.0,100.0
Age,All respondents,431,62,importance,Open source values (whatever that means to you)required,4.51,3.2,91.9,64.3,88.6
Age,35-44,161,62,importance,Open source values (whatever that means to you)required,4.52,2.5,91.3,62.7,88.8
Age,45-54,135,62,importance,Open source values (whatever that means to you)required,4.5,4.4,91.9,65.9,87.4
Age,55-64,65,62,importance,Open source values (whatever that means to you)required,4.51,4.6,90.8,69.2,86.2
Age,25-34,39,62,importance,Open source values (whatever that means to you)required,4.49,2.6,92.3,59.0,89.7
Age,65-74,20,62,importance,Open source values (whatever that means to you)required,4.5,0.0,95.0,55.0,95.0
Age,All respondents,431,62,importance,The sustainability of open source projects,4.58,1.2,93.3,66.6,92.1
Age,35-44,161,62,importance,The sustainability of open source projects,4.56,0.0,93.2,62.7,93.2
Age,45-54,135,62,importance,The sustainability of open source projects,4.58,2.2,92.6,69.6,90.4
Age,55-64,65,62,importance,The sustainability of open source projects,4.68,1.5,95.4,75.4,93.8
Age,25-34,39,62,importance,The sustainability of open source projects,4.49,2.6,89.7,61.5,87.2
Age,65-74,20,62,importance,The sustainability of open source projects,4.5,0.0,95.0,55.0,95.0
Age,All respondents,431,62,importance,Open source in WordPress,4.51,2.8,92.1,63.1,89.3
Age,35-44,161,62,importance,Open source in WordPress,4.5,1.2,91.9,59.6,90.7
Age,45-54,135,62,importance,Open source in WordPress,4.52,3.7,91.1,67.4,87.4
Age,55-64,65,62,importance,Open source in WordPress,4.49,6.2,92.3,67.7,86.2
Age,25-34,39,62,importance,Open source in WordPress,4.44,2.6,89.7,59.0,87.2
Age,65-74,20,62,importance,Open source in WordPress,4.6,0.0,100.0,60.0,100.0
Age,All respondents,431,62,importance,Open source in AI,3.24,29.2,50.1,27.4,20.9
Age,35-44,161,62,importance,Open source in AI,3.26,26.7,49.7,25.5,23.0
Age,45-54,135,62,importance,Open source in AI,3.19,31.1,51.9,25.2,20.7
Age,55-64,65,62,importance,Open source in AI,3.28,27.7,47.7,32.3,20.0
Age,25-34,39,62,importance,Open source in AI,3.51,28.2,56.4,38.5,28.2
Age,65-74,20,62,importance,Open source in AI,3.25,30.0,50.0,30.0,20.0
Age,All respondents,431,67,sentiment,"Right now, how do you generally feel about AI in the tech industry?",2.6,46.2,31.1,10.0,-15.1
Age,35-44,161,67,sentiment,"Right now, how do you generally feel about AI in the tech industry?",2.62,44.7,29.2,10.6,-15.5
Age,45-54,135,67,sentiment,"Right now, how do you generally feel about AI in the tech industry?",2.59,48.9,32.6,9.6,-16.3
Age,55-64,65,67,sentiment,"Right now, how do you generally feel about AI in the tech industry?",2.66,40.0,33.8,4.6,-6.2
Age,25-34,39,67,sentiment,"Right now, how do you generally feel about AI in the tech industry?",2.79,46.2,41.0,17.9,-5.1
Age,65-74,20,67,sentiment,"Right now, how do you generally feel about AI in the tech industry?",2.5,40.0,15.0,10.0,-25.0
Age,All respondents,431,68,sentiment,"Right now, how do you generally feel about AI in WordPress?",2.35,49.9,16.9,3.9,-32.9
Age,35-44,161,68,sentiment,"Right now, how do you generally feel about AI in WordPress?",2.46,47.8,19.9,6.8,-28.0
Age,45-54,135,68,sentiment,"Right now, how do you generally feel about AI in WordPress?",2.27,53.3,16.3,3.7,-37.0
Age,55-64,65,68,sentiment,"Right now, how do you generally feel about AI in WordPress?",2.37,46.2,15.4,1.5,-30.8
Age,25-34,39,68,sentiment,"Right now, how do you generally feel about AI in WordPress?",2.36,43.6,15.4,0.0,-28.2
Age,65-74,20,68,sentiment,"Right now, how do you generally feel about AI in WordPress?",2.25,50.0,10.0,0.0,-40.0
Age,All respondents,431,69,sentiment,"Right now, how do you generally feel about AI in web development (vibe coding, agentic development, etc.)?",2.7,44.8,34.6,12.5,-10.2
Age,35-44,161,69,sentiment,"Right now, how do you generally feel about AI in web development (vibe coding, agentic development, etc.)?",2.76,42.9,36.6,13.0,-6.2
Age,45-54,135,69,sentiment,"Right now, how do you generally feel about AI in web development (vibe coding, agentic development, etc.)?",2.72,46.7,36.3,14.8,-10.4
Age,55-64,65,69,sentiment,"Right now, how do you generally feel about AI in web development (vibe coding, agentic development, etc.)?",2.62,43.1,29.2,6.2,-13.8
Age,25-34,39,69,sentiment,"Right now, how do you generally feel about AI in web development (vibe coding, agentic development, etc.)?",2.9,41.0,41.0,20.5,0.0
Age,65-74,20,69,sentiment,"Right now, how do you generally feel about AI in web development (vibe coding, agentic development, etc.)?",2.45,45.0,20.0,0.0,-25.0
Location,All respondents,431,19,agreement,I consider myself to be a contributor to the WordPress open source project.,3.04,37.1,42.0,17.6,4.9
Location,Non-US,246,19,agreement,I consider myself to be a contributor to the WordPress open source project.,3.17,33.3,47.6,19.1,14.2
Location,US,174,19,agreement,I consider myself to be a contributor to the WordPress open source project.,2.91,40.8,35.6,16.1,-5.2
Location,All respondents,431,22,agreement,I consider myself to be a member of the WordPress community.,3.88,12.3,71.5,32.9,59.2
Location,Non-US,246,22,agreement,I consider myself to be a member of the WordPress community.,3.94,12.6,72.4,37.8,59.8
Location,US,174,22,agreement,I consider myself to be a member of the WordPress community.,3.89,9.8,73.6,27.6,63.8
Location,All respondents,431,28,sentiment,"Right now, how do you feel overall about the WordPress open source project?",2.87,38.1,32.7,4.6,-5.3
Location,Non-US,246,28,sentiment,"Right now, how do you feel overall about the WordPress open source project?",2.99,32.9,36.6,5.3,3.7
Location,US,174,28,sentiment,"Right now, how do you feel overall about the WordPress open source project?",2.72,44.8,28.7,4.0,-16.1
Location,All respondents,431,31,sentiment,How do you feel about the future of the WordPress open source project?,2.8,39.0,24.4,5.1,-14.6
Location,Non-US,246,31,sentiment,How do you feel about the future of the WordPress open source project?,2.87,36.2,26.4,5.7,-9.8
Location,US,174,31,sentiment,How do you feel about the future of the WordPress open source project?,2.72,42.0,23.0,4.6,-19.0
Location,All respondents,431,34,importance,WordPress open source software,4.58,1.4,94.0,65.4,92.6
Location,Non-US,246,34,importance,WordPress open source software,4.61,0.4,95.5,65.4,95.1
Location,US,174,34,importance,WordPress open source software,4.57,2.3,93.7,66.1,91.4
Location,All respondents,431,34,importance,The WordPress community,4.13,7.0,80.3,41.8,73.3
Location,Non-US,246,34,importance,The WordPress community,4.23,5.7,82.5,47.6,76.8
Location,US,174,34,importance,The WordPress community,4.05,6.9,79.3,35.6,72.4
Location,All respondents,431,34,importance,WordPress events and meetups,3.26,26.7,50.1,19.5,23.4
Location,Non-US,246,34,importance,WordPress events and meetups,3.4,23.2,55.7,22.0,32.5
Location,US,174,34,importance,WordPress events and meetups,3.13,29.3,44.3,16.7,14.9
Location,All respondents,431,34,importance,Contributing to WordPress,3.31,18.8,45.7,13.9,26.9
Location,Non-US,246,34,importance,Contributing to WordPress,3.46,15.9,50.8,17.9,35.0
Location,US,174,34,importance,Contributing to WordPress,3.17,20.7,40.8,9.2,20.1
Location,All respondents,431,34,importance,Open source values,4.48,2.6,90.7,61.9,88.2
Location,Non-US,246,34,importance,Open source values,4.57,2.0,93.1,67.5,91.1
Location,US,174,34,importance,Open source values,4.4,2.3,88.5,55.2,86.2
Location,All respondents,431,34,importance,AI in WordPress,2.47,52.7,29.0,12.8,-23.7
Location,Non-US,246,34,importance,AI in WordPress,2.5,52.4,30.1,13.0,-22.4
Location,US,174,34,importance,AI in WordPress,2.49,51.7,28.7,13.2,-23.0
Location,All respondents,431,34,importance,Security in WordPress,4.68,1.4,95.1,75.6,93.7
Location,Non-US,246,34,importance,Security in WordPress,4.73,0.4,98.0,75.2,97.6
Location,US,174,34,importance,Security in WordPress,4.66,1.7,92.5,76.4,90.8
Location,All respondents,431,34,importance,Web standards and compliance,4.57,1.6,93.7,65.9,92.1
Location,Non-US,246,34,importance,Web standards and compliance,4.61,0.4,93.9,67.5,93.5
Location,US,174,34,importance,Web standards and compliance,4.56,2.3,95.4,64.9,93.1
Location,All respondents,431,34,importance,WordPress leadership,4.04,8.1,73.8,43.4,65.7
Location,Non-US,246,34,importance,WordPress leadership,4.03,7.7,72.8,42.3,65.0
Location,US,174,34,importance,WordPress leadership,4.09,8.0,76.4,46.0,68.4
Location,All respondents,431,34,importance,WordPress governance,4.17,5.8,76.6,50.8,70.8
Location,Non-US,246,34,importance,WordPress governance,4.21,5.3,76.8,53.3,71.5
Location,US,174,34,importance,WordPress governance,4.15,5.7,77.0,48.3,71.3
Location,All respondents,431,34,importance,"Business issues (mergers & acquisitions, product ecosystem, private equity investment, etc.)",3.14,25.5,41.5,12.5,16.0
Location,Non-US,246,34,importance,"Business issues (mergers & acquisitions, product ecosystem, private equity investment, etc.)",3.03,27.2,38.6,7.3,11.4
Location,US,174,34,importance,"Business issues (mergers & acquisitions, product ecosystem, private equity investment, etc.)",3.3,23.0,46.0,20.1,23.0
Location,All respondents,431,34,importance,Enterprise/scale issues,3.13,24.8,40.1,11.1,15.3
Location,Non-US,246,34,importance,Enterprise/scale issues,3.06,24.4,36.6,7.3,12.2
Location,US,174,34,importance,Enterprise/scale issues,3.27,24.1,47.1,17.2,23.0
Location,All respondents,431,34,importance,Collaboration with the greater open source ecosystem,3.82,8.8,67.7,26.0,58.9
Location,Non-US,246,34,importance,Collaboration with the greater open source ecosystem,3.86,8.5,69.9,26.0,61.4
Location,US,174,34,importance,Collaboration with the greater open source ecosystem,3.8,8.0,66.7,26.4,58.6
Location,All respondents,431,38,importance,Personal capacity,4.22,3.7,82.8,44.5,79.1
Location,Non-US,246,38,importance,Personal capacity,4.2,4.1,81.7,43.9,77.6
Location,US,174,38,importance,Personal capacity,4.28,2.9,85.6,46.0,82.8
Location,All respondents,431,38,importance,Financial incentives/restraints,3.05,27.4,33.6,11.8,6.3
Location,Non-US,246,38,importance,Financial incentives/restraints,3.02,29.3,33.7,11.8,4.5
Location,US,174,38,importance,Financial incentives/restraints,3.1,24.7,34.5,11.5,9.8
Location,All respondents,431,38,importance,Impact of my contributions to the project,3.4,14.4,47.8,12.8,33.4
Location,Non-US,246,38,importance,Impact of my contributions to the project,3.48,13.8,51.6,14.2,37.8
Location,US,174,38,importance,Impact of my contributions to the project,3.33,14.9,43.7,11.5,28.7
Location,All respondents,431,38,importance,Impact of my participation on my professional or personal life,3.6,9.5,58.5,15.3,49.0
Location,Non-US,246,38,importance,Impact of my participation on my professional or personal life,3.59,9.3,56.1,16.3,46.7
Location,US,174,38,importance,Impact of my participation on my professional or personal life,3.64,9.2,62.1,14.4,52.9
Location,All respondents,431,38,importance,Understanding how to participate,3.59,10.7,59.6,16.2,49.0
Location,Non-US,246,38,importance,Understanding how to participate,3.67,7.3,62.2,16.7,54.9
Location,US,174,38,importance,Understanding how to participate,3.51,14.4,58.0,15.5,43.7
Location,All respondents,431,38,importance,Mentorship or guidance,3.08,23.9,33.4,7.4,9.5
Location,Non-US,246,38,importance,Mentorship or guidance,3.17,19.9,36.2,8.5,16.3
Location,US,174,38,importance,Mentorship or guidance,2.98,28.7,30.5,6.3,1.7
Location,All respondents,431,38,importance,Project roadmap,3.43,17.2,51.7,14.2,34.6
Location,Non-US,246,38,importance,Project roadmap,3.41,17.1,50.0,14.2,32.9
Location,US,174,38,importance,Project roadmap,3.45,17.2,53.4,14.4,36.2
Location,All respondents,431,38,importance,Project leadership,3.83,12.5,67.3,32.7,54.8
Location,Non-US,246,38,importance,Project leadership,3.76,12.2,63.4,28.5,51.2
Location,US,174,38,importance,Project leadership,3.94,12.6,73.0,39.1,60.3
Location,All respondents,431,38,importance,Project governance/policies,3.85,10.4,66.4,32.7,55.9
Location,Non-US,246,38,importance,Project governance/policies,3.81,11.0,65.9,29.3,54.9
Location,US,174,38,importance,Project governance/policies,3.92,9.2,67.2,37.4,58.0
Location,All respondents,431,38,importance,"Advocacy on behalf of web standards (accessibility, privacy, etc.)",3.99,7.7,75.6,33.6,68.0
Location,Non-US,246,38,importance,"Advocacy on behalf of web standards (accessibility, privacy, etc.)",3.97,6.9,72.8,32.1,65.9
Location,US,174,38,importance,"Advocacy on behalf of web standards (accessibility, privacy, etc.)",4.04,8.0,79.9,35.1,71.8
Location,All respondents,431,38,importance,Participation in the WordPress community,3.52,10.0,53.4,15.3,43.4
Location,Non-US,246,38,importance,Participation in the WordPress community,3.65,6.5,55.7,19.1,49.2
Location,US,174,38,importance,Participation in the WordPress community,3.39,13.8,51.7,10.3,37.9
Location,All respondents,431,38,importance,Feeling welcome/included,4.06,5.8,76.3,39.2,70.5
Location,Non-US,246,38,importance,Feeling welcome/included,4.16,3.3,78.9,41.9,75.6
Location,US,174,38,importance,Feeling welcome/included,3.97,8.0,74.7,35.6,66.7
Location,All respondents,431,38,importance,Participating in a language other than English,2.46,45.2,19.7,6.3,-25.5
Location,Non-US,246,38,importance,Participating in a language other than English,2.72,37.8,28.9,10.2,-8.9
Location,US,174,38,importance,Participating in a language other than English,2.11,56.3,7.5,1.1,-48.9
Location,All respondents,431,38,importance,Working asynchronously,3.61,11.6,55.5,24.1,43.9
Location,Non-US,246,38,importance,Working asynchronously,3.7,8.9,58.1,26.0,49.2
Location,US,174,38,importance,Working asynchronously,3.5,14.4,52.9,20.7,38.5
Location,All respondents,431,50,agreement,Attending in-person WordPress-related events is important to me.,3.13,35.3,46.6,21.3,11.4
Location,Non-US,246,50,agreement,Attending in-person WordPress-related events is important to me.,3.28,31.7,51.6,27.2,19.9
Location,US,174,50,agreement,Attending in-person WordPress-related events is important to me.,2.98,37.9,42.0,13.8,4.0
Location,All respondents,431,57,importance,A location local to you,3.73,13.9,65.9,27.8,52.0
Location,Non-US,246,57,importance,A location local to you,3.78,13.4,67.1,29.3,53.7
Location,US,174,57,importance,A location local to you,3.66,14.9,64.4,25.9,49.4
Location,All respondents,431,57,importance,A regional/destination location,3.42,16.7,54.3,13.9,37.6
Location,Non-US,246,57,importance,A regional/destination location,3.59,12.2,60.6,17.5,48.4
Location,US,174,57,importance,A regional/destination location,3.22,21.8,47.7,9.8,25.9
Location,All respondents,431,57,importance,Events with smaller attendance,2.91,24.8,25.1,3.9,0.2
Location,Non-US,246,57,importance,Events with smaller attendance,2.96,24.4,28.9,4.5,4.5
Location,US,174,57,importance,Events with smaller attendance,2.84,25.9,20.1,2.9,-5.7
Location,All respondents,431,57,importance,Events with larger attendance,2.72,31.6,16.9,2.8,-14.6
Location,Non-US,246,57,importance,Events with larger attendance,2.68,33.7,15.4,2.8,-18.3
Location,US,174,57,importance,Events with larger attendance,2.79,28.7,20.1,2.9,-8.6
Location,All respondents,431,57,importance,"Hard skill development (technical instruction, workshops, etc.)",3.37,18.1,52.9,11.8,34.8
Location,Non-US,246,57,importance,"Hard skill development (technical instruction, workshops, etc.)",3.36,17.9,52.4,11.8,34.6
Location,US,174,57,importance,"Hard skill development (technical instruction, workshops, etc.)",3.41,18.4,55.2,12.6,36.8
Location,All respondents,431,57,importance,"Soft skill development (business development, personal development, etc.)",3.08,24.8,38.5,6.7,13.7
Location,Non-US,246,57,importance,"Soft skill development (business development, personal development, etc.)",3.07,25.2,39.0,6.1,13.8
Location,US,174,57,importance,"Soft skill development (business development, personal development, etc.)",3.13,23.6,39.1,8.0,15.5
Location,All respondents,431,57,importance,Topics of sessions / panels,3.69,11.1,67.3,18.6,56.1
Location,Non-US,246,57,importance,Topics of sessions / panels,3.65,11.8,65.9,16.3,54.1
Location,US,174,57,importance,Topics of sessions / panels,3.76,9.8,70.1,21.8,60.3
Location,All respondents,431,57,importance,Particular speakers / keynotes,3.14,21.8,38.7,7.7,16.9
Location,Non-US,246,57,importance,Particular speakers / keynotes,3.16,22.0,41.5,7.3,19.5
Location,US,174,57,importance,Particular speakers / keynotes,3.13,21.3,36.2,8.0,14.9
Location,All respondents,431,57,importance,Meeting professional development requirements,2.83,32.0,28.8,7.0,-3.2
Location,Non-US,246,57,importance,Meeting professional development requirements,2.98,27.2,35.8,9.3,8.5
Location,US,174,57,importance,Meeting professional development requirements,2.61,38.5,19.5,3.4,-19.0
Location,All respondents,431,57,importance,Networking opportunities,3.65,14.2,60.6,25.1,46.4
Location,Non-US,246,57,importance,Networking opportunities,3.73,13.4,63.8,28.9,50.4
Location,US,174,57,importance,Networking opportunities,3.6,13.2,58.0,20.7,44.8
Location,All respondents,431,57,importance,Community development/engagement,3.61,11.8,61.5,18.3,49.7
Location,Non-US,246,57,importance,Community development/engagement,3.7,9.8,64.6,20.3,54.9
Location,US,174,57,importance,Community development/engagement,3.57,12.6,59.2,16.7,46.6
Location,All respondents,431,57,importance,Cost of ticket,3.44,19.5,54.5,17.6,35.0
Location,Non-US,246,57,importance,Cost of ticket,3.51,17.9,57.3,19.1,39.4
Location,US,174,57,importance,Cost of ticket,3.36,20.7,51.1,15.5,30.5
Location,All respondents,431,57,importance,"Cost of attendance (travel, housing, etc.)",3.9,11.4,72.4,34.3,61.0
Location,Non-US,246,57,importance,"Cost of attendance (travel, housing, etc.)",3.98,8.9,74.8,36.6,65.9
Location,US,174,57,importance,"Cost of attendance (travel, housing, etc.)",3.82,14.4,69.5,31.6,55.2
Location,All respondents,431,59,sentiment,"Right now, how do you generally feel about open source software?",4.16,3.9,81.7,39.4,77.7
Location,Non-US,246,59,sentiment,"Right now, how do you generally feel about open source software?",4.27,2.8,84.6,45.9,81.7
Location,US,174,59,sentiment,"Right now, how do you generally feel about open source software?",4.03,5.7,78.2,31.6,72.4
Location,All respondents,431,62,importance,Open source software,4.59,1.2,93.5,68.0,92.3
Location,Non-US,246,62,importance,Open source software,4.65,0.8,95.1,72.0,94.3
Location,US,174,62,importance,Open source software,4.53,1.1,91.4,63.2,90.2
Location,All respondents,431,62,importance,Open source values (whatever that means to you)required,4.51,3.2,91.9,64.3,88.6
Location,Non-US,246,62,importance,Open source values (whatever that means to you)required,4.59,2.4,94.3,68.7,91.9
Location,US,174,62,importance,Open source values (whatever that means to you)required,4.42,4.0,89.1,58.6,85.1
Location,All respondents,431,62,importance,The sustainability of open source projects,4.58,1.2,93.3,66.6,92.1
Location,Non-US,246,62,importance,The sustainability of open source projects,4.6,1.2,93.1,68.7,91.9
Location,US,174,62,importance,The sustainability of open source projects,4.55,0.6,93.7,62.6,93.1
Location,All respondents,431,62,importance,Open source in WordPress,4.51,2.8,92.1,63.1,89.3
Location,Non-US,246,62,importance,Open source in WordPress,4.56,2.0,92.3,66.7,90.2
Location,US,174,62,importance,Open source in WordPress,4.45,2.9,92.5,58.0,89.7
Location,All respondents,431,62,importance,Open source in AI,3.24,29.2,50.1,27.4,20.9
Location,Non-US,246,62,importance,Open source in AI,3.38,26.0,53.3,30.5,27.2
Location,US,174,62,importance,Open source in AI,3.1,32.8,48.3,24.1,15.5
Location,All respondents,431,67,sentiment,"Right now, how do you generally feel about AI in the tech industry?",2.6,46.2,31.1,10.0,-15.1
Location,Non-US,246,67,sentiment,"Right now, how do you generally feel about AI in the tech industry?",2.66,44.7,32.5,9.8,-12.2
Location,US,174,67,sentiment,"Right now, how do you generally feel about AI in the tech industry?",2.59,46.6,31.0,10.9,-15.5
Location,All respondents,431,68,sentiment,"Right now, how do you generally feel about AI in WordPress?",2.35,49.9,16.9,3.9,-32.9
Location,Non-US,246,68,sentiment,"Right now, how do you generally feel about AI in WordPress?",2.35,49.2,16.3,3.3,-32.9
Location,US,174,68,sentiment,"Right now, how do you generally feel about AI in WordPress?",2.39,49.4,19.0,5.2,-30.5
Location,All respondents,431,69,sentiment,"Right now, how do you generally feel about AI in web development (vibe coding, agentic development, etc.)?",2.7,44.8,34.6,12.5,-10.2
Location,Non-US,246,69,sentiment,"Right now, how do you generally feel about AI in web development (vibe coding, agentic development, etc.)?",2.7,44.7,34.1,11.8,-10.6
Location,US,174,69,sentiment,"Right now, how do you generally feel about AI in web development (vibe coding, agentic development, etc.)?",2.75,43.7,36.8,14.4,-6.9
Work role,All respondents,431,19,agreement,I consider myself to be a contributor to the WordPress open source project.,3.04,37.1,42.0,17.6,4.9
Work role,Employee only,150,19,agreement,I consider myself to be a contributor to the WordPress open source project.,2.87,44.0,38.7,16.0,-5.3
Work role,Owner/Exec,120,19,agreement,I consider myself to be a contributor to the WordPress open source project.,3.3,27.5,48.3,21.7,20.8
Work role,Freelancer only,79,19,agreement,I consider myself to be a contributor to the WordPress open source project.,3.06,38.0,43.0,13.9,5.1
Work role,Employee+Freelance,40,19,agreement,I consider myself to be a contributor to the WordPress open source project.,3.02,35.0,40.0,17.5,5.0
Work role,Other/Non-working,22,19,agreement,I consider myself to be a contributor to the WordPress open source project.,2.59,50.0,27.3,13.6,-22.7
Work role,Employee+Owner,20,19,agreement,I consider myself to be a contributor to the WordPress open source project.,3.25,30.0,45.0,25.0,15.0
Work role,All respondents,431,22,agreement,I consider myself to be a member of the WordPress community.,3.88,12.3,71.5,32.9,59.2
Work role,Employee only,150,22,agreement,I consider myself to be a member of the WordPress community.,3.71,17.3,64.0,28.0,46.7
Work role,Owner/Exec,120,22,agreement,I consider myself to be a member of the WordPress community.,4.12,7.5,78.3,43.3,70.8
Work role,Freelancer only,79,22,agreement,I consider myself to be a member of the WordPress community.,3.91,8.9,73.4,30.4,64.6
Work role,Employee+Freelance,40,22,agreement,I consider myself to be a member of the WordPress community.,4.03,10.0,80.0,37.5,70.0
Work role,Other/Non-working,22,22,agreement,I consider myself to be a member of the WordPress community.,3.32,27.3,54.5,18.2,27.3
Work role,Employee+Owner,20,22,agreement,I consider myself to be a member of the WordPress community.,3.95,5.0,80.0,25.0,75.0
Work role,All respondents,431,28,sentiment,"Right now, how do you feel overall about the WordPress open source project?",2.87,38.1,32.7,4.6,-5.3
Work role,Employee only,150,28,sentiment,"Right now, how do you feel overall about the WordPress open source project?",2.85,38.0,32.0,4.0,-6.0
Work role,Owner/Exec,120,28,sentiment,"Right now, how do you feel overall about the WordPress open source project?",2.88,40.0,36.7,3.3,-3.3
Work role,Freelancer only,79,28,sentiment,"Right now, how do you feel overall about the WordPress open source project?",2.84,38.0,26.6,7.6,-11.4
Work role,Employee+Freelance,40,28,sentiment,"Right now, how do you feel overall about the WordPress open source project?",3.0,32.5,35.0,2.5,2.5
Work role,Other/Non-working,22,28,sentiment,"Right now, how do you feel overall about the WordPress open source project?",2.68,45.5,22.7,9.1,-22.7
Work role,Employee+Owner,20,28,sentiment,"Right now, how do you feel overall about the WordPress open source project?",3.05,30.0,45.0,5.0,15.0
Work role,All respondents,431,31,sentiment,How do you feel about the future of the WordPress open source project?,2.8,39.0,24.4,5.1,-14.6
Work role,Employee only,150,31,sentiment,How do you feel about the future of the WordPress open source project?,2.79,40.7,28.0,4.7,-12.7
Work role,Owner/Exec,120,31,sentiment,How do you feel about the future of the WordPress open source project?,2.82,39.2,24.2,5.8,-15.0
Work role,Freelancer only,79,31,sentiment,How do you feel about the future of the WordPress open source project?,2.75,36.7,19.0,5.1,-17.7
Work role,Employee+Freelance,40,31,sentiment,How do you feel about the future of the WordPress open source project?,2.98,30.0,27.5,5.0,-2.5
Work role,Other/Non-working,22,31,sentiment,How do you feel about the future of the WordPress open source project?,2.41,54.5,13.6,4.5,-40.9
Work role,Employee+Owner,20,31,sentiment,How do you feel about the future of the WordPress open source project?,2.95,35.0,25.0,5.0,-10.0
Work role,All respondents,431,34,importance,WordPress open source software,4.58,1.4,94.0,65.4,92.6
Work role,Employee only,150,34,importance,WordPress open source software,4.63,1.3,94.7,70.0,93.3
Work role,Owner/Exec,120,34,importance,WordPress open source software,4.59,0.0,93.3,65.8,93.3
Work role,Freelancer only,79,34,importance,WordPress open source software,4.59,2.5,96.2,65.8,93.7
Work role,Employee+Freelance,40,34,importance,WordPress open source software,4.55,0.0,95.0,60.0,95.0
Work role,Other/Non-working,22,34,importance,WordPress open source software,4.05,9.1,77.3,40.9,68.2
Work role,Employee+Owner,20,34,importance,WordPress open source software,4.65,0.0,100.0,65.0,100.0
Work role,All respondents,431,34,importance,The WordPress community,4.13,7.0,80.3,41.8,73.3
Work role,Employee only,150,34,importance,The WordPress community,4.11,8.0,81.3,40.0,73.3
Work role,Owner/Exec,120,34,importance,The WordPress community,4.14,5.8,78.3,44.2,72.5
Work role,Freelancer only,79,34,importance,The WordPress community,4.25,6.3,84.8,46.8,78.5
Work role,Employee+Freelance,40,34,importance,The WordPress community,4.12,5.0,80.0,37.5,75.0
Work role,Other/Non-working,22,34,importance,The WordPress community,3.86,9.1,72.7,31.8,63.6
Work role,Employee+Owner,20,34,importance,The WordPress community,4.0,10.0,75.0,40.0,65.0
Work role,All respondents,431,34,importance,WordPress events and meetups,3.26,26.7,50.1,19.5,23.4
Work role,Employee only,150,34,importance,WordPress events and meetups,3.23,26.7,48.0,19.3,21.3
Work role,Owner/Exec,120,34,importance,WordPress events and meetups,3.34,27.5,53.3,24.2,25.8
Work role,Freelancer only,79,34,importance,WordPress events and meetups,3.18,30.4,50.6,17.7,20.3
Work role,Employee+Freelance,40,34,importance,WordPress events and meetups,3.45,22.5,60.0,17.5,37.5
Work role,Other/Non-working,22,34,importance,WordPress events and meetups,2.86,22.7,27.3,0.0,4.5
Work role,Employee+Owner,20,34,importance,WordPress events and meetups,3.35,20.0,50.0,25.0,30.0
Work role,All respondents,431,34,importance,Contributing to WordPress,3.31,18.8,45.7,13.9,26.9
Work role,Employee only,150,34,importance,Contributing to WordPress,3.29,19.3,46.0,14.7,26.7
Work role,Owner/Exec,120,34,importance,Contributing to WordPress,3.38,16.7,49.2,15.8,32.5
Work role,Freelancer only,79,34,importance,Contributing to WordPress,3.37,19.0,50.6,11.4,31.6
Work role,Employee+Freelance,40,34,importance,Contributing to WordPress,3.45,10.0,40.0,20.0,30.0
Work role,Other/Non-working,22,34,importance,Contributing to WordPress,2.73,36.4,31.8,4.5,-4.5
Work role,Employee+Owner,20,34,importance,Contributing to WordPress,3.05,25.0,30.0,5.0,5.0
Work role,All respondents,431,34,importance,Open source values,4.48,2.6,90.7,61.9,88.2
Work role,Employee only,150,34,importance,Open source values,4.55,1.3,95.3,62.0,94.0
Work role,Owner/Exec,120,34,importance,Open source values,4.36,5.8,86.7,59.2,80.8
Work role,Freelancer only,79,34,importance,Open source values,4.62,0.0,92.4,69.6,92.4
Work role,Employee+Freelance,40,34,importance,Open source values,4.55,0.0,92.5,62.5,92.5
Work role,Other/Non-working,22,34,importance,Open source values,4.18,9.1,77.3,59.1,68.2
Work role,Employee+Owner,20,34,importance,Open source values,4.35,0.0,85.0,50.0,85.0
Work role,All respondents,431,34,importance,AI in WordPress,2.47,52.7,29.0,12.8,-23.7
Work role,Employee only,150,34,importance,AI in WordPress,2.3,60.0,27.3,11.3,-32.7
Work role,Owner/Exec,120,34,importance,AI in WordPress,2.86,39.2,40.0,17.5,0.8
Work role,Freelancer only,79,34,importance,AI in WordPress,2.37,50.6,22.8,8.9,-27.8
Work role,Employee+Freelance,40,34,importance,AI in WordPress,2.45,62.5,25.0,12.5,-37.5
Work role,Other/Non-working,22,34,importance,AI in WordPress,2.09,63.6,18.2,13.6,-45.5
Work role,Employee+Owner,20,34,importance,AI in WordPress,2.3,55.0,20.0,10.0,-35.0
Work role,All respondents,431,34,importance,Security in WordPress,4.68,1.4,95.1,75.6,93.7
Work role,Employee only,150,34,importance,Security in WordPress,4.72,1.3,96.7,78.0,95.3
Work role,Owner/Exec,120,34,importance,Security in WordPress,4.68,1.7,94.2,76.7,92.5
Work role,Freelancer only,79,34,importance,Security in WordPress,4.7,0.0,94.9,74.7,94.9
Work role,Employee+Freelance,40,34,importance,Security in WordPress,4.72,0.0,100.0,72.5,100.0
Work role,Other/Non-working,22,34,importance,Security in WordPress,4.32,9.1,86.4,59.1,77.3
Work role,Employee+Owner,20,34,importance,Security in WordPress,4.7,0.0,90.0,80.0,90.0
Work role,All respondents,431,34,importance,Web standards and compliance,4.57,1.6,93.7,65.9,92.1
Work role,Employee only,150,34,importance,Web standards and compliance,4.64,1.3,95.3,71.3,94.0
Work role,Owner/Exec,120,34,importance,Web standards and compliance,4.52,3.3,92.5,64.2,89.2
Work role,Freelancer only,79,34,importance,Web standards and compliance,4.57,0.0,92.4,64.6,92.4
Work role,Employee+Freelance,40,34,importance,Web standards and compliance,4.58,0.0,97.5,60.0,97.5
Work role,Other/Non-working,22,34,importance,Web standards and compliance,4.27,4.5,86.4,50.0,81.8
Work role,Employee+Owner,20,34,importance,Web standards and compliance,4.65,0.0,95.0,70.0,95.0
Work role,All respondents,431,34,importance,WordPress leadership,4.04,8.1,73.8,43.4,65.7
Work role,Employee only,150,34,importance,WordPress leadership,4.0,8.7,73.3,40.7,64.7
Work role,Owner/Exec,120,34,importance,WordPress leadership,4.16,4.2,75.8,45.8,71.7
Work role,Freelancer only,79,34,importance,WordPress leadership,4.11,10.1,77.2,50.6,67.1
Work role,Employee+Freelance,40,34,importance,WordPress leadership,4.25,2.5,80.0,50.0,77.5
Work role,Other/Non-working,22,34,importance,WordPress leadership,3.5,13.6,54.5,22.7,40.9
Work role,Employee+Owner,20,34,importance,WordPress leadership,3.5,25.0,60.0,30.0,35.0
Work role,All respondents,431,34,importance,WordPress governance,4.17,5.8,76.6,50.8,70.8
Work role,Employee only,150,34,importance,WordPress governance,4.1,6.7,73.3,48.0,66.7
Work role,Owner/Exec,120,34,importance,WordPress governance,4.23,2.5,76.7,50.8,74.2
Work role,Freelancer only,79,34,importance,WordPress governance,4.33,6.3,83.5,60.8,77.2
Work role,Employee+Freelance,40,34,importance,WordPress governance,4.3,5.0,87.5,52.5,82.5
Work role,Other/Non-working,22,34,importance,WordPress governance,3.59,13.6,59.1,27.3,45.5
Work role,Employee+Owner,20,34,importance,WordPress governance,4.05,10.0,70.0,55.0,60.0
Work role,All respondents,431,34,importance,"Business issues (mergers & acquisitions, product ecosystem, private equity investment, etc.)",3.14,25.5,41.5,12.5,16.0
Work role,Employee only,150,34,importance,"Business issues (mergers & acquisitions, product ecosystem, private equity investment, etc.)",3.05,32.0,39.3,14.0,7.3
Work role,Owner/Exec,120,34,importance,"Business issues (mergers & acquisitions, product ecosystem, private equity investment, etc.)",3.31,18.3,46.7,12.5,28.3
Work role,Freelancer only,79,34,importance,"Business issues (mergers & acquisitions, product ecosystem, private equity investment, etc.)",3.04,29.1,41.8,11.4,12.7
Work role,Employee+Freelance,40,34,importance,"Business issues (mergers & acquisitions, product ecosystem, private equity investment, etc.)",3.3,17.5,42.5,15.0,25.0
Work role,Other/Non-working,22,34,importance,"Business issues (mergers & acquisitions, product ecosystem, private equity investment, etc.)",2.64,31.8,18.2,0.0,-13.6
Work role,Employee+Owner,20,34,importance,"Business issues (mergers & acquisitions, product ecosystem, private equity investment, etc.)",3.4,15.0,50.0,15.0,35.0
Work role,All respondents,431,34,importance,Enterprise/scale issues,3.13,24.8,40.1,11.1,15.3
Work role,Employee only,150,34,importance,Enterprise/scale issues,3.17,26.7,45.3,14.0,18.7
Work role,Owner/Exec,120,34,importance,Enterprise/scale issues,3.17,19.2,32.5,13.3,13.3
Work role,Freelancer only,79,34,importance,Enterprise/scale issues,2.87,31.6,30.4,5.1,-1.3
Work role,Employee+Freelance,40,34,importance,Enterprise/scale issues,3.45,17.5,60.0,10.0,42.5
Work role,Other/Non-working,22,34,importance,Enterprise/scale issues,2.55,40.9,18.2,4.5,-22.7
Work role,Employee+Owner,20,34,importance,Enterprise/scale issues,3.55,15.0,70.0,10.0,55.0
Work role,All respondents,431,34,importance,Collaboration with the greater open source ecosystem,3.82,8.8,67.7,26.0,58.9
Work role,Employee only,150,34,importance,Collaboration with the greater open source ecosystem,3.86,6.7,69.3,25.3,62.7
Work role,Owner/Exec,120,34,importance,Collaboration with the greater open source ecosystem,3.7,13.3,64.2,23.3,50.8
Work role,Freelancer only,79,34,importance,Collaboration with the greater open source ecosystem,3.85,7.6,67.1,27.8,59.5
Work role,Employee+Freelance,40,34,importance,Collaboration with the greater open source ecosystem,4.0,7.5,72.5,37.5,65.0
Work role,Other/Non-working,22,34,importance,Collaboration with the greater open source ecosystem,3.55,9.1,54.5,18.2,45.5
Work role,Employee+Owner,20,34,importance,Collaboration with the greater open source ecosystem,4.0,5.0,85.0,25.0,80.0
Work role,All respondents,431,38,importance,Personal capacity,4.22,3.7,82.8,44.5,79.1
Work role,Employee only,150,38,importance,Personal capacity,4.37,2.0,89.3,51.3,87.3
Work role,Owner/Exec,120,38,importance,Personal capacity,4.22,3.3,82.5,43.3,79.2
Work role,Freelancer only,79,38,importance,Personal capacity,4.09,7.6,77.2,41.8,69.6
Work role,Employee+Freelance,40,38,importance,Personal capacity,4.18,2.5,85.0,35.0,82.5
Work role,Other/Non-working,22,38,importance,Personal capacity,3.55,9.1,50.0,22.7,40.9
Work role,Employee+Owner,20,38,importance,Personal capacity,4.45,0.0,90.0,55.0,90.0
Work role,All respondents,431,38,importance,Financial incentives/restraints,3.05,27.4,33.6,11.8,6.3
Work role,Employee only,150,38,importance,Financial incentives/restraints,2.73,39.3,23.3,10.7,-16.0
Work role,Owner/Exec,120,38,importance,Financial incentives/restraints,3.29,22.5,41.7,16.7,19.2
Work role,Freelancer only,79,38,importance,Financial incentives/restraints,3.28,16.5,40.5,11.4,24.1
Work role,Employee+Freelance,40,38,importance,Financial incentives/restraints,3.1,25.0,40.0,5.0,15.0
Work role,Other/Non-working,22,38,importance,Financial incentives/restraints,2.95,18.2,18.2,9.1,0.0
Work role,Employee+Owner,20,38,importance,Financial incentives/restraints,3.1,25.0,40.0,10.0,15.0
Work role,All respondents,431,38,importance,Impact of my contributions to the project,3.4,14.4,47.8,12.8,33.4
Work role,Employee only,150,38,importance,Impact of my contributions to the project,3.45,14.0,50.7,12.7,36.7
Work role,Owner/Exec,120,38,importance,Impact of my contributions to the project,3.48,14.2,51.7,14.2,37.5
Work role,Freelancer only,79,38,importance,Impact of my contributions to the project,3.41,13.9,46.8,13.9,32.9
Work role,Employee+Freelance,40,38,importance,Impact of my contributions to the project,3.25,15.0,37.5,12.5,22.5
Work role,Other/Non-working,22,38,importance,Impact of my contributions to the project,3.09,18.2,31.8,4.5,13.6
Work role,Employee+Owner,20,38,importance,Impact of my contributions to the project,3.3,15.0,45.0,10.0,30.0
Work role,All respondents,431,38,importance,Impact of my participation on my professional or personal life,3.6,9.5,58.5,15.3,49.0
Work role,Employee only,150,38,importance,Impact of my participation on my professional or personal life,3.67,8.0,61.3,16.0,53.3
Work role,Owner/Exec,120,38,importance,Impact of my participation on my professional or personal life,3.68,9.2,62.5,16.7,53.3
Work role,Freelancer only,79,38,importance,Impact of my participation on my professional or personal life,3.56,10.1,54.4,16.5,44.3
Work role,Employee+Freelance,40,38,importance,Impact of my participation on my professional or personal life,3.45,12.5,57.5,7.5,45.0
Work role,Other/Non-working,22,38,importance,Impact of my participation on my professional or personal life,3.14,18.2,31.8,13.6,13.6
Work role,Employee+Owner,20,38,importance,Impact of my participation on my professional or personal life,3.65,5.0,60.0,15.0,55.0
Work role,All respondents,431,38,importance,Understanding how to participate,3.59,10.7,59.6,16.2,49.0
Work role,Employee only,150,38,importance,Understanding how to participate,3.73,10.7,68.0,20.0,57.3
Work role,Owner/Exec,120,38,importance,Understanding how to participate,3.43,15.0,53.3,14.2,38.3
Work role,Freelancer only,79,38,importance,Understanding how to participate,3.67,5.1,60.8,15.2,55.7
Work role,Employee+Freelance,40,38,importance,Understanding how to participate,3.58,5.0,52.5,12.5,47.5
Work role,Other/Non-working,22,38,importance,Understanding how to participate,3.32,13.6,45.5,13.6,31.8
Work role,Employee+Owner,20,38,importance,Understanding how to participate,3.55,15.0,60.0,15.0,45.0
Work role,All respondents,431,38,importance,Mentorship or guidance,3.08,23.9,33.4,7.4,9.5
Work role,Employee only,150,38,importance,Mentorship or guidance,3.14,22.7,36.0,7.3,13.3
Work role,Owner/Exec,120,38,importance,Mentorship or guidance,2.98,27.5,29.2,8.3,1.7
Work role,Freelancer only,79,38,importance,Mentorship or guidance,3.22,19.0,40.5,7.6,21.5
Work role,Employee+Freelance,40,38,importance,Mentorship or guidance,3.02,25.0,30.0,2.5,5.0
Work role,Other/Non-working,22,38,importance,Mentorship or guidance,3.09,18.2,31.8,13.6,13.6
Work role,Employee+Owner,20,38,importance,Mentorship or guidance,2.75,35.0,20.0,5.0,-15.0
Work role,All respondents,431,38,importance,Project roadmap,3.43,17.2,51.7,14.2,34.6
Work role,Employee only,150,38,importance,Project roadmap,3.56,12.7,58.0,13.3,45.3
Work role,Owner/Exec,120,38,importance,Project roadmap,3.43,17.5,50.8,17.5,33.3
Work role,Freelancer only,79,38,importance,Project roadmap,3.41,20.3,53.2,15.2,32.9
Work role,Employee+Freelance,40,38,importance,Project roadmap,3.35,22.5,47.5,12.5,25.0
Work role,Other/Non-working,22,38,importance,Project roadmap,3.0,18.2,27.3,9.1,9.1
Work role,Employee+Owner,20,38,importance,Project roadmap,3.1,25.0,40.0,5.0,15.0
Work role,All respondents,431,38,importance,Project leadership,3.83,12.5,67.3,32.7,54.8
Work role,Employee only,150,38,importance,Project leadership,3.81,14.0,66.0,33.3,52.0
Work role,Owner/Exec,120,38,importance,Project leadership,3.86,10.8,66.7,34.2,55.8
Work role,Freelancer only,79,38,importance,Project leadership,3.89,11.4,69.6,34.2,58.2
Work role,Employee+Freelance,40,38,importance,Project leadership,4.03,7.5,77.5,32.5,70.0
Work role,Other/Non-working,22,38,importance,Project leadership,3.59,13.6,59.1,27.3,45.5
Work role,Employee+Owner,20,38,importance,Project leadership,3.35,25.0,60.0,20.0,35.0
Work role,All respondents,431,38,importance,Project governance/policies,3.85,10.4,66.4,32.7,55.9
Work role,Employee only,150,38,importance,Project governance/policies,3.84,8.7,65.3,30.0,56.7
Work role,Owner/Exec,120,38,importance,Project governance/policies,3.87,12.5,66.7,35.8,54.2
Work role,Freelancer only,79,38,importance,Project governance/policies,3.95,10.1,69.6,38.0,59.5
Work role,Employee+Freelance,40,38,importance,Project governance/policies,3.92,5.0,70.0,30.0,65.0
Work role,Other/Non-working,22,38,importance,Project governance/policies,3.45,13.6,45.5,27.3,31.8
Work role,Employee+Owner,20,38,importance,Project governance/policies,3.7,20.0,75.0,25.0,55.0
Work role,All respondents,431,38,importance,"Advocacy on behalf of web standards (accessibility, privacy, etc.)",3.99,7.7,75.6,33.6,68.0
Work role,Employee only,150,38,importance,"Advocacy on behalf of web standards (accessibility, privacy, etc.)",4.12,6.0,81.3,38.0,75.3
Work role,Owner/Exec,120,38,importance,"Advocacy on behalf of web standards (accessibility, privacy, etc.)",3.79,11.7,69.2,25.8,57.5
Work role,Freelancer only,79,38,importance,"Advocacy on behalf of web standards (accessibility, privacy, etc.)",4.09,6.3,75.9,39.2,69.6
Work role,Employee+Freelance,40,38,importance,"Advocacy on behalf of web standards (accessibility, privacy, etc.)",4.2,0.0,87.5,32.5,87.5
Work role,Other/Non-working,22,38,importance,"Advocacy on behalf of web standards (accessibility, privacy, etc.)",3.64,13.6,50.0,36.4,36.4
Work role,Employee+Owner,20,38,importance,"Advocacy on behalf of web standards (accessibility, privacy, etc.)",3.85,10.0,75.0,25.0,65.0
Work role,All respondents,431,38,importance,Participation in the WordPress community,3.52,10.0,53.4,15.3,43.4
Work role,Employee only,150,38,importance,Participation in the WordPress community,3.51,10.7,52.7,14.0,42.0
Work role,Owner/Exec,120,38,importance,Participation in the WordPress community,3.63,8.3,57.5,20.0,49.2
Work role,Freelancer only,79,38,importance,Participation in the WordPress community,3.61,7.6,55.7,17.7,48.1
Work role,Employee+Freelance,40,38,importance,Participation in the WordPress community,3.32,12.5,42.5,10.0,30.0
Work role,Other/Non-working,22,38,importance,Participation in the WordPress community,3.18,13.6,40.9,4.5,27.3
Work role,Employee+Owner,20,38,importance,Participation in the WordPress community,3.45,15.0,60.0,10.0,45.0
Work role,All respondents,431,38,importance,Feeling welcome/included,4.06,5.8,76.3,39.2,70.5
Work role,Employee only,150,38,importance,Feeling welcome/included,4.11,6.0,76.7,42.0,70.7
Work role,Owner/Exec,120,38,importance,Feeling welcome/included,4.0,7.5,75.8,37.5,68.3
Work role,Freelancer only,79,38,importance,Feeling welcome/included,4.24,1.3,82.3,44.3,81.0
Work role,Employee+Freelance,40,38,importance,Feeling welcome/included,4.15,2.5,80.0,37.5,77.5
Work role,Other/Non-working,22,38,importance,Feeling welcome/included,3.45,13.6,50.0,18.2,36.4
Work role,Employee+Owner,20,38,importance,Feeling welcome/included,3.9,10.0,75.0,35.0,65.0
Work role,All respondents,431,38,importance,Participating in a language other than English,2.46,45.2,19.7,6.3,-25.5
Work role,Employee only,150,38,importance,Participating in a language other than English,2.37,49.3,18.7,4.7,-30.7
Work role,Owner/Exec,120,38,importance,Participating in a language other than English,2.43,46.7,20.0,5.8,-26.7
Work role,Freelancer only,79,38,importance,Participating in a language other than English,2.77,34.2,26.6,11.4,-7.6
Work role,Employee+Freelance,40,38,importance,Participating in a language other than English,2.52,40.0,15.0,7.5,-25.0
Work role,Other/Non-working,22,38,importance,Participating in a language other than English,2.68,31.8,18.2,4.5,-13.6
Work role,Employee+Owner,20,38,importance,Participating in a language other than English,1.75,75.0,10.0,0.0,-65.0
Work role,All respondents,431,38,importance,Working asynchronously,3.61,11.6,55.5,24.1,43.9
Work role,Employee only,150,38,importance,Working asynchronously,3.79,9.3,64.7,30.7,55.3
Work role,Owner/Exec,120,38,importance,Working asynchronously,3.32,17.5,43.3,17.5,25.8
Work role,Freelancer only,79,38,importance,Working asynchronously,3.65,7.6,53.2,21.5,45.6
Work role,Employee+Freelance,40,38,importance,Working asynchronously,3.92,7.5,70.0,35.0,62.5
Work role,Other/Non-working,22,38,importance,Working asynchronously,3.32,9.1,40.9,9.1,31.8
Work role,Employee+Owner,20,38,importance,Working asynchronously,3.45,20.0,55.0,20.0,35.0
Work role,All respondents,431,50,agreement,Attending in-person WordPress-related events is important to me.,3.13,35.3,46.6,21.3,11.4
Work role,Employee only,150,50,agreement,Attending in-person WordPress-related events is important to me.,3.0,40.7,42.7,19.3,2.0
Work role,Owner/Exec,120,50,agreement,Attending in-person WordPress-related events is important to me.,3.32,30.0,55.8,25.0,25.8
Work role,Freelancer only,79,50,agreement,Attending in-person WordPress-related events is important to me.,3.22,34.2,45.6,24.1,11.4
Work role,Employee+Freelance,40,50,agreement,Attending in-person WordPress-related events is important to me.,3.35,25.0,55.0,22.5,30.0
Work role,Other/Non-working,22,50,agreement,Attending in-person WordPress-related events is important to me.,2.45,54.5,22.7,4.5,-31.8
Work role,Employee+Owner,20,50,agreement,Attending in-person WordPress-related events is important to me.,3.0,30.0,35.0,20.0,5.0
Work role,All respondents,431,57,importance,A location local to you,3.73,13.9,65.9,27.8,52.0
Work role,Employee only,150,57,importance,A location local to you,3.77,12.0,68.0,26.0,56.0
Work role,Owner/Exec,120,57,importance,A location local to you,3.53,18.3,57.5,23.3,39.2
Work role,Freelancer only,79,57,importance,A location local to you,3.94,8.9,73.4,34.2,64.6
Work role,Employee+Freelance,40,57,importance,A location local to you,3.9,12.5,75.0,30.0,62.5
Work role,Other/Non-working,22,57,importance,A location local to you,3.41,27.3,59.1,27.3,31.8
Work role,Employee+Owner,20,57,importance,A location local to you,3.85,10.0,60.0,40.0,50.0
Work role,All respondents,431,57,importance,A regional/destination location,3.42,16.7,54.3,13.9,37.6
Work role,Employee only,150,57,importance,A regional/destination location,3.43,15.3,56.7,10.7,41.3
Work role,Owner/Exec,120,57,importance,A regional/destination location,3.37,19.2,52.5,15.8,33.3
Work role,Freelancer only,79,57,importance,A regional/destination location,3.59,12.7,59.5,19.0,46.8
Work role,Employee+Freelance,40,57,importance,A regional/destination location,3.4,15.0,50.0,10.0,35.0
Work role,Other/Non-working,22,57,importance,A regional/destination location,3.23,22.7,50.0,13.6,27.3
Work role,Employee+Owner,20,57,importance,A regional/destination location,3.1,25.0,40.0,15.0,15.0
Work role,All respondents,431,57,importance,Events with smaller attendance,2.91,24.8,25.1,3.9,0.2
Work role,Employee only,150,57,importance,Events with smaller attendance,2.91,26.0,26.0,4.0,0.0
Work role,Owner/Exec,120,57,importance,Events with smaller attendance,2.78,30.8,25.0,3.3,-5.8
Work role,Freelancer only,79,57,importance,Events with smaller attendance,3.13,16.5,30.4,7.6,13.9
Work role,Employee+Freelance,40,57,importance,Events with smaller attendance,2.88,20.0,10.0,2.5,-10.0
Work role,Other/Non-working,22,57,importance,Events with smaller attendance,2.82,27.3,27.3,0.0,0.0
Work role,Employee+Owner,20,57,importance,Events with smaller attendance,2.95,20.0,25.0,0.0,5.0
Work role,All respondents,431,57,importance,Events with larger attendance,2.72,31.6,16.9,2.8,-14.6
Work role,Employee only,150,57,importance,Events with larger attendance,2.71,32.7,18.0,1.3,-14.7
Work role,Owner/Exec,120,57,importance,Events with larger attendance,2.79,29.2,20.8,3.3,-8.3
Work role,Freelancer only,79,57,importance,Events with larger attendance,2.75,27.8,15.2,5.1,-12.7
Work role,Employee+Freelance,40,57,importance,Events with larger attendance,2.58,40.0,7.5,2.5,-32.5
Work role,Other/Non-working,22,57,importance,Events with larger attendance,2.5,40.9,9.1,0.0,-31.8
Work role,Employee+Owner,20,57,importance,Events with larger attendance,2.8,25.0,20.0,5.0,-5.0
Work role,All respondents,431,57,importance,"Hard skill development (technical instruction, workshops, etc.)",3.37,18.1,52.9,11.8,34.8
Work role,Employee only,150,57,importance,"Hard skill development (technical instruction, workshops, etc.)",3.45,15.3,55.3,13.3,40.0
Work role,Owner/Exec,120,57,importance,"Hard skill development (technical instruction, workshops, etc.)",3.19,26.7,49.2,10.8,22.5
Work role,Freelancer only,79,57,importance,"Hard skill development (technical instruction, workshops, etc.)",3.52,15.2,58.2,15.2,43.0
Work role,Employee+Freelance,40,57,importance,"Hard skill development (technical instruction, workshops, etc.)",3.55,7.5,55.0,10.0,47.5
Work role,Other/Non-working,22,57,importance,"Hard skill development (technical instruction, workshops, etc.)",2.86,27.3,31.8,4.5,4.5
Work role,Employee+Owner,20,57,importance,"Hard skill development (technical instruction, workshops, etc.)",3.45,10.0,55.0,5.0,45.0
Work role,All respondents,431,57,importance,"Soft skill development (business development, personal development, etc.)",3.08,24.8,38.5,6.7,13.7
Work role,Employee only,150,57,importance,"Soft skill development (business development, personal development, etc.)",3.01,24.0,30.7,6.7,6.7
Work role,Owner/Exec,120,57,importance,"Soft skill development (business development, personal development, etc.)",3.04,30.8,41.7,9.2,10.8
Work role,Freelancer only,79,57,importance,"Soft skill development (business development, personal development, etc.)",3.3,17.7,50.6,6.3,32.9
Work role,Employee+Freelance,40,57,importance,"Soft skill development (business development, personal development, etc.)",3.02,27.5,35.0,2.5,7.5
Work role,Other/Non-working,22,57,importance,"Soft skill development (business development, personal development, etc.)",2.64,31.8,22.7,0.0,-9.1
Work role,Employee+Owner,20,57,importance,"Soft skill development (business development, personal development, etc.)",3.5,10.0,55.0,10.0,45.0
Work role,All respondents,431,57,importance,Topics of sessions / panels,3.69,11.1,67.3,18.6,56.1
Work role,Employee only,150,57,importance,Topics of sessions / panels,3.87,6.0,76.0,21.3,70.0
Work role,Owner/Exec,120,57,importance,Topics of sessions / panels,3.54,16.7,61.7,17.5,45.0
Work role,Freelancer only,79,57,importance,Topics of sessions / panels,3.77,8.9,69.6,20.3,60.8
Work role,Employee+Freelance,40,57,importance,Topics of sessions / panels,3.65,15.0,65.0,17.5,50.0
Work role,Other/Non-working,22,57,importance,Topics of sessions / panels,2.95,22.7,27.3,13.6,4.5
Work role,Employee+Owner,20,57,importance,Topics of sessions / panels,3.7,5.0,75.0,5.0,70.0
Work role,All respondents,431,57,importance,Particular speakers / keynotes,3.14,21.8,38.7,7.7,16.9
Work role,Employee only,150,57,importance,Particular speakers / keynotes,3.11,22.0,38.0,6.7,16.0
Work role,Owner/Exec,120,57,importance,Particular speakers / keynotes,3.18,22.5,43.3,7.5,20.8
Work role,Freelancer only,79,57,importance,Particular speakers / keynotes,3.41,15.2,46.8,12.7,31.6
Work role,Employee+Freelance,40,57,importance,Particular speakers / keynotes,2.98,25.0,25.0,5.0,0.0
Work role,Other/Non-working,22,57,importance,Particular speakers / keynotes,2.59,40.9,22.7,9.1,-18.2
Work role,Employee+Owner,20,57,importance,Particular speakers / keynotes,3.05,15.0,30.0,0.0,15.0
Work role,All respondents,431,57,importance,Meeting professional development requirements,2.83,32.0,28.8,7.0,-3.2
Work role,Employee only,150,57,importance,Meeting professional development requirements,2.86,32.7,31.3,6.7,-1.3
Work role,Owner/Exec,120,57,importance,Meeting professional development requirements,2.85,33.3,30.0,10.8,-3.3
Work role,Freelancer only,79,57,importance,Meeting professional development requirements,2.91,27.8,32.9,6.3,5.1
Work role,Employee+Freelance,40,57,importance,Meeting professional development requirements,2.82,30.0,25.0,2.5,-5.0
Work role,Other/Non-working,22,57,importance,Meeting professional development requirements,2.32,40.9,9.1,4.5,-31.8
Work role,Employee+Owner,20,57,importance,Meeting professional development requirements,2.7,30.0,15.0,0.0,-15.0
Work role,All respondents,431,57,importance,Networking opportunities,3.65,14.2,60.6,25.1,46.4
Work role,Employee only,150,57,importance,Networking opportunities,3.52,16.0,55.3,19.3,39.3
Work role,Owner/Exec,120,57,importance,Networking opportunities,4.02,5.0,72.5,37.5,67.5
Work role,Freelancer only,79,57,importance,Networking opportunities,3.65,17.7,62.0,26.6,44.3
Work role,Employee+Freelance,40,57,importance,Networking opportunities,3.45,17.5,60.0,10.0,42.5
Work role,Other/Non-working,22,57,importance,Networking opportunities,2.64,45.5,27.3,18.2,-18.2
Work role,Employee+Owner,20,57,importance,Networking opportunities,3.85,0.0,60.0,25.0,60.0
Work role,All respondents,431,57,importance,Community development/engagement,3.61,11.8,61.5,18.3,49.7
Work role,Employee only,150,57,importance,Community development/engagement,3.54,14.0,58.0,18.0,44.0
Work role,Owner/Exec,120,57,importance,Community development/engagement,3.72,10.0,64.2,25.0,54.2
Work role,Freelancer only,79,57,importance,Community development/engagement,3.71,7.6,68.4,12.7,60.8
Work role,Employee+Freelance,40,57,importance,Community development/engagement,3.72,10.0,72.5,15.0,62.5
Work role,Other/Non-working,22,57,importance,Community development/engagement,2.95,27.3,27.3,13.6,0.0
Work role,Employee+Owner,20,57,importance,Community development/engagement,3.65,10.0,60.0,15.0,50.0
Work role,All respondents,431,57,importance,Cost of ticket,3.44,19.5,54.5,17.6,35.0
Work role,Employee only,150,57,importance,Cost of ticket,3.39,20.0,52.7,14.7,32.7
Work role,Owner/Exec,120,57,importance,Cost of ticket,3.22,27.5,45.0,17.5,17.5
Work role,Freelancer only,79,57,importance,Cost of ticket,3.76,13.9,67.1,27.8,53.2
Work role,Employee+Freelance,40,57,importance,Cost of ticket,3.72,7.5,70.0,12.5,62.5
Work role,Other/Non-working,22,57,importance,Cost of ticket,3.32,22.7,50.0,18.2,27.3
Work role,Employee+Owner,20,57,importance,Cost of ticket,3.4,10.0,50.0,10.0,40.0
Work role,All respondents,431,57,importance,"Cost of attendance (travel, housing, etc.)",3.9,11.4,72.4,34.3,61.0
Work role,Employee only,150,57,importance,"Cost of attendance (travel, housing, etc.)",3.84,12.7,71.3,30.0,58.7
Work role,Owner/Exec,120,57,importance,"Cost of attendance (travel, housing, etc.)",3.69,17.5,65.8,30.0,48.3
Work role,Freelancer only,79,57,importance,"Cost of attendance (travel, housing, etc.)",4.27,5.1,84.8,48.1,79.7
Work role,Employee+Freelance,40,57,importance,"Cost of attendance (travel, housing, etc.)",4.3,0.0,85.0,45.0,85.0
Work role,Other/Non-working,22,57,importance,"Cost of attendance (travel, housing, etc.)",3.45,18.2,54.5,22.7,36.4
Work role,Employee+Owner,20,57,importance,"Cost of attendance (travel, housing, etc.)",3.9,5.0,65.0,30.0,60.0
Work role,All respondents,431,59,sentiment,"Right now, how do you generally feel about open source software?",4.16,3.9,81.7,39.4,77.7
Work role,Employee only,150,59,sentiment,"Right now, how do you generally feel about open source software?",4.09,6.7,79.3,38.0,72.7
Work role,Owner/Exec,120,59,sentiment,"Right now, how do you generally feel about open source software?",4.22,2.5,83.3,42.5,80.8
Work role,Freelancer only,79,59,sentiment,"Right now, how do you generally feel about open source software?",4.11,2.5,77.2,38.0,74.7
Work role,Employee+Freelance,40,59,sentiment,"Right now, how do you generally feel about open source software?",4.25,2.5,92.5,35.0,90.0
Work role,Other/Non-working,22,59,sentiment,"Right now, how do you generally feel about open source software?",4.27,4.5,90.9,40.9,86.4
Work role,Employee+Owner,20,59,sentiment,"Right now, how do you generally feel about open source software?",4.2,0.0,75.0,45.0,75.0
Work role,All respondents,431,62,importance,Open source software,4.59,1.2,93.5,68.0,92.3
Work role,Employee only,150,62,importance,Open source software,4.58,0.7,92.7,66.7,92.0
Work role,Owner/Exec,120,62,importance,Open source software,4.56,3.3,91.7,70.0,88.3
Work role,Freelancer only,79,62,importance,Open source software,4.63,0.0,94.9,68.4,94.9
Work role,Employee+Freelance,40,62,importance,Open source software,4.7,0.0,100.0,70.0,100.0
Work role,Other/Non-working,22,62,importance,Open source software,4.55,0.0,95.5,59.1,95.5
Work role,Employee+Owner,20,62,importance,Open source software,4.6,0.0,90.0,70.0,90.0
Work role,All respondents,431,62,importance,Open source values (whatever that means to you)required,4.51,3.2,91.9,64.3,88.6
Work role,Employee only,150,62,importance,Open source values (whatever that means to you)required,4.55,1.3,92.7,64.7,91.3
Work role,Owner/Exec,120,62,importance,Open source values (whatever that means to you)required,4.4,8.3,88.3,64.2,80.0
Work role,Freelancer only,79,62,importance,Open source values (whatever that means to you)required,4.56,2.5,94.9,64.6,92.4
Work role,Employee+Freelance,40,62,importance,Open source values (whatever that means to you)required,4.62,0.0,92.5,70.0,92.5
Work role,Other/Non-working,22,62,importance,Open source values (whatever that means to you)required,4.5,0.0,95.5,54.5,95.5
Work role,Employee+Owner,20,62,importance,Open source values (whatever that means to you)required,4.5,0.0,90.0,60.0,90.0
Work role,All respondents,431,62,importance,The sustainability of open source projects,4.58,1.2,93.3,66.6,92.1
Work role,Employee only,150,62,importance,The sustainability of open source projects,4.56,2.0,94.0,65.3,92.0
Work role,Owner/Exec,120,62,importance,The sustainability of open source projects,4.58,1.7,92.5,69.2,90.8
Work role,Freelancer only,79,62,importance,The sustainability of open source projects,4.66,0.0,93.7,72.2,93.7
Work role,Employee+Freelance,40,62,importance,The sustainability of open source projects,4.62,0.0,100.0,62.5,100.0
Work role,Other/Non-working,22,62,importance,The sustainability of open source projects,4.36,0.0,81.8,54.5,81.8
Work role,Employee+Owner,20,62,importance,The sustainability of open source projects,4.5,0.0,90.0,60.0,90.0
Work role,All respondents,431,62,importance,Open source in WordPress,4.51,2.8,92.1,63.1,89.3
Work role,Employee only,150,62,importance,Open source in WordPress,4.51,1.3,92.7,60.7,91.3
Work role,Owner/Exec,120,62,importance,Open source in WordPress,4.5,4.2,91.7,65.8,87.5
Work role,Freelancer only,79,62,importance,Open source in WordPress,4.58,2.5,92.4,68.4,89.9
Work role,Employee+Freelance,40,62,importance,Open source in WordPress,4.62,0.0,95.0,67.5,95.0
Work role,Other/Non-working,22,62,importance,Open source in WordPress,4.14,13.6,86.4,50.0,72.7
Work role,Employee+Owner,20,62,importance,Open source in WordPress,4.4,0.0,90.0,50.0,90.0
Work role,All respondents,431,62,importance,Open source in AI,3.24,29.2,50.1,27.4,20.9
Work role,Employee only,150,62,importance,Open source in AI,3.06,33.3,46.7,21.3,13.3
Work role,Owner/Exec,120,62,importance,Open source in AI,3.49,24.2,55.8,34.2,31.7
Work role,Freelancer only,79,62,importance,Open source in AI,3.25,27.8,50.6,30.4,22.8
Work role,Employee+Freelance,40,62,importance,Open source in AI,3.22,27.5,47.5,25.0,20.0
Work role,Other/Non-working,22,62,importance,Open source in AI,3.09,36.4,45.5,31.8,9.1
Work role,Employee+Owner,20,62,importance,Open source in AI,3.25,30.0,50.0,20.0,20.0
Work role,All respondents,431,67,sentiment,"Right now, how do you generally feel about AI in the tech industry?",2.6,46.2,31.1,10.0,-15.1
Work role,Employee only,150,67,sentiment,"Right now, how do you generally feel about AI in the tech industry?",2.37,56.0,26.7,8.0,-29.3
Work role,Owner/Exec,120,67,sentiment,"Right now, how do you generally feel about AI in the tech industry?",3.09,31.7,44.2,19.2,12.5
Work role,Freelancer only,79,67,sentiment,"Right now, how do you generally feel about AI in the tech industry?",2.56,38.0,22.8,2.5,-15.2
Work role,Employee+Freelance,40,67,sentiment,"Right now, how do you generally feel about AI in the tech industry?",2.58,50.0,32.5,7.5,-17.5
Work role,Other/Non-working,22,67,sentiment,"Right now, how do you generally feel about AI in the tech industry?",1.91,77.3,18.2,9.1,-59.1
Work role,Employee+Owner,20,67,sentiment,"Right now, how do you generally feel about AI in the tech industry?",2.45,50.0,30.0,5.0,-20.0
Work role,All respondents,431,68,sentiment,"Right now, how do you generally feel about AI in WordPress?",2.35,49.9,16.9,3.9,-32.9
Work role,Employee only,150,68,sentiment,"Right now, how do you generally feel about AI in WordPress?",2.27,54.7,18.7,4.0,-36.0
Work role,Owner/Exec,120,68,sentiment,"Right now, how do you generally feel about AI in WordPress?",2.56,45.0,20.0,5.8,-25.0
Work role,Freelancer only,79,68,sentiment,"Right now, how do you generally feel about AI in WordPress?",2.34,43.0,10.1,1.3,-32.9
Work role,Employee+Freelance,40,68,sentiment,"Right now, how do you generally feel about AI in WordPress?",2.4,45.0,15.0,5.0,-30.0
Work role,Other/Non-working,22,68,sentiment,"Right now, how do you generally feel about AI in WordPress?",1.68,77.3,9.1,4.5,-68.2
Work role,Employee+Owner,20,68,sentiment,"Right now, how do you generally feel about AI in WordPress?",2.3,50.0,25.0,0.0,-25.0
Work role,All respondents,431,69,sentiment,"Right now, how do you generally feel about AI in web development (vibe coding, agentic development, etc.)?",2.7,44.8,34.6,12.5,-10.2
Work role,Employee only,150,69,sentiment,"Right now, how do you generally feel about AI in web development (vibe coding, agentic development, etc.)?",2.47,52.7,32.0,9.3,-20.7
Work role,Owner/Exec,120,69,sentiment,"Right now, how do you generally feel about AI in web development (vibe coding, agentic development, etc.)?",3.22,32.5,48.3,26.7,15.8
Work role,Freelancer only,79,69,sentiment,"Right now, how do you generally feel about AI in web development (vibe coding, agentic development, etc.)?",2.54,44.3,26.6,1.3,-17.7
Work role,Employee+Freelance,40,69,sentiment,"Right now, how do you generally feel about AI in web development (vibe coding, agentic development, etc.)?",2.68,42.5,30.0,5.0,-12.5
Work role,Other/Non-working,22,69,sentiment,"Right now, how do you generally feel about AI in web development (vibe coding, agentic development, etc.)?",1.91,68.2,13.6,4.5,-54.5
Work role,Employee+Owner,20,69,sentiment,"Right now, how do you generally feel about AI in web development (vibe coding, agentic development, etc.)?",2.8,40.0,35.0,20.0,-5.0
Pay status,All respondents,431,19,agreement,I consider myself to be a contributor to the WordPress open source project.,3.04,37.1,42.0,17.6,4.9
Pay status,Unpaid,248,19,agreement,I consider myself to be a contributor to the WordPress open source project.,2.71,45.2,31.5,8.9,-13.7
Pay status,Paid directly,116,19,agreement,I consider myself to be a contributor to the WordPress open source project.,3.55,25.9,57.8,33.6,31.9
Pay status,Paid indirectly,67,19,agreement,I consider myself to be a contributor to the WordPress open source project.,3.4,26.9,53.7,22.4,26.9
Pay status,All respondents,431,22,agreement,I consider myself to be a member of the WordPress community.,3.88,12.3,71.5,32.9,59.2
Pay status,Unpaid,248,22,agreement,I consider myself to be a member of the WordPress community.,3.69,15.3,65.3,24.6,50.0
Pay status,Paid directly,116,22,agreement,I consider myself to be a member of the WordPress community.,4.14,10.3,76.7,50.0,66.4
Pay status,Paid indirectly,67,22,agreement,I consider myself to be a member of the WordPress community.,4.15,4.5,85.1,34.3,80.6
Pay status,All respondents,431,28,sentiment,"Right now, how do you feel overall about the WordPress open source project?",2.87,38.1,32.7,4.6,-5.3
Pay status,Unpaid,248,28,sentiment,"Right now, how do you feel overall about the WordPress open source project?",2.8,38.7,30.6,4.0,-8.1
Pay status,Paid directly,116,28,sentiment,"Right now, how do you feel overall about the WordPress open source project?",2.97,37.9,37.9,6.9,0.0
Pay status,Paid indirectly,67,28,sentiment,"Right now, how do you feel overall about the WordPress open source project?",2.94,35.8,31.3,3.0,-4.5
Pay status,All respondents,431,31,sentiment,How do you feel about the future of the WordPress open source project?,2.8,39.0,24.4,5.1,-14.6
Pay status,Unpaid,248,31,sentiment,How do you feel about the future of the WordPress open source project?,2.71,42.7,22.2,4.4,-20.6
Pay status,Paid directly,116,31,sentiment,How do you feel about the future of the WordPress open source project?,2.98,31.9,29.3,6.9,-2.6
Pay status,Paid indirectly,67,31,sentiment,How do you feel about the future of the WordPress open source project?,2.81,37.3,23.9,4.5,-13.4
Pay status,All respondents,431,34,importance,WordPress open source software,4.58,1.4,94.0,65.4,92.6
Pay status,Unpaid,248,34,importance,WordPress open source software,4.54,1.6,94.4,62.1,92.7
Pay status,Paid directly,116,34,importance,WordPress open source software,4.64,1.7,94.8,71.6,93.1
Pay status,Paid indirectly,67,34,importance,WordPress open source software,4.58,0.0,91.0,67.2,91.0
Pay status,All respondents,431,34,importance,The WordPress community,4.13,7.0,80.3,41.8,73.3
Pay status,Unpaid,248,34,importance,The WordPress community,4.04,7.7,77.0,37.1,69.4
Pay status,Paid directly,116,34,importance,The WordPress community,4.22,6.9,83.6,49.1,76.7
Pay status,Paid indirectly,67,34,importance,The WordPress community,4.27,4.5,86.6,46.3,82.1
Pay status,All respondents,431,34,importance,WordPress events and meetups,3.26,26.7,50.1,19.5,23.4
Pay status,Unpaid,248,34,importance,WordPress events and meetups,3.08,30.2,44.4,13.7,14.1
Pay status,Paid directly,116,34,importance,WordPress events and meetups,3.46,22.4,58.6,25.9,36.2
Pay status,Paid indirectly,67,34,importance,WordPress events and meetups,3.55,20.9,56.7,29.9,35.8
Pay status,All respondents,431,34,importance,Contributing to WordPress,3.31,18.8,45.7,13.9,26.9
Pay status,Unpaid,248,34,importance,Contributing to WordPress,3.15,21.8,39.9,9.3,18.1
Pay status,Paid directly,116,34,importance,Contributing to WordPress,3.47,17.2,49.1,22.4,31.9
Pay status,Paid indirectly,67,34,importance,Contributing to WordPress,3.6,10.4,61.2,16.4,50.7
Pay status,All respondents,431,34,importance,Open source values,4.48,2.6,90.7,61.9,88.2
Pay status,Unpaid,248,34,importance,Open source values,4.51,2.0,90.3,63.3,88.3
Pay status,Paid directly,116,34,importance,Open source values,4.44,3.4,90.5,60.3,87.1
Pay status,Paid indirectly,67,34,importance,Open source values,4.46,3.0,92.5,59.7,89.6
Pay status,All respondents,431,34,importance,AI in WordPress,2.47,52.7,29.0,12.8,-23.7
Pay status,Unpaid,248,34,importance,AI in WordPress,2.34,55.6,24.2,11.7,-31.5
Pay status,Paid directly,116,34,importance,AI in WordPress,2.79,44.8,40.5,17.2,-4.3
Pay status,Paid indirectly,67,34,importance,AI in WordPress,2.4,55.2,26.9,9.0,-28.4
Pay status,All respondents,431,34,importance,Security in WordPress,4.68,1.4,95.1,75.6,93.7
Pay status,Unpaid,248,34,importance,Security in WordPress,4.73,0.4,96.4,77.0,96.0
Pay status,Paid directly,116,34,importance,Security in WordPress,4.6,3.4,92.2,74.1,88.8
Pay status,Paid indirectly,67,34,importance,Security in WordPress,4.66,1.5,95.5,73.1,94.0
Pay status,All respondents,431,34,importance,Web standards and compliance,4.57,1.6,93.7,65.9,92.1
Pay status,Unpaid,248,34,importance,Web standards and compliance,4.6,0.4,94.4,66.1,94.0
Pay status,Paid directly,116,34,importance,Web standards and compliance,4.49,4.3,92.2,63.8,87.9
Pay status,Paid indirectly,67,34,importance,Web standards and compliance,4.6,1.5,94.0,68.7,92.5
Pay status,All respondents,431,34,importance,WordPress leadership,4.04,8.1,73.8,43.4,65.7
Pay status,Unpaid,248,34,importance,WordPress leadership,4.02,8.1,72.6,42.7,64.5
Pay status,Paid directly,116,34,importance,WordPress leadership,4.03,9.5,73.3,45.7,63.8
Pay status,Paid indirectly,67,34,importance,WordPress leadership,4.1,6.0,79.1,41.8,73.1
Pay status,All respondents,431,34,importance,WordPress governance,4.17,5.8,76.6,50.8,70.8
Pay status,Unpaid,248,34,importance,WordPress governance,4.2,5.6,76.6,52.8,71.0
Pay status,Paid directly,116,34,importance,WordPress governance,4.03,6.9,71.6,44.8,64.7
Pay status,Paid indirectly,67,34,importance,WordPress governance,4.3,4.5,85.1,53.7,80.6
Pay status,All respondents,431,34,importance,"Business issues (mergers & acquisitions, product ecosystem, private equity investment, etc.)",3.14,25.5,41.5,12.5,16.0
Pay status,Unpaid,248,34,importance,"Business issues (mergers & acquisitions, product ecosystem, private equity investment, etc.)",3.1,26.2,39.9,12.5,13.7
Pay status,Paid directly,116,34,importance,"Business issues (mergers & acquisitions, product ecosystem, private equity investment, etc.)",3.18,24.1,44.8,11.2,20.7
Pay status,Paid indirectly,67,34,importance,"Business issues (mergers & acquisitions, product ecosystem, private equity investment, etc.)",3.19,25.4,41.8,14.9,16.4
Pay status,All respondents,431,34,importance,Enterprise/scale issues,3.13,24.8,40.1,11.1,15.3
Pay status,Unpaid,248,34,importance,Enterprise/scale issues,3.02,27.8,33.5,10.9,5.6
Pay status,Paid directly,116,34,importance,Enterprise/scale issues,3.24,22.4,48.3,11.2,25.9
Pay status,Paid indirectly,67,34,importance,Enterprise/scale issues,3.33,17.9,50.7,11.9,32.8
Pay status,All respondents,431,34,importance,Collaboration with the greater open source ecosystem,3.82,8.8,67.7,26.0,58.9
Pay status,Unpaid,248,34,importance,Collaboration with the greater open source ecosystem,3.82,8.9,66.5,27.0,57.7
Pay status,Paid directly,116,34,importance,Collaboration with the greater open source ecosystem,3.7,12.1,63.8,22.4,51.7
Pay status,Paid indirectly,67,34,importance,Collaboration with the greater open source ecosystem,4.01,3.0,79.1,28.4,76.1
Pay status,All respondents,431,38,importance,Personal capacity,4.22,3.7,82.8,44.5,79.1
Pay status,Unpaid,248,38,importance,Personal capacity,4.15,4.8,80.2,41.9,75.4
Pay status,Paid directly,116,38,importance,Personal capacity,4.34,1.7,87.1,50.0,85.3
Pay status,Paid indirectly,67,38,importance,Personal capacity,4.25,3.0,85.1,44.8,82.1
Pay status,All respondents,431,38,importance,Financial incentives/restraints,3.05,27.4,33.6,11.8,6.3
Pay status,Unpaid,248,38,importance,Financial incentives/restraints,3.0,27.0,29.4,10.5,2.4
Pay status,Paid directly,116,38,importance,Financial incentives/restraints,3.25,25.9,44.8,18.1,19.0
Pay status,Paid indirectly,67,38,importance,Financial incentives/restraints,2.88,31.3,29.9,6.0,-1.5
Pay status,All respondents,431,38,importance,Impact of my contributions to the project,3.4,14.4,47.8,12.8,33.4
Pay status,Unpaid,248,38,importance,Impact of my contributions to the project,3.32,14.9,42.7,9.3,27.8
Pay status,Paid directly,116,38,importance,Impact of my contributions to the project,3.57,11.2,54.3,19.0,43.1
Pay status,Paid indirectly,67,38,importance,Impact of my contributions to the project,3.42,17.9,55.2,14.9,37.3
Pay status,All respondents,431,38,importance,Impact of my participation on my professional or personal life,3.6,9.5,58.5,15.3,49.0
Pay status,Unpaid,248,38,importance,Impact of my participation on my professional or personal life,3.48,12.1,52.4,13.3,40.3
Pay status,Paid directly,116,38,importance,Impact of my participation on my professional or personal life,3.82,6.9,67.2,23.3,60.3
Pay status,Paid indirectly,67,38,importance,Impact of my participation on my professional or personal life,3.66,4.5,65.7,9.0,61.2
Pay status,All respondents,431,38,importance,Understanding how to participate,3.59,10.7,59.6,16.2,49.0
Pay status,Unpaid,248,38,importance,Understanding how to participate,3.57,9.7,57.3,15.3,47.6
Pay status,Paid directly,116,38,importance,Understanding how to participate,3.66,12.9,64.7,20.7,51.7
Pay status,Paid indirectly,67,38,importance,Understanding how to participate,3.55,10.4,59.7,11.9,49.3
Pay status,All respondents,431,38,importance,Mentorship or guidance,3.08,23.9,33.4,7.4,9.5
Pay status,Unpaid,248,38,importance,Mentorship or guidance,3.12,21.4,33.5,8.5,12.1
Pay status,Paid directly,116,38,importance,Mentorship or guidance,3.02,28.4,34.5,7.8,6.0
Pay status,Paid indirectly,67,38,importance,Mentorship or guidance,3.0,25.4,31.3,3.0,6.0
Pay status,All respondents,431,38,importance,Project roadmap,3.43,17.2,51.7,14.2,34.6
Pay status,Unpaid,248,38,importance,Project roadmap,3.38,17.7,49.2,13.7,31.5
Pay status,Paid directly,116,38,importance,Project roadmap,3.53,16.4,56.0,18.1,39.7
Pay status,Paid indirectly,67,38,importance,Project roadmap,3.42,16.4,53.7,9.0,37.3
Pay status,All respondents,431,38,importance,Project leadership,3.83,12.5,67.3,32.7,54.8
Pay status,Unpaid,248,38,importance,Project leadership,3.79,12.1,65.7,31.5,53.6
Pay status,Paid directly,116,38,importance,Project leadership,3.89,12.9,69.8,34.5,56.9
Pay status,Paid indirectly,67,38,importance,Project leadership,3.84,13.4,68.7,34.3,55.2
Pay status,All respondents,431,38,importance,Project governance/policies,3.85,10.4,66.4,32.7,55.9
Pay status,Unpaid,248,38,importance,Project governance/policies,3.85,9.7,65.3,32.3,55.6
Pay status,Paid directly,116,38,importance,Project governance/policies,3.81,11.2,64.7,31.0,53.4
Pay status,Paid indirectly,67,38,importance,Project governance/policies,3.93,11.9,73.1,37.3,61.2
Pay status,All respondents,431,38,importance,"Advocacy on behalf of web standards (accessibility, privacy, etc.)",3.99,7.7,75.6,33.6,68.0
Pay status,Unpaid,248,38,importance,"Advocacy on behalf of web standards (accessibility, privacy, etc.)",3.96,8.5,72.2,33.9,63.7
Pay status,Paid directly,116,38,importance,"Advocacy on behalf of web standards (accessibility, privacy, etc.)",4.03,7.8,80.2,33.6,72.4
Pay status,Paid indirectly,67,38,importance,"Advocacy on behalf of web standards (accessibility, privacy, etc.)",4.06,4.5,80.6,32.8,76.1
Pay status,All respondents,431,38,importance,Participation in the WordPress community,3.52,10.0,53.4,15.3,43.4
Pay status,Unpaid,248,38,importance,Participation in the WordPress community,3.48,9.7,50.8,13.7,41.1
Pay status,Paid directly,116,38,importance,Participation in the WordPress community,3.54,12.9,54.3,19.0,41.4
Pay status,Paid indirectly,67,38,importance,Participation in the WordPress community,3.64,6.0,61.2,14.9,55.2
Pay status,All respondents,431,38,importance,Feeling welcome/included,4.06,5.8,76.3,39.2,70.5
Pay status,Unpaid,248,38,importance,Feeling welcome/included,4.06,5.2,76.2,37.9,71.0
Pay status,Paid directly,116,38,importance,Feeling welcome/included,4.07,6.9,75.9,42.2,69.0
Pay status,Paid indirectly,67,38,importance,Feeling welcome/included,4.06,6.0,77.6,38.8,71.6
Pay status,All respondents,431,38,importance,Participating in a language other than English,2.46,45.2,19.7,6.3,-25.5
Pay status,Unpaid,248,38,importance,Participating in a language other than English,2.58,40.7,21.8,7.7,-19.0
Pay status,Paid directly,116,38,importance,Participating in a language other than English,2.34,50.9,18.1,4.3,-32.8
Pay status,Paid indirectly,67,38,importance,Participating in a language other than English,2.22,52.2,14.9,4.5,-37.3
Pay status,All respondents,431,38,importance,Working asynchronously,3.61,11.6,55.5,24.1,43.9
Pay status,Unpaid,248,38,importance,Working asynchronously,3.57,10.5,51.6,21.4,41.1
Pay status,Paid directly,116,38,importance,Working asynchronously,3.66,13.8,60.3,29.3,46.6
Pay status,Paid indirectly,67,38,importance,Working asynchronously,3.64,11.9,61.2,25.4,49.3
Pay status,All respondents,431,50,agreement,Attending in-person WordPress-related events is important to me.,3.13,35.3,46.6,21.3,11.4
Pay status,Unpaid,248,50,agreement,Attending in-person WordPress-related events is important to me.,2.96,39.5,42.7,16.1,3.2
Pay status,Paid directly,116,50,agreement,Attending in-person WordPress-related events is important to me.,3.4,29.3,55.2,29.3,25.9
Pay status,Paid indirectly,67,50,agreement,Attending in-person WordPress-related events is important to me.,3.3,29.9,46.3,26.9,16.4
Pay status,All respondents,431,57,importance,A location local to you,3.73,13.9,65.9,27.8,52.0
Pay status,Unpaid,248,57,importance,A location local to you,3.75,12.1,67.3,25.8,55.2
Pay status,Paid directly,116,57,importance,A location local to you,3.68,16.4,61.2,31.0,44.8
Pay status,Paid indirectly,67,57,importance,A location local to you,3.78,16.4,68.7,29.9,52.2
Pay status,All respondents,431,57,importance,A regional/destination location,3.42,16.7,54.3,13.9,37.6
Pay status,Unpaid,248,57,importance,A regional/destination location,3.47,14.1,56.0,13.7,41.9
Pay status,Paid directly,116,57,importance,A regional/destination location,3.28,20.7,46.6,14.7,25.9
Pay status,Paid indirectly,67,57,importance,A regional/destination location,3.45,19.4,61.2,13.4,41.8
Pay status,All respondents,431,57,importance,Events with smaller attendance,2.91,24.8,25.1,3.9,0.2
Pay status,Unpaid,248,57,importance,Events with smaller attendance,2.98,22.6,27.8,5.2,5.2
Pay status,Paid directly,116,57,importance,Events with smaller attendance,2.85,29.3,25.9,2.6,-3.4
Pay status,Paid indirectly,67,57,importance,Events with smaller attendance,2.76,25.4,13.4,1.5,-11.9
Pay status,All respondents,431,57,importance,Events with larger attendance,2.72,31.6,16.9,2.8,-14.6
Pay status,Unpaid,248,57,importance,Events with larger attendance,2.62,34.3,12.1,1.2,-22.2
Pay status,Paid directly,116,57,importance,Events with larger attendance,2.91,27.6,25.9,5.2,-1.7
Pay status,Paid indirectly,67,57,importance,Events with larger attendance,2.78,28.4,19.4,4.5,-9.0
Pay status,All respondents,431,57,importance,"Hard skill development (technical instruction, workshops, etc.)",3.37,18.1,52.9,11.8,34.8
Pay status,Unpaid,248,57,importance,"Hard skill development (technical instruction, workshops, etc.)",3.34,16.9,52.0,10.1,35.1
Pay status,Paid directly,116,57,importance,"Hard skill development (technical instruction, workshops, etc.)",3.38,19.8,50.0,13.8,30.2
Pay status,Paid indirectly,67,57,importance,"Hard skill development (technical instruction, workshops, etc.)",3.45,19.4,61.2,14.9,41.8
Pay status,All respondents,431,57,importance,"Soft skill development (business development, personal development, etc.)",3.08,24.8,38.5,6.7,13.7
Pay status,Unpaid,248,57,importance,"Soft skill development (business development, personal development, etc.)",3.07,24.6,37.5,6.0,12.9
Pay status,Paid directly,116,57,importance,"Soft skill development (business development, personal development, etc.)",3.21,21.6,42.2,10.3,20.7
Pay status,Paid indirectly,67,57,importance,"Soft skill development (business development, personal development, etc.)",2.88,31.3,35.8,3.0,4.5
Pay status,All respondents,431,57,importance,Topics of sessions / panels,3.69,11.1,67.3,18.6,56.1
Pay status,Unpaid,248,57,importance,Topics of sessions / panels,3.69,10.9,67.3,18.1,56.5
Pay status,Paid directly,116,57,importance,Topics of sessions / panels,3.68,10.3,65.5,18.1,55.2
Pay status,Paid indirectly,67,57,importance,Topics of sessions / panels,3.7,13.4,70.1,20.9,56.7
Pay status,All respondents,431,57,importance,Particular speakers / keynotes,3.14,21.8,38.7,7.7,16.9
Pay status,Unpaid,248,57,importance,Particular speakers / keynotes,3.15,21.4,37.9,8.5,16.5
Pay status,Paid directly,116,57,importance,Particular speakers / keynotes,3.17,22.4,41.4,8.6,19.0
Pay status,Paid indirectly,67,57,importance,Particular speakers / keynotes,3.06,22.4,37.3,3.0,14.9
Pay status,All respondents,431,57,importance,Meeting professional development requirements,2.83,32.0,28.8,7.0,-3.2
Pay status,Unpaid,248,57,importance,Meeting professional development requirements,2.86,29.8,27.4,7.7,-2.4
Pay status,Paid directly,116,57,importance,Meeting professional development requirements,2.84,31.9,30.2,5.2,-1.7
Pay status,Paid indirectly,67,57,importance,Meeting professional development requirements,2.7,40.3,31.3,7.5,-9.0
Pay status,All respondents,431,57,importance,Networking opportunities,3.65,14.2,60.6,25.1,46.4
Pay status,Unpaid,248,57,importance,Networking opportunities,3.52,16.5,54.8,22.2,38.3
Pay status,Paid directly,116,57,importance,Networking opportunities,3.91,10.3,69.8,34.5,59.5
Pay status,Paid indirectly,67,57,importance,Networking opportunities,3.67,11.9,65.7,19.4,53.7
Pay status,All respondents,431,57,importance,Community development/engagement,3.61,11.8,61.5,18.3,49.7
Pay status,Unpaid,248,57,importance,Community development/engagement,3.52,13.3,57.3,16.1,44.0
Pay status,Paid directly,116,57,importance,Community development/engagement,3.74,10.3,64.7,25.9,54.3
Pay status,Paid indirectly,67,57,importance,Community development/engagement,3.72,9.0,71.6,13.4,62.7
Pay status,All respondents,431,57,importance,Cost of ticket,3.44,19.5,54.5,17.6,35.0
Pay status,Unpaid,248,57,importance,Cost of ticket,3.48,16.5,54.8,18.1,38.3
Pay status,Paid directly,116,57,importance,Cost of ticket,3.41,24.1,51.7,20.7,27.6
Pay status,Paid indirectly,67,57,importance,Cost of ticket,3.34,22.4,58.2,10.4,35.8
Pay status,All respondents,431,57,importance,"Cost of attendance (travel, housing, etc.)",3.9,11.4,72.4,34.3,61.0
Pay status,Unpaid,248,57,importance,"Cost of attendance (travel, housing, etc.)",3.93,10.5,74.6,35.5,64.1
Pay status,Paid directly,116,57,importance,"Cost of attendance (travel, housing, etc.)",3.81,16.4,67.2,33.6,50.9
Pay status,Paid indirectly,67,57,importance,"Cost of attendance (travel, housing, etc.)",3.96,6.0,73.1,31.3,67.2
Pay status,All respondents,431,59,sentiment,"Right now, how do you generally feel about open source software?",4.16,3.9,81.7,39.4,77.7
Pay status,Unpaid,248,59,sentiment,"Right now, how do you generally feel about open source software?",4.15,5.2,82.7,39.5,77.4
Pay status,Paid directly,116,59,sentiment,"Right now, how do you generally feel about open source software?",4.17,2.6,83.6,36.2,81.0
Pay status,Paid indirectly,67,59,sentiment,"Right now, how do you generally feel about open source software?",4.18,1.5,74.6,44.8,73.1
Pay status,All respondents,431,62,importance,Open source software,4.59,1.2,93.5,68.0,92.3
Pay status,Unpaid,248,62,importance,Open source software,4.64,0.4,93.5,71.0,93.1
Pay status,Paid directly,116,62,importance,Open source software,4.51,1.7,93.1,61.2,91.4
Pay status,Paid indirectly,67,62,importance,Open source software,4.58,3.0,94.0,68.7,91.0
Pay status,All respondents,431,62,importance,Open source values (whatever that means to you)required,4.51,3.2,91.9,64.3,88.6
Pay status,Unpaid,248,62,importance,Open source values (whatever that means to you)required,4.55,2.8,92.3,66.9,89.5
Pay status,Paid directly,116,62,importance,Open source values (whatever that means to you)required,4.45,3.4,93.1,57.8,89.7
Pay status,Paid indirectly,67,62,importance,Open source values (whatever that means to you)required,4.48,4.5,88.1,65.7,83.6
Pay status,All respondents,431,62,importance,The sustainability of open source projects,4.58,1.2,93.3,66.6,92.1
Pay status,Unpaid,248,62,importance,The sustainability of open source projects,4.62,0.8,94.0,69.4,93.1
Pay status,Paid directly,116,62,importance,The sustainability of open source projects,4.52,0.9,92.2,61.2,91.4
Pay status,Paid indirectly,67,62,importance,The sustainability of open source projects,4.54,3.0,92.5,65.7,89.6
Pay status,All respondents,431,62,importance,Open source in WordPress,4.51,2.8,92.1,63.1,89.3
Pay status,Unpaid,248,62,importance,Open source in WordPress,4.53,2.8,92.3,64.9,89.5
Pay status,Paid directly,116,62,importance,Open source in WordPress,4.44,3.4,89.7,60.3,86.2
Pay status,Paid indirectly,67,62,importance,Open source in WordPress,4.54,1.5,95.5,61.2,94.0
Pay status,All respondents,431,62,importance,Open source in AI,3.24,29.2,50.1,27.4,20.9
Pay status,Unpaid,248,62,importance,Open source in AI,3.21,31.0,48.8,29.8,17.7
Pay status,Paid directly,116,62,importance,Open source in AI,3.43,22.4,55.2,26.7,32.8
Pay status,Paid indirectly,67,62,importance,Open source in AI,3.04,34.3,46.3,19.4,11.9
Pay status,All respondents,431,67,sentiment,"Right now, how do you generally feel about AI in the tech industry?",2.6,46.2,31.1,10.0,-15.1
Pay status,Unpaid,248,67,sentiment,"Right now, how do you generally feel about AI in the tech industry?",2.47,48.8,26.6,8.1,-22.2
Pay status,Paid directly,116,67,sentiment,"Right now, how do you generally feel about AI in the tech industry?",2.89,40.5,39.7,15.5,-0.9
Pay status,Paid indirectly,67,67,sentiment,"Right now, how do you generally feel about AI in the tech industry?",2.6,46.3,32.8,7.5,-13.4
Pay status,All respondents,431,68,sentiment,"Right now, how do you generally feel about AI in WordPress?",2.35,49.9,16.9,3.9,-32.9
Pay status,Unpaid,248,68,sentiment,"Right now, how do you generally feel about AI in WordPress?",2.2,53.6,12.5,2.8,-41.1
Pay status,Paid directly,116,68,sentiment,"Right now, how do you generally feel about AI in WordPress?",2.57,44.8,25.9,6.0,-19.0
Pay status,Paid indirectly,67,68,sentiment,"Right now, how do you generally feel about AI in WordPress?",2.49,44.8,17.9,4.5,-26.9
Pay status,All respondents,431,69,sentiment,"Right now, how do you generally feel about AI in web development (vibe coding, agentic development, etc.)?",2.7,44.8,34.6,12.5,-10.2
Pay status,Unpaid,248,69,sentiment,"Right now, how do you generally feel about AI in web development (vibe coding, agentic development, etc.)?",2.5,48.0,28.2,8.5,-19.8
Pay status,Paid directly,116,69,sentiment,"Right now, how do you generally feel about AI in web development (vibe coding, agentic development, etc.)?",3.09,37.1,45.7,21.6,8.6
Pay status,Paid indirectly,67,69,sentiment,"Right now, how do you generally feel about AI in web development (vibe coding, agentic development, etc.)?",2.76,46.3,38.8,11.9,-7.5
Tenure (combined),All respondents,431,19,agreement,I consider myself to be a contributor to the WordPress open source project.,3.04,37.1,42.0,17.6,4.9
Tenure (combined),15+ years,135,19,agreement,I consider myself to be a contributor to the WordPress open source project.,3.56,21.5,58.5,28.9,37.0
Tenure (combined),10-15 years,122,19,agreement,I consider myself to be a contributor to the WordPress open source project.,3.36,28.7,50.8,22.1,22.1
Tenure (combined),6-10 years,56,19,agreement,I consider myself to be a contributor to the WordPress open source project.,3.27,25.0,48.2,14.3,23.2
Tenure (combined),3-6 years,29,19,agreement,I consider myself to be a contributor to the WordPress open source project.,2.52,62.1,24.1,6.9,-37.9
Tenure (combined),1-2 years,15,19,agreement,I consider myself to be a contributor to the WordPress open source project.,2.07,66.7,13.3,0.0,-53.3
Tenure (combined),All respondents,431,22,agreement,I consider myself to be a member of the WordPress community.,3.88,12.3,71.5,32.9,59.2
Tenure (combined),15+ years,135,22,agreement,I consider myself to be a member of the WordPress community.,4.43,2.2,94.1,51.9,91.9
Tenure (combined),10-15 years,122,22,agreement,I consider myself to be a member of the WordPress community.,4.29,2.5,90.2,41.8,87.7
Tenure (combined),6-10 years,56,22,agreement,I consider myself to be a member of the WordPress community.,4.05,5.4,83.9,28.6,78.6
Tenure (combined),3-6 years,29,22,agreement,I consider myself to be a member of the WordPress community.,3.62,13.8,62.1,13.8,48.3
Tenure (combined),1-2 years,15,22,agreement,I consider myself to be a member of the WordPress community.,2.87,40.0,33.3,6.7,-6.7
Tenure (combined),All respondents,431,28,sentiment,"Right now, how do you feel overall about the WordPress open source project?",2.87,38.1,32.7,4.6,-5.3
Tenure (combined),15+ years,135,28,sentiment,"Right now, how do you feel overall about the WordPress open source project?",2.93,34.1,34.8,6.7,0.7
Tenure (combined),10-15 years,122,28,sentiment,"Right now, how do you feel overall about the WordPress open source project?",2.89,37.7,32.0,2.5,-5.7
Tenure (combined),6-10 years,56,28,sentiment,"Right now, how do you feel overall about the WordPress open source project?",2.89,39.3,39.3,3.6,0.0
Tenure (combined),3-6 years,29,28,sentiment,"Right now, how do you feel overall about the WordPress open source project?",3.03,34.5,34.5,6.9,0.0
Tenure (combined),1-2 years,15,28,sentiment,"Right now, how do you feel overall about the WordPress open source project?",2.73,33.3,40.0,0.0,6.7
Tenure (combined),All respondents,431,31,sentiment,How do you feel about the future of the WordPress open source project?,2.8,39.0,24.4,5.1,-14.6
Tenure (combined),15+ years,135,31,sentiment,How do you feel about the future of the WordPress open source project?,2.89,35.6,29.6,7.4,-5.9
Tenure (combined),10-15 years,122,31,sentiment,How do you feel about the future of the WordPress open source project?,2.81,36.9,24.6,3.3,-12.3
Tenure (combined),6-10 years,56,31,sentiment,How do you feel about the future of the WordPress open source project?,3.02,30.4,32.1,7.1,1.8
Tenure (combined),3-6 years,29,31,sentiment,How do you feel about the future of the WordPress open source project?,2.72,44.8,17.2,3.4,-27.6
Tenure (combined),1-2 years,15,31,sentiment,How do you feel about the future of the WordPress open source project?,2.33,40.0,6.7,0.0,-33.3
Tenure (combined),All respondents,431,34,importance,WordPress open source software,4.58,1.4,94.0,65.4,92.6
Tenure (combined),15+ years,135,34,importance,WordPress open source software,4.7,0.7,97.0,74.1,96.3
Tenure (combined),10-15 years,122,34,importance,WordPress open source software,4.52,3.3,93.4,62.3,90.2
Tenure (combined),6-10 years,56,34,importance,WordPress open source software,4.55,0.0,92.9,62.5,92.9
Tenure (combined),3-6 years,29,34,importance,WordPress open source software,4.76,0.0,100.0,75.9,100.0
Tenure (combined),1-2 years,15,34,importance,WordPress open source software,4.67,0.0,100.0,66.7,100.0
Tenure (combined),All respondents,431,34,importance,The WordPress community,4.13,7.0,80.3,41.8,73.3
Tenure (combined),15+ years,135,34,importance,The WordPress community,4.45,0.7,91.1,55.6,90.4
Tenure (combined),10-15 years,122,34,importance,The WordPress community,4.27,5.7,86.9,48.4,81.1
Tenure (combined),6-10 years,56,34,importance,The WordPress community,4.25,3.6,87.5,41.1,83.9
Tenure (combined),3-6 years,29,34,importance,The WordPress community,4.1,3.4,79.3,34.5,75.9
Tenure (combined),1-2 years,15,34,importance,The WordPress community,3.8,20.0,73.3,26.7,53.3
Tenure (combined),All respondents,431,34,importance,WordPress events and meetups,3.26,26.7,50.1,19.5,23.4
Tenure (combined),15+ years,135,34,importance,WordPress events and meetups,3.7,16.3,68.1,28.9,51.9
Tenure (combined),10-15 years,122,34,importance,WordPress events and meetups,3.52,18.0,54.9,26.2,36.9
Tenure (combined),6-10 years,56,34,importance,WordPress events and meetups,3.39,23.2,57.1,17.9,33.9
Tenure (combined),3-6 years,29,34,importance,WordPress events and meetups,3.34,17.2,51.7,10.3,34.5
Tenure (combined),1-2 years,15,34,importance,WordPress events and meetups,2.13,53.3,6.7,0.0,-46.7
Tenure (combined),All respondents,431,34,importance,Contributing to WordPress,3.31,18.8,45.7,13.9,26.9
Tenure (combined),15+ years,135,34,importance,Contributing to WordPress,3.63,13.3,60.0,22.2,46.7
Tenure (combined),10-15 years,122,34,importance,Contributing to WordPress,3.44,13.1,49.2,14.8,36.1
Tenure (combined),6-10 years,56,34,importance,Contributing to WordPress,3.48,10.7,53.6,14.3,42.9
Tenure (combined),3-6 years,29,34,importance,Contributing to WordPress,3.0,27.6,31.0,6.9,3.4
Tenure (combined),1-2 years,15,34,importance,Contributing to WordPress,3.07,20.0,33.3,6.7,13.3
Tenure (combined),All respondents,431,34,importance,Open source values,4.48,2.6,90.7,61.9,88.2
Tenure (combined),15+ years,135,34,importance,Open source values,4.59,1.5,92.6,68.1,91.1
Tenure (combined),10-15 years,122,34,importance,Open source values,4.48,4.1,91.8,64.8,87.7
Tenure (combined),6-10 years,56,34,importance,Open source values,4.48,0.0,94.6,53.6,94.6
Tenure (combined),3-6 years,29,34,importance,Open source values,4.45,0.0,89.7,55.2,89.7
Tenure (combined),1-2 years,15,34,importance,Open source values,4.6,0.0,86.7,73.3,86.7
Tenure (combined),All respondents,431,34,importance,AI in WordPress,2.47,52.7,29.0,12.8,-23.7
Tenure (combined),15+ years,135,34,importance,AI in WordPress,2.76,43.0,34.8,14.8,-8.1
Tenure (combined),10-15 years,122,34,importance,AI in WordPress,2.62,50.0,32.8,15.6,-17.2
Tenure (combined),6-10 years,56,34,importance,AI in WordPress,2.64,46.4,35.7,8.9,-10.7
Tenure (combined),3-6 years,29,34,importance,AI in WordPress,2.41,48.3,24.1,6.9,-24.1
Tenure (combined),1-2 years,15,34,importance,AI in WordPress,1.93,66.7,13.3,13.3,-53.3
Tenure (combined),All respondents,431,34,importance,Security in WordPress,4.68,1.4,95.1,75.6,93.7
Tenure (combined),15+ years,135,34,importance,Security in WordPress,4.73,0.7,96.3,78.5,95.6
Tenure (combined),10-15 years,122,34,importance,Security in WordPress,4.58,2.5,91.0,71.3,88.5
Tenure (combined),6-10 years,56,34,importance,Security in WordPress,4.7,0.0,100.0,69.6,100.0
Tenure (combined),3-6 years,29,34,importance,Security in WordPress,4.79,0.0,100.0,79.3,100.0
Tenure (combined),1-2 years,15,34,importance,Security in WordPress,4.73,0.0,93.3,80.0,93.3
Tenure (combined),All respondents,431,34,importance,Web standards and compliance,4.57,1.6,93.7,65.9,92.1
Tenure (combined),15+ years,135,34,importance,Web standards and compliance,4.66,0.7,97.0,70.4,96.3
Tenure (combined),10-15 years,122,34,importance,Web standards and compliance,4.52,3.3,93.4,63.1,90.2
Tenure (combined),6-10 years,56,34,importance,Web standards and compliance,4.48,0.0,89.3,58.9,89.3
Tenure (combined),3-6 years,29,34,importance,Web standards and compliance,4.59,0.0,93.1,65.5,93.1
Tenure (combined),1-2 years,15,34,importance,Web standards and compliance,4.67,0.0,93.3,73.3,93.3
Tenure (combined),All respondents,431,34,importance,WordPress leadership,4.04,8.1,73.8,43.4,65.7
Tenure (combined),15+ years,135,34,importance,WordPress leadership,4.12,10.4,77.0,49.6,66.7
Tenure (combined),10-15 years,122,34,importance,WordPress leadership,4.16,5.7,79.5,46.7,73.8
Tenure (combined),6-10 years,56,34,importance,WordPress leadership,3.98,7.1,75.0,37.5,67.9
Tenure (combined),3-6 years,29,34,importance,WordPress leadership,4.1,6.9,75.9,48.3,69.0
Tenure (combined),1-2 years,15,34,importance,WordPress leadership,4.0,0.0,66.7,33.3,66.7
Tenure (combined),All respondents,431,34,importance,WordPress governance,4.17,5.8,76.6,50.8,70.8
Tenure (combined),15+ years,135,34,importance,WordPress governance,4.33,5.2,82.2,58.5,77.0
Tenure (combined),10-15 years,122,34,importance,WordPress governance,4.29,4.1,79.5,57.4,75.4
Tenure (combined),6-10 years,56,34,importance,WordPress governance,3.98,5.4,71.4,37.5,66.1
Tenure (combined),3-6 years,29,34,importance,WordPress governance,4.28,6.9,86.2,55.2,79.3
Tenure (combined),1-2 years,15,34,importance,WordPress governance,4.13,0.0,66.7,46.7,66.7
Tenure (combined),All respondents,431,34,importance,"Business issues (mergers & acquisitions, product ecosystem, private equity investment, etc.)",3.14,25.5,41.5,12.5,16.0
Tenure (combined),15+ years,135,34,importance,"Business issues (mergers & acquisitions, product ecosystem, private equity investment, etc.)",3.15,25.2,40.7,11.9,15.6
Tenure (combined),10-15 years,122,34,importance,"Business issues (mergers & acquisitions, product ecosystem, private equity investment, etc.)",3.33,21.3,50.0,15.6,28.7
Tenure (combined),6-10 years,56,34,importance,"Business issues (mergers & acquisitions, product ecosystem, private equity investment, etc.)",3.18,21.4,39.3,10.7,17.9
Tenure (combined),3-6 years,29,34,importance,"Business issues (mergers & acquisitions, product ecosystem, private equity investment, etc.)",3.31,13.8,44.8,13.8,31.0
Tenure (combined),1-2 years,15,34,importance,"Business issues (mergers & acquisitions, product ecosystem, private equity investment, etc.)",3.13,20.0,40.0,6.7,20.0
Tenure (combined),All respondents,431,34,importance,Enterprise/scale issues,3.13,24.8,40.1,11.1,15.3
Tenure (combined),15+ years,135,34,importance,Enterprise/scale issues,3.26,20.7,47.4,14.1,26.7
Tenure (combined),10-15 years,122,34,importance,Enterprise/scale issues,3.15,26.2,41.0,10.7,14.8
Tenure (combined),6-10 years,56,34,importance,Enterprise/scale issues,3.36,16.1,48.2,10.7,32.1
Tenure (combined),3-6 years,29,34,importance,Enterprise/scale issues,2.97,24.1,27.6,10.3,3.4
Tenure (combined),1-2 years,15,34,importance,Enterprise/scale issues,2.6,46.7,20.0,6.7,-26.7
Tenure (combined),All respondents,431,34,importance,Collaboration with the greater open source ecosystem,3.82,8.8,67.7,26.0,58.9
Tenure (combined),15+ years,135,34,importance,Collaboration with the greater open source ecosystem,3.83,8.1,65.2,28.9,57.0
Tenure (combined),10-15 years,122,34,importance,Collaboration with the greater open source ecosystem,3.82,9.0,68.9,26.2,59.8
Tenure (combined),6-10 years,56,34,importance,Collaboration with the greater open source ecosystem,4.0,3.6,78.6,25.0,75.0
Tenure (combined),3-6 years,29,34,importance,Collaboration with the greater open source ecosystem,3.62,17.2,62.1,17.2,44.8
Tenure (combined),1-2 years,15,34,importance,Collaboration with the greater open source ecosystem,3.87,0.0,66.7,20.0,66.7
Tenure (combined),All respondents,431,38,importance,Personal capacity,4.22,3.7,82.8,44.5,79.1
Tenure (combined),15+ years,135,38,importance,Personal capacity,4.21,3.7,81.5,44.4,77.8
Tenure (combined),10-15 years,122,38,importance,Personal capacity,4.14,5.7,81.1,40.2,75.4
Tenure (combined),6-10 years,56,38,importance,Personal capacity,4.43,0.0,89.3,53.6,89.3
Tenure (combined),3-6 years,29,38,importance,Personal capacity,4.45,0.0,100.0,44.8,100.0
Tenure (combined),1-2 years,15,38,importance,Personal capacity,4.27,0.0,86.7,40.0,86.7
Tenure (combined),All respondents,431,38,importance,Financial incentives/restraints,3.05,27.4,33.6,11.8,6.3
Tenure (combined),15+ years,135,38,importance,Financial incentives/restraints,3.01,25.2,32.6,7.4,7.4
Tenure (combined),10-15 years,122,38,importance,Financial incentives/restraints,3.11,23.8,34.4,9.8,10.7
Tenure (combined),6-10 years,56,38,importance,Financial incentives/restraints,3.11,26.8,32.1,16.1,5.4
Tenure (combined),3-6 years,29,38,importance,Financial incentives/restraints,3.21,31.0,44.8,20.7,13.8
Tenure (combined),1-2 years,15,38,importance,Financial incentives/restraints,3.47,20.0,46.7,20.0,26.7
Tenure (combined),All respondents,431,38,importance,Impact of my contributions to the project,3.4,14.4,47.8,12.8,33.4
Tenure (combined),15+ years,135,38,importance,Impact of my contributions to the project,3.44,15.6,49.6,15.6,34.1
Tenure (combined),10-15 years,122,38,importance,Impact of my contributions to the project,3.42,12.3,47.5,10.7,35.2
Tenure (combined),6-10 years,56,38,importance,Impact of my contributions to the project,3.52,14.3,55.4,16.1,41.1
Tenure (combined),3-6 years,29,38,importance,Impact of my contributions to the project,3.38,13.8,44.8,6.9,31.0
Tenure (combined),1-2 years,15,38,importance,Impact of my contributions to the project,3.73,6.7,66.7,13.3,60.0
Tenure (combined),All respondents,431,38,importance,Impact of my participation on my professional or personal life,3.6,9.5,58.5,15.3,49.0
Tenure (combined),15+ years,135,38,importance,Impact of my participation on my professional or personal life,3.67,9.6,62.2,17.0,52.6
Tenure (combined),10-15 years,122,38,importance,Impact of my participation on my professional or personal life,3.7,7.4,63.1,15.6,55.7
Tenure (combined),6-10 years,56,38,importance,Impact of my participation on my professional or personal life,3.71,7.1,66.1,16.1,58.9
Tenure (combined),3-6 years,29,38,importance,Impact of my participation on my professional or personal life,3.59,3.4,55.2,10.3,51.7
Tenure (combined),1-2 years,15,38,importance,Impact of my participation on my professional or personal life,3.4,6.7,46.7,6.7,40.0
Tenure (combined),All respondents,431,38,importance,Understanding how to participate,3.59,10.7,59.6,16.2,49.0
Tenure (combined),15+ years,135,38,importance,Understanding how to participate,3.53,11.9,55.6,16.3,43.7
Tenure (combined),10-15 years,122,38,importance,Understanding how to participate,3.61,9.0,59.8,14.8,50.8
Tenure (combined),6-10 years,56,38,importance,Understanding how to participate,3.68,10.7,66.1,17.9,55.4
Tenure (combined),3-6 years,29,38,importance,Understanding how to participate,3.72,6.9,72.4,10.3,65.5
Tenure (combined),1-2 years,15,38,importance,Understanding how to participate,3.67,6.7,66.7,6.7,60.0
Tenure (combined),All respondents,431,38,importance,Mentorship or guidance,3.08,23.9,33.4,7.4,9.5
Tenure (combined),15+ years,135,38,importance,Mentorship or guidance,2.99,27.4,31.9,6.7,4.4
Tenure (combined),10-15 years,122,38,importance,Mentorship or guidance,3.03,24.6,31.1,6.6,6.6
Tenure (combined),6-10 years,56,38,importance,Mentorship or guidance,3.43,16.1,51.8,10.7,35.7
Tenure (combined),3-6 years,29,38,importance,Mentorship or guidance,3.21,20.7,37.9,3.4,17.2
Tenure (combined),1-2 years,15,38,importance,Mentorship or guidance,2.93,26.7,13.3,6.7,-13.3
Tenure (combined),All respondents,431,38,importance,Project roadmap,3.43,17.2,51.7,14.2,34.6
Tenure (combined),15+ years,135,38,importance,Project roadmap,3.39,20.0,49.6,14.1,29.6
Tenure (combined),10-15 years,122,38,importance,Project roadmap,3.54,13.1,57.4,13.9,44.3
Tenure (combined),6-10 years,56,38,importance,Project roadmap,3.48,17.9,57.1,16.1,39.3
Tenure (combined),3-6 years,29,38,importance,Project roadmap,3.38,20.7,51.7,10.3,31.0
Tenure (combined),1-2 years,15,38,importance,Project roadmap,3.33,13.3,40.0,6.7,26.7
Tenure (combined),All respondents,431,38,importance,Project leadership,3.83,12.5,67.3,32.7,54.8
Tenure (combined),15+ years,135,38,importance,Project leadership,3.83,12.6,68.1,32.6,55.6
Tenure (combined),10-15 years,122,38,importance,Project leadership,3.97,9.8,73.0,36.1,63.1
Tenure (combined),6-10 years,56,38,importance,Project leadership,3.62,17.9,60.7,25.0,42.9
Tenure (combined),3-6 years,29,38,importance,Project leadership,4.03,6.9,72.4,41.4,65.5
Tenure (combined),1-2 years,15,38,importance,Project leadership,3.4,20.0,46.7,13.3,26.7
Tenure (combined),All respondents,431,38,importance,Project governance/policies,3.85,10.4,66.4,32.7,55.9
Tenure (combined),15+ years,135,38,importance,Project governance/policies,3.87,11.9,66.7,35.6,54.8
Tenure (combined),10-15 years,122,38,importance,Project governance/policies,3.97,9.0,71.3,36.9,62.3
Tenure (combined),6-10 years,56,38,importance,Project governance/policies,3.75,12.5,64.3,26.8,51.8
Tenure (combined),3-6 years,29,38,importance,Project governance/policies,3.93,0.0,69.0,24.1,69.0
Tenure (combined),1-2 years,15,38,importance,Project governance/policies,3.8,6.7,60.0,26.7,53.3
Tenure (combined),All respondents,431,38,importance,"Advocacy on behalf of web standards (accessibility, privacy, etc.)",3.99,7.7,75.6,33.6,68.0
Tenure (combined),15+ years,135,38,importance,"Advocacy on behalf of web standards (accessibility, privacy, etc.)",4.07,8.1,78.5,37.8,70.4
Tenure (combined),10-15 years,122,38,importance,"Advocacy on behalf of web standards (accessibility, privacy, etc.)",4.07,5.7,77.9,36.1,72.1
Tenure (combined),6-10 years,56,38,importance,"Advocacy on behalf of web standards (accessibility, privacy, etc.)",3.77,8.9,66.1,21.4,57.1
Tenure (combined),3-6 years,29,38,importance,"Advocacy on behalf of web standards (accessibility, privacy, etc.)",3.93,6.9,79.3,24.1,72.4
Tenure (combined),1-2 years,15,38,importance,"Advocacy on behalf of web standards (accessibility, privacy, etc.)",3.67,13.3,66.7,20.0,53.3
Tenure (combined),All respondents,431,38,importance,Participation in the WordPress community,3.52,10.0,53.4,15.3,43.4
Tenure (combined),15+ years,135,38,importance,Participation in the WordPress community,3.73,8.1,66.7,20.0,58.5
Tenure (combined),10-15 years,122,38,importance,Participation in the WordPress community,3.76,5.7,62.3,21.3,56.6
Tenure (combined),6-10 years,56,38,importance,Participation in the WordPress community,3.66,8.9,64.3,17.9,55.4
Tenure (combined),3-6 years,29,38,importance,Participation in the WordPress community,3.31,6.9,34.5,3.4,27.6
Tenure (combined),1-2 years,15,38,importance,Participation in the WordPress community,3.4,6.7,40.0,6.7,33.3
Tenure (combined),All respondents,431,38,importance,Feeling welcome/included,4.06,5.8,76.3,39.2,70.5
Tenure (combined),15+ years,135,38,importance,Feeling welcome/included,4.19,3.7,79.3,45.9,75.6
Tenure (combined),10-15 years,122,38,importance,Feeling welcome/included,4.11,4.9,79.5,37.7,74.6
Tenure (combined),6-10 years,56,38,importance,Feeling welcome/included,4.18,3.6,78.6,46.4,75.0
Tenure (combined),3-6 years,29,38,importance,Feeling welcome/included,4.07,3.4,82.8,27.6,79.3
Tenure (combined),1-2 years,15,38,importance,Feeling welcome/included,3.67,13.3,53.3,33.3,40.0
Tenure (combined),All respondents,431,38,importance,Participating in a language other than English,2.46,45.2,19.7,6.3,-25.5
Tenure (combined),15+ years,135,38,importance,Participating in a language other than English,2.54,44.4,23.0,7.4,-21.5
Tenure (combined),10-15 years,122,38,importance,Participating in a language other than English,2.6,39.3,19.7,7.4,-19.7
Tenure (combined),6-10 years,56,38,importance,Participating in a language other than English,2.68,42.9,28.6,12.5,-14.3
Tenure (combined),3-6 years,29,38,importance,Participating in a language other than English,2.14,55.2,10.3,0.0,-44.8
Tenure (combined),1-2 years,15,38,importance,Participating in a language other than English,1.53,73.3,0.0,0.0,-73.3
Tenure (combined),All respondents,431,38,importance,Working asynchronously,3.61,11.6,55.5,24.1,43.9
Tenure (combined),15+ years,135,38,importance,Working asynchronously,3.67,10.4,56.3,26.7,45.9
Tenure (combined),10-15 years,122,38,importance,Working asynchronously,3.68,7.4,58.2,19.7,50.8
Tenure (combined),6-10 years,56,38,importance,Working asynchronously,3.66,16.1,60.7,30.4,44.6
Tenure (combined),3-6 years,29,38,importance,Working asynchronously,3.38,13.8,48.3,17.2,34.5
Tenure (combined),1-2 years,15,38,importance,Working asynchronously,3.6,0.0,53.3,6.7,53.3
Tenure (combined),All respondents,431,50,agreement,Attending in-person WordPress-related events is important to me.,3.13,35.3,46.6,21.3,11.4
Tenure (combined),15+ years,135,50,agreement,Attending in-person WordPress-related events is important to me.,3.54,20.7,59.3,29.6,38.5
Tenure (combined),10-15 years,122,50,agreement,Attending in-person WordPress-related events is important to me.,3.38,28.7,52.5,24.6,23.8
Tenure (combined),6-10 years,56,50,agreement,Attending in-person WordPress-related events is important to me.,3.61,21.4,60.7,32.1,39.3
Tenure (combined),3-6 years,29,50,agreement,Attending in-person WordPress-related events is important to me.,3.1,34.5,51.7,10.3,17.2
Tenure (combined),1-2 years,15,50,agreement,Attending in-person WordPress-related events is important to me.,2.0,80.0,6.7,6.7,-73.3
Tenure (combined),All respondents,431,57,importance,A location local to you,3.73,13.9,65.9,27.8,52.0
Tenure (combined),15+ years,135,57,importance,A location local to you,3.61,17.0,63.0,24.4,45.9
Tenure (combined),10-15 years,122,57,importance,A location local to you,3.69,13.9,61.5,25.4,47.5
Tenure (combined),6-10 years,56,57,importance,A location local to you,4.02,8.9,80.4,35.7,71.4
Tenure (combined),3-6 years,29,57,importance,A location local to you,3.79,13.8,69.0,24.1,55.2
Tenure (combined),1-2 years,15,57,importance,A location local to you,3.53,26.7,73.3,33.3,46.7
Tenure (combined),All respondents,431,57,importance,A regional/destination location,3.42,16.7,54.3,13.9,37.6
Tenure (combined),15+ years,135,57,importance,A regional/destination location,3.44,17.8,54.8,17.0,37.0
Tenure (combined),10-15 years,122,57,importance,A regional/destination location,3.45,13.1,51.6,12.3,38.5
Tenure (combined),6-10 years,56,57,importance,A regional/destination location,3.66,14.3,69.6,19.6,55.4
Tenure (combined),3-6 years,29,57,importance,A regional/destination location,3.41,17.2,51.7,13.8,34.5
Tenure (combined),1-2 years,15,57,importance,A regional/destination location,3.0,33.3,60.0,6.7,26.7
Tenure (combined),All respondents,431,57,importance,Events with smaller attendance,2.91,24.8,25.1,3.9,0.2
Tenure (combined),15+ years,135,57,importance,Events with smaller attendance,2.81,27.4,23.0,2.2,-4.4
Tenure (combined),10-15 years,122,57,importance,Events with smaller attendance,2.92,23.8,20.5,3.3,-3.3
Tenure (combined),6-10 years,56,57,importance,Events with smaller attendance,2.89,25.0,26.8,1.8,1.8
Tenure (combined),3-6 years,29,57,importance,Events with smaller attendance,2.93,24.1,20.7,6.9,-3.4
Tenure (combined),1-2 years,15,57,importance,Events with smaller attendance,2.8,33.3,40.0,6.7,6.7
Tenure (combined),All respondents,431,57,importance,Events with larger attendance,2.72,31.6,16.9,2.8,-14.6
Tenure (combined),15+ years,135,57,importance,Events with larger attendance,2.8,27.4,20.0,3.7,-7.4
Tenure (combined),10-15 years,122,57,importance,Events with larger attendance,2.91,25.4,21.3,2.5,-4.1
Tenure (combined),6-10 years,56,57,importance,Events with larger attendance,2.68,32.1,16.1,1.8,-16.1
Tenure (combined),3-6 years,29,57,importance,Events with larger attendance,2.83,24.1,13.8,3.4,-10.3
Tenure (combined),1-2 years,15,57,importance,Events with larger attendance,1.8,66.7,6.7,0.0,-60.0
Tenure (combined),All respondents,431,57,importance,"Hard skill development (technical instruction, workshops, etc.)",3.37,18.1,52.9,11.8,34.8
Tenure (combined),15+ years,135,57,importance,"Hard skill development (technical instruction, workshops, etc.)",3.25,20.7,47.4,11.1,26.7
Tenure (combined),10-15 years,122,57,importance,"Hard skill development (technical instruction, workshops, etc.)",3.34,18.9,48.4,13.1,29.5
Tenure (combined),6-10 years,56,57,importance,"Hard skill development (technical instruction, workshops, etc.)",3.55,14.3,62.5,12.5,48.2
Tenure (combined),3-6 years,29,57,importance,"Hard skill development (technical instruction, workshops, etc.)",3.69,13.8,65.5,17.2,51.7
Tenure (combined),1-2 years,15,57,importance,"Hard skill development (technical instruction, workshops, etc.)",2.73,40.0,33.3,6.7,-6.7
Tenure (combined),All respondents,431,57,importance,"Soft skill development (business development, personal development, etc.)",3.08,24.8,38.5,6.7,13.7
Tenure (combined),15+ years,135,57,importance,"Soft skill development (business development, personal development, etc.)",3.18,23.0,44.4,5.9,21.5
Tenure (combined),10-15 years,122,57,importance,"Soft skill development (business development, personal development, etc.)",3.07,23.8,36.9,5.7,13.1
Tenure (combined),6-10 years,56,57,importance,"Soft skill development (business development, personal development, etc.)",3.16,23.2,39.3,14.3,16.1
Tenure (combined),3-6 years,29,57,importance,"Soft skill development (business development, personal development, etc.)",3.45,20.7,58.6,10.3,37.9
Tenure (combined),1-2 years,15,57,importance,"Soft skill development (business development, personal development, etc.)",2.47,46.7,26.7,0.0,-20.0
Tenure (combined),All respondents,431,57,importance,Topics of sessions / panels,3.69,11.1,67.3,18.6,56.1
Tenure (combined),15+ years,135,57,importance,Topics of sessions / panels,3.68,11.9,68.9,16.3,57.0
Tenure (combined),10-15 years,122,57,importance,Topics of sessions / panels,3.57,13.1,62.3,15.6,49.2
Tenure (combined),6-10 years,56,57,importance,Topics of sessions / panels,3.73,8.9,66.1,17.9,57.1
Tenure (combined),3-6 years,29,57,importance,Topics of sessions / panels,4.14,0.0,86.2,27.6,86.2
Tenure (combined),1-2 years,15,57,importance,Topics of sessions / panels,3.67,13.3,80.0,13.3,66.7
Tenure (combined),All respondents,431,57,importance,Particular speakers / keynotes,3.14,21.8,38.7,7.7,16.9
Tenure (combined),15+ years,135,57,importance,Particular speakers / keynotes,3.24,18.5,43.7,7.4,25.2
Tenure (combined),10-15 years,122,57,importance,Particular speakers / keynotes,3.09,21.3,35.2,5.7,13.9
Tenure (combined),6-10 years,56,57,importance,Particular speakers / keynotes,3.29,21.4,46.4,12.5,25.0
Tenure (combined),3-6 years,29,57,importance,Particular speakers / keynotes,3.24,20.7,44.8,6.9,24.1
Tenure (combined),1-2 years,15,57,importance,Particular speakers / keynotes,3.13,20.0,40.0,6.7,20.0
Tenure (combined),All respondents,431,57,importance,Meeting professional development requirements,2.83,32.0,28.8,7.0,-3.2
Tenure (combined),15+ years,135,57,importance,Meeting professional development requirements,2.84,31.9,29.6,5.2,-2.2
Tenure (combined),10-15 years,122,57,importance,Meeting professional development requirements,2.87,27.9,27.0,8.2,-0.8
Tenure (combined),6-10 years,56,57,importance,Meeting professional development requirements,2.89,28.6,32.1,7.1,3.6
Tenure (combined),3-6 years,29,57,importance,Meeting professional development requirements,2.66,48.3,27.6,6.9,-20.7
Tenure (combined),1-2 years,15,57,importance,Meeting professional development requirements,2.33,53.3,13.3,6.7,-40.0
Tenure (combined),All respondents,431,57,importance,Networking opportunities,3.65,14.2,60.6,25.1,46.4
Tenure (combined),15+ years,135,57,importance,Networking opportunities,3.79,11.1,68.1,26.7,57.0
Tenure (combined),10-15 years,122,57,importance,Networking opportunities,3.81,8.2,63.9,29.5,55.7
Tenure (combined),6-10 years,56,57,importance,Networking opportunities,3.98,7.1,73.2,35.7,66.1
Tenure (combined),3-6 years,29,57,importance,Networking opportunities,3.55,20.7,58.6,24.1,37.9
Tenure (combined),1-2 years,15,57,importance,Networking opportunities,2.93,33.3,40.0,13.3,6.7
Tenure (combined),All respondents,431,57,importance,Community development/engagement,3.61,11.8,61.5,18.3,49.7
Tenure (combined),15+ years,135,57,importance,Community development/engagement,3.76,9.6,68.1,24.4,58.5
Tenure (combined),10-15 years,122,57,importance,Community development/engagement,3.75,4.9,63.9,18.0,59.0
Tenure (combined),6-10 years,56,57,importance,Community development/engagement,3.89,8.9,76.8,26.8,67.9
Tenure (combined),3-6 years,29,57,importance,Community development/engagement,3.38,17.2,55.2,6.9,37.9
Tenure (combined),1-2 years,15,57,importance,Community development/engagement,2.87,33.3,33.3,6.7,0.0
Tenure (combined),All respondents,431,57,importance,Cost of ticket,3.44,19.5,54.5,17.6,35.0
Tenure (combined),15+ years,135,57,importance,Cost of ticket,3.28,22.2,46.7,14.8,24.4
Tenure (combined),10-15 years,122,57,importance,Cost of ticket,3.45,20.5,59.0,13.9,38.5
Tenure (combined),6-10 years,56,57,importance,Cost of ticket,3.52,19.6,60.7,19.6,41.1
Tenure (combined),3-6 years,29,57,importance,Cost of ticket,3.72,13.8,62.1,24.1,48.3
Tenure (combined),1-2 years,15,57,importance,Cost of ticket,3.13,20.0,53.3,0.0,33.3
Tenure (combined),All respondents,431,57,importance,"Cost of attendance (travel, housing, etc.)",3.9,11.4,72.4,34.3,61.0
Tenure (combined),15+ years,135,57,importance,"Cost of attendance (travel, housing, etc.)",3.83,13.3,68.1,34.1,54.8
Tenure (combined),10-15 years,122,57,importance,"Cost of attendance (travel, housing, etc.)",3.89,10.7,74.6,28.7,63.9
Tenure (combined),6-10 years,56,57,importance,"Cost of attendance (travel, housing, etc.)",4.05,8.9,76.8,41.1,67.9
Tenure (combined),3-6 years,29,57,importance,"Cost of attendance (travel, housing, etc.)",4.17,6.9,86.2,37.9,79.3
Tenure (combined),1-2 years,15,57,importance,"Cost of attendance (travel, housing, etc.)",3.6,20.0,73.3,26.7,53.3
Tenure (combined),All respondents,431,59,sentiment,"Right now, how do you generally feel about open source software?",4.16,3.9,81.7,39.4,77.7
Tenure (combined),15+ years,135,59,sentiment,"Right now, how do you generally feel about open source software?",4.23,3.7,83.7,43.7,80.0
Tenure (combined),10-15 years,122,59,sentiment,"Right now, how do you generally feel about open source software?",4.14,3.3,82.8,35.2,79.5
Tenure (combined),6-10 years,56,59,sentiment,"Right now, how do you generally feel about open source software?",4.18,1.8,82.1,37.5,80.4
Tenure (combined),3-6 years,29,59,sentiment,"Right now, how do you generally feel about open source software?",4.17,3.4,82.8,37.9,79.3
Tenure (combined),1-2 years,15,59,sentiment,"Right now, how do you generally feel about open source software?",4.4,0.0,80.0,60.0,80.0
Tenure (combined),All respondents,431,62,importance,Open source software,4.59,1.2,93.5,68.0,92.3
Tenure (combined),15+ years,135,62,importance,Open source software,4.68,0.7,96.3,73.3,95.6
Tenure (combined),10-15 years,122,62,importance,Open source software,4.53,2.5,92.6,64.8,90.2
Tenure (combined),6-10 years,56,62,importance,Open source software,4.61,0.0,96.4,64.3,96.4
Tenure (combined),3-6 years,29,62,importance,Open source software,4.62,0.0,93.1,69.0,93.1
Tenure (combined),1-2 years,15,62,importance,Open source software,4.67,0.0,86.7,80.0,86.7
Tenure (combined),All respondents,431,62,importance,Open source values (whatever that means to you)required,4.51,3.2,91.9,64.3,88.6
Tenure (combined),15+ years,135,62,importance,Open source values (whatever that means to you)required,4.64,1.5,96.3,70.4,94.8
Tenure (combined),10-15 years,122,62,importance,Open source values (whatever that means to you)required,4.46,4.1,91.0,61.5,86.9
Tenure (combined),6-10 years,56,62,importance,Open source values (whatever that means to you)required,4.55,1.8,92.9,64.3,91.1
Tenure (combined),3-6 years,29,62,importance,Open source values (whatever that means to you)required,4.41,3.4,89.7,55.2,86.2
Tenure (combined),1-2 years,15,62,importance,Open source values (whatever that means to you)required,4.33,6.7,80.0,66.7,73.3
Tenure (combined),All respondents,431,62,importance,The sustainability of open source projects,4.58,1.2,93.3,66.6,92.1
Tenure (combined),15+ years,135,62,importance,The sustainability of open source projects,4.66,1.5,96.3,71.9,94.8
Tenure (combined),10-15 years,122,62,importance,The sustainability of open source projects,4.53,1.6,94.3,62.3,92.6
Tenure (combined),6-10 years,56,62,importance,The sustainability of open source projects,4.52,0.0,89.3,62.5,89.3
Tenure (combined),3-6 years,29,62,importance,The sustainability of open source projects,4.62,0.0,89.7,72.4,89.7
Tenure (combined),1-2 years,15,62,importance,The sustainability of open source projects,4.6,0.0,86.7,73.3,86.7
Tenure (combined),All respondents,431,62,importance,Open source in WordPress,4.51,2.8,92.1,63.1,89.3
Tenure (combined),15+ years,135,62,importance,Open source in WordPress,4.67,0.7,97.8,70.4,97.0
Tenure (combined),10-15 years,122,62,importance,Open source in WordPress,4.47,3.3,91.8,60.7,88.5
Tenure (combined),6-10 years,56,62,importance,Open source in WordPress,4.54,1.8,94.6,62.5,92.9
Tenure (combined),3-6 years,29,62,importance,Open source in WordPress,4.34,0.0,79.3,55.2,79.3
Tenure (combined),1-2 years,15,62,importance,Open source in WordPress,4.33,6.7,80.0,60.0,73.3
Tenure (combined),All respondents,431,62,importance,Open source in AI,3.24,29.2,50.1,27.4,20.9
Tenure (combined),15+ years,135,62,importance,Open source in AI,3.49,23.7,59.3,31.1,35.6
Tenure (combined),10-15 years,122,62,importance,Open source in AI,3.39,25.4,53.3,32.8,27.9
Tenure (combined),6-10 years,56,62,importance,Open source in AI,3.52,21.4,58.9,28.6,37.5
Tenure (combined),3-6 years,29,62,importance,Open source in AI,2.97,34.5,34.5,20.7,0.0
Tenure (combined),1-2 years,15,62,importance,Open source in AI,3.27,26.7,46.7,26.7,20.0
Tenure (combined),All respondents,431,67,sentiment,"Right now, how do you generally feel about AI in the tech industry?",2.6,46.2,31.1,10.0,-15.1
Tenure (combined),15+ years,135,67,sentiment,"Right now, how do you generally feel about AI in the tech industry?",2.97,36.3,43.7,12.6,7.4
Tenure (combined),10-15 years,122,67,sentiment,"Right now, how do you generally feel about AI in the tech industry?",2.59,42.6,26.2,6.6,-16.4
Tenure (combined),6-10 years,56,67,sentiment,"Right now, how do you generally feel about AI in the tech industry?",3.09,33.9,41.1,19.6,7.1
Tenure (combined),3-6 years,29,67,sentiment,"Right now, how do you generally feel about AI in the tech industry?",2.48,51.7,27.6,6.9,-24.1
Tenure (combined),1-2 years,15,67,sentiment,"Right now, how do you generally feel about AI in the tech industry?",2.07,60.0,20.0,6.7,-40.0
Tenure (combined),All respondents,431,68,sentiment,"Right now, how do you generally feel about AI in WordPress?",2.35,49.9,16.9,3.9,-32.9
Tenure (combined),15+ years,135,68,sentiment,"Right now, how do you generally feel about AI in WordPress?",2.69,39.3,25.2,7.4,-14.1
Tenure (combined),10-15 years,122,68,sentiment,"Right now, how do you generally feel about AI in WordPress?",2.5,43.4,16.4,4.1,-27.0
Tenure (combined),6-10 years,56,68,sentiment,"Right now, how do you generally feel about AI in WordPress?",2.59,39.3,23.2,1.8,-16.1
Tenure (combined),3-6 years,29,68,sentiment,"Right now, how do you generally feel about AI in WordPress?",2.21,55.2,17.2,0.0,-37.9
Tenure (combined),1-2 years,15,68,sentiment,"Right now, how do you generally feel about AI in WordPress?",1.6,80.0,0.0,0.0,-80.0
Tenure (combined),All respondents,431,69,sentiment,"Right now, how do you generally feel about AI in web development (vibe coding, agentic development, etc.)?",2.7,44.8,34.6,12.5,-10.2
Tenure (combined),15+ years,135,69,sentiment,"Right now, how do you generally feel about AI in web development (vibe coding, agentic development, etc.)?",3.01,36.3,40.0,18.5,3.7
Tenure (combined),10-15 years,122,69,sentiment,"Right now, how do you generally feel about AI in web development (vibe coding, agentic development, etc.)?",2.75,42.6,34.4,10.7,-8.2
Tenure (combined),6-10 years,56,69,sentiment,"Right now, how do you generally feel about AI in web development (vibe coding, agentic development, etc.)?",3.21,26.8,50.0,16.1,23.2
Tenure (combined),3-6 years,29,69,sentiment,"Right now, how do you generally feel about AI in web development (vibe coding, agentic development, etc.)?",2.76,41.4,41.4,10.3,0.0
Tenure (combined),1-2 years,15,69,sentiment,"Right now, how do you generally feel about AI in web development (vibe coding, agentic development, etc.)?",2.4,53.3,26.7,6.7,-26.7
Participation level,All respondents,431,19,agreement,I consider myself to be a contributor to the WordPress open source project.,3.04,37.1,42.0,17.6,4.9
Participation level,Occasional participation,144,19,agreement,I consider myself to be a contributor to the WordPress open source project.,3.32,22.2,47.2,13.9,25.0
Participation level,Observational only,97,19,agreement,I consider myself to be a contributor to the WordPress open source project.,2.23,66.0,14.4,1.0,-51.5
Participation level,Moderately active participation,76,19,agreement,I consider myself to be a contributor to the WordPress open source project.,3.93,7.9,73.7,31.6,65.8
Participation level,Very active participation,44,19,agreement,I consider myself to be a contributor to the WordPress open source project.,4.5,4.5,88.6,68.2,84.1
Participation level,Inactive,35,19,agreement,I consider myself to be a contributor to the WordPress open source project.,1.89,74.3,8.6,2.9,-65.7
Participation level,Do not participate / Not applicable,35,19,agreement,I consider myself to be a contributor to the WordPress open source project.,1.54,85.7,2.9,0.0,-82.9
Participation level,All respondents,431,22,agreement,I consider myself to be a member of the WordPress community.,3.88,12.3,71.5,32.9,59.2
Participation level,Occasional participation,144,22,agreement,I consider myself to be a member of the WordPress community.,4.09,2.8,86.1,25.7,83.3
Participation level,Observational only,97,22,agreement,I consider myself to be a member of the WordPress community.,3.34,19.6,52.6,5.2,33.0
Participation level,Moderately active participation,76,22,agreement,I consider myself to be a member of the WordPress community.,4.68,0.0,97.4,71.1,97.4
Participation level,Very active participation,44,22,agreement,I consider myself to be a member of the WordPress community.,4.95,0.0,100.0,95.5,100.0
Participation level,Inactive,35,22,agreement,I consider myself to be a member of the WordPress community.,2.83,37.1,25.7,8.6,-11.4
Participation level,Do not participate / Not applicable,35,22,agreement,I consider myself to be a member of the WordPress community.,2.49,48.6,17.1,2.9,-31.4
Participation level,All respondents,431,28,sentiment,"Right now, how do you feel overall about the WordPress open source project?",2.87,38.1,32.7,4.6,-5.3
Participation level,Occasional participation,144,28,sentiment,"Right now, how do you feel overall about the WordPress open source project?",2.9,37.5,33.3,4.2,-4.2
Participation level,Observational only,97,28,sentiment,"Right now, how do you feel overall about the WordPress open source project?",2.72,47.4,26.8,5.2,-20.6
Participation level,Moderately active participation,76,28,sentiment,"Right now, how do you feel overall about the WordPress open source project?",3.03,26.3,32.9,3.9,6.6
Participation level,Very active participation,44,28,sentiment,"Right now, how do you feel overall about the WordPress open source project?",3.64,11.4,65.9,11.4,54.5
Participation level,Inactive,35,28,sentiment,"Right now, how do you feel overall about the WordPress open source project?",2.34,60.0,20.0,0.0,-40.0
Participation level,Do not participate / Not applicable,35,28,sentiment,"Right now, how do you feel overall about the WordPress open source project?",2.4,51.4,17.1,2.9,-34.3
Participation level,All respondents,431,31,sentiment,How do you feel about the future of the WordPress open source project?,2.8,39.0,24.4,5.1,-14.6
Participation level,Occasional participation,144,31,sentiment,How do you feel about the future of the WordPress open source project?,2.83,37.5,23.6,3.5,-13.9
Participation level,Observational only,97,31,sentiment,How do you feel about the future of the WordPress open source project?,2.51,54.6,15.5,4.1,-39.2
Participation level,Moderately active participation,76,31,sentiment,How do you feel about the future of the WordPress open source project?,3.08,25.0,32.9,7.9,7.9
Participation level,Very active participation,44,31,sentiment,How do you feel about the future of the WordPress open source project?,3.57,11.4,56.8,15.9,45.5
Participation level,Inactive,35,31,sentiment,How do you feel about the future of the WordPress open source project?,2.34,51.4,8.6,0.0,-42.9
Participation level,Do not participate / Not applicable,35,31,sentiment,How do you feel about the future of the WordPress open source project?,2.34,54.3,8.6,0.0,-45.7
Participation level,All respondents,431,34,importance,WordPress open source software,4.58,1.4,94.0,65.4,92.6
Participation level,Occasional participation,144,34,importance,WordPress open source software,4.62,0.0,97.2,65.3,97.2
Participation level,Observational only,97,34,importance,WordPress open source software,4.49,2.1,94.8,56.7,92.8
Participation level,Moderately active participation,76,34,importance,WordPress open source software,4.71,0.0,96.1,75.0,96.1
Participation level,Very active participation,44,34,importance,WordPress open source software,4.82,0.0,100.0,81.8,100.0
Participation level,Inactive,35,34,importance,WordPress open source software,4.54,0.0,85.7,68.6,85.7
Participation level,Do not participate / Not applicable,35,34,importance,WordPress open source software,4.03,11.4,74.3,45.7,62.9
Participation level,All respondents,431,34,importance,The WordPress community,4.13,7.0,80.3,41.8,73.3
Participation level,Occasional participation,144,34,importance,The WordPress community,4.28,2.1,91.7,39.6,89.6
Participation level,Observational only,97,34,importance,The WordPress community,3.78,8.2,64.9,22.7,56.7
Participation level,Moderately active participation,76,34,importance,The WordPress community,4.61,0.0,97.4,63.2,97.4
Participation level,Very active participation,44,34,importance,The WordPress community,4.86,0.0,100.0,86.4,100.0
Participation level,Inactive,35,34,importance,The WordPress community,3.74,11.4,62.9,25.7,51.4
Participation level,Do not participate / Not applicable,35,34,importance,The WordPress community,2.86,42.9,31.4,17.1,-11.4
Participation level,All respondents,431,34,importance,WordPress events and meetups,3.26,26.7,50.1,19.5,23.4
Participation level,Occasional participation,144,34,importance,WordPress events and meetups,3.49,16.0,58.3,15.3,42.4
Participation level,Observational only,97,34,importance,WordPress events and meetups,2.62,44.3,25.8,5.2,-18.6
Participation level,Moderately active participation,76,34,importance,WordPress events and meetups,3.95,9.2,72.4,34.2,63.2
Participation level,Very active participation,44,34,importance,WordPress events and meetups,4.52,4.5,90.9,65.9,86.4
Participation level,Inactive,35,34,importance,WordPress events and meetups,2.46,48.6,25.7,5.7,-22.9
Participation level,Do not participate / Not applicable,35,34,importance,WordPress events and meetups,1.8,65.7,8.6,0.0,-57.1
Participation level,All respondents,431,34,importance,Contributing to WordPress,3.31,18.8,45.7,13.9,26.9
Participation level,Occasional participation,144,34,importance,Contributing to WordPress,3.42,12.5,48.6,9.7,36.1
Participation level,Observational only,97,34,importance,Contributing to WordPress,2.96,24.7,30.9,2.1,6.2
Participation level,Moderately active participation,76,34,importance,Contributing to WordPress,3.72,10.5,64.5,21.1,53.9
Participation level,Very active participation,44,34,importance,Contributing to WordPress,4.43,4.5,88.6,61.4,84.1
Participation level,Inactive,35,34,importance,Contributing to WordPress,2.8,25.7,20.0,2.9,-5.7
Participation level,Do not participate / Not applicable,35,34,importance,Contributing to WordPress,2.0,57.1,5.7,0.0,-51.4
Participation level,All respondents,431,34,importance,Open source values,4.48,2.6,90.7,61.9,88.2
Participation level,Occasional participation,144,34,importance,Open source values,4.49,1.4,90.3,60.4,88.9
Participation level,Observational only,97,34,importance,Open source values,4.53,2.1,94.8,59.8,92.8
Participation level,Moderately active participation,76,34,importance,Open source values,4.51,2.6,92.1,64.5,89.5
Participation level,Very active participation,44,34,importance,Open source values,4.64,2.3,90.9,77.3,88.6
Participation level,Inactive,35,34,importance,Open source values,4.49,2.9,91.4,62.9,88.6
Participation level,Do not participate / Not applicable,35,34,importance,Open source values,4.09,8.6,77.1,48.6,68.6
Participation level,All respondents,431,34,importance,AI in WordPress,2.47,52.7,29.0,12.8,-23.7
Participation level,Occasional participation,144,34,importance,AI in WordPress,2.44,50.7,25.7,9.0,-25.0
Participation level,Observational only,97,34,importance,AI in WordPress,1.99,68.0,13.4,8.2,-54.6
Participation level,Moderately active participation,76,34,importance,AI in WordPress,3.18,32.9,46.1,26.3,13.2
Participation level,Very active participation,44,34,importance,AI in WordPress,3.59,20.5,70.5,20.5,50.0
Participation level,Inactive,35,34,importance,AI in WordPress,1.77,74.3,14.3,5.7,-60.0
Participation level,Do not participate / Not applicable,35,34,importance,AI in WordPress,1.66,80.0,11.4,8.6,-68.6
Participation level,All respondents,431,34,importance,Security in WordPress,4.68,1.4,95.1,75.6,93.7
Participation level,Occasional participation,144,34,importance,Security in WordPress,4.71,0.7,97.9,74.3,97.2
Participation level,Observational only,97,34,importance,Security in WordPress,4.73,0.0,93.8,79.4,93.8
Participation level,Moderately active participation,76,34,importance,Security in WordPress,4.75,0.0,98.7,76.3,98.7
Participation level,Very active participation,44,34,importance,Security in WordPress,4.7,0.0,95.5,75.0,95.5
Participation level,Inactive,35,34,importance,Security in WordPress,4.74,2.9,97.1,82.9,94.3
Participation level,Do not participate / Not applicable,35,34,importance,Security in WordPress,4.2,11.4,77.1,62.9,65.7
Participation level,All respondents,431,34,importance,Web standards and compliance,4.57,1.6,93.7,65.9,92.1
Participation level,Occasional participation,144,34,importance,Web standards and compliance,4.53,0.7,93.1,61.8,92.4
Participation level,Observational only,97,34,importance,Web standards and compliance,4.66,1.0,97.9,69.1,96.9
Participation level,Moderately active participation,76,34,importance,Web standards and compliance,4.64,0.0,96.1,68.4,96.1
Participation level,Very active participation,44,34,importance,Web standards and compliance,4.48,2.3,90.9,59.1,88.6
Participation level,Inactive,35,34,importance,Web standards and compliance,4.66,2.9,94.3,77.1,91.4
Participation level,Do not participate / Not applicable,35,34,importance,Web standards and compliance,4.31,8.6,82.9,65.7,74.3
Participation level,All respondents,431,34,importance,WordPress leadership,4.04,8.1,73.8,43.4,65.7
Participation level,Occasional participation,144,34,importance,WordPress leadership,4.06,9.0,75.0,45.1,66.0
Participation level,Observational only,97,34,importance,WordPress leadership,3.97,7.2,71.1,38.1,63.9
Participation level,Moderately active participation,76,34,importance,WordPress leadership,4.22,6.6,82.9,48.7,76.3
Participation level,Very active participation,44,34,importance,WordPress leadership,4.23,4.5,79.5,52.3,75.0
Participation level,Inactive,35,34,importance,WordPress leadership,3.91,5.7,68.6,34.3,62.9
Participation level,Do not participate / Not applicable,35,34,importance,WordPress leadership,3.63,17.1,54.3,37.1,37.1
Participation level,All respondents,431,34,importance,WordPress governance,4.17,5.8,76.6,50.8,70.8
Participation level,Occasional participation,144,34,importance,WordPress governance,4.2,6.9,77.8,53.5,70.8
Participation level,Observational only,97,34,importance,WordPress governance,4.13,6.2,76.3,48.5,70.1
Participation level,Moderately active participation,76,34,importance,WordPress governance,4.37,1.3,81.6,57.9,80.3
Participation level,Very active participation,44,34,importance,WordPress governance,4.14,4.5,77.3,45.5,72.7
Participation level,Inactive,35,34,importance,WordPress governance,4.03,5.7,74.3,40.0,68.6
Participation level,Do not participate / Not applicable,35,34,importance,WordPress governance,3.89,11.4,62.9,48.6,51.4
Participation level,All respondents,431,34,importance,"Business issues (mergers & acquisitions, product ecosystem, private equity investment, etc.)",3.14,25.5,41.5,12.5,16.0
Participation level,Occasional participation,144,34,importance,"Business issues (mergers & acquisitions, product ecosystem, private equity investment, etc.)",3.25,20.8,45.1,12.5,24.3
Participation level,Observational only,97,34,importance,"Business issues (mergers & acquisitions, product ecosystem, private equity investment, etc.)",2.9,33.0,35.1,6.2,2.1
Participation level,Moderately active participation,76,34,importance,"Business issues (mergers & acquisitions, product ecosystem, private equity investment, etc.)",3.36,18.4,44.7,17.1,26.3
Participation level,Very active participation,44,34,importance,"Business issues (mergers & acquisitions, product ecosystem, private equity investment, etc.)",3.48,18.2,59.1,15.9,40.9
Participation level,Inactive,35,34,importance,"Business issues (mergers & acquisitions, product ecosystem, private equity investment, etc.)",2.77,37.1,28.6,11.4,-8.6
Participation level,Do not participate / Not applicable,35,34,importance,"Business issues (mergers & acquisitions, product ecosystem, private equity investment, etc.)",2.8,37.1,28.6,17.1,-8.6
Participation level,All respondents,431,34,importance,Enterprise/scale issues,3.13,24.8,40.1,11.1,15.3
Participation level,Occasional participation,144,34,importance,Enterprise/scale issues,3.28,20.8,46.5,12.5,25.7
Participation level,Observational only,97,34,importance,Enterprise/scale issues,2.99,29.9,36.1,8.2,6.2
Participation level,Moderately active participation,76,34,importance,Enterprise/scale issues,3.34,14.5,40.8,15.8,26.3
Participation level,Very active participation,44,34,importance,Enterprise/scale issues,3.3,18.2,50.0,11.4,31.8
Participation level,Inactive,35,34,importance,Enterprise/scale issues,2.74,34.3,31.4,5.7,-2.9
Participation level,Do not participate / Not applicable,35,34,importance,Enterprise/scale issues,2.57,48.6,20.0,8.6,-28.6
Participation level,All respondents,431,34,importance,Collaboration with the greater open source ecosystem,3.82,8.8,67.7,26.0,58.9
Participation level,Occasional participation,144,34,importance,Collaboration with the greater open source ecosystem,3.85,7.6,72.2,22.9,64.6
Participation level,Observational only,97,34,importance,Collaboration with the greater open source ecosystem,3.95,8.2,73.2,30.9,64.9
Participation level,Moderately active participation,76,34,importance,Collaboration with the greater open source ecosystem,3.72,6.6,60.5,19.7,53.9
Participation level,Very active participation,44,34,importance,Collaboration with the greater open source ecosystem,3.91,6.8,68.2,31.8,61.4
Participation level,Inactive,35,34,importance,Collaboration with the greater open source ecosystem,3.97,8.6,71.4,40.0,62.9
Participation level,Do not participate / Not applicable,35,34,importance,Collaboration with the greater open source ecosystem,3.23,22.9,45.7,17.1,22.9
Participation level,All respondents,431,38,importance,Personal capacity,4.22,3.7,82.8,44.5,79.1
Participation level,Occasional participation,144,38,importance,Personal capacity,4.31,1.4,88.9,44.4,87.5
Participation level,Observational only,97,38,importance,Personal capacity,4.21,5.2,81.4,45.4,76.3
Participation level,Moderately active participation,76,38,importance,Personal capacity,4.2,3.9,81.6,42.1,77.6
Participation level,Very active participation,44,38,importance,Personal capacity,4.2,4.5,81.8,45.5,77.3
Participation level,Inactive,35,38,importance,Personal capacity,4.2,0.0,80.0,40.0,80.0
Participation level,Do not participate / Not applicable,35,38,importance,Personal capacity,3.97,11.4,68.6,51.4,57.1
Participation level,All respondents,431,38,importance,Financial incentives/restraints,3.05,27.4,33.6,11.8,6.3
Participation level,Occasional participation,144,38,importance,Financial incentives/restraints,3.06,26.4,33.3,10.4,6.9
Participation level,Observational only,97,38,importance,Financial incentives/restraints,2.93,32.0,28.9,9.3,-3.1
Participation level,Moderately active participation,76,38,importance,Financial incentives/restraints,3.22,21.1,42.1,11.8,21.1
Participation level,Very active participation,44,38,importance,Financial incentives/restraints,3.36,18.2,47.7,13.6,29.5
Participation level,Inactive,35,38,importance,Financial incentives/restraints,2.97,31.4,25.7,17.1,-5.7
Participation level,Do not participate / Not applicable,35,38,importance,Financial incentives/restraints,2.69,40.0,20.0,17.1,-20.0
Participation level,All respondents,431,38,importance,Impact of my contributions to the project,3.4,14.4,47.8,12.8,33.4
Participation level,Occasional participation,144,38,importance,Impact of my contributions to the project,3.35,16.0,45.8,9.7,29.9
Participation level,Observational only,97,38,importance,Impact of my contributions to the project,3.15,17.5,36.1,6.2,18.6
Participation level,Moderately active participation,76,38,importance,Impact of my contributions to the project,3.58,11.8,59.2,14.5,47.4
Participation level,Very active participation,44,38,importance,Impact of my contributions to the project,3.95,4.5,72.7,29.5,68.2
Participation level,Inactive,35,38,importance,Impact of my contributions to the project,3.31,14.3,31.4,20.0,17.1
Participation level,Do not participate / Not applicable,35,38,importance,Impact of my contributions to the project,3.34,17.1,48.6,11.4,31.4
Participation level,All respondents,431,38,importance,Impact of my participation on my professional or personal life,3.6,9.5,58.5,15.3,49.0
Participation level,Occasional participation,144,38,importance,Impact of my participation on my professional or personal life,3.6,8.3,55.6,16.0,47.2
Participation level,Observational only,97,38,importance,Impact of my participation on my professional or personal life,3.53,8.2,53.6,12.4,45.4
Participation level,Moderately active participation,76,38,importance,Impact of my participation on my professional or personal life,3.68,7.9,67.1,11.8,59.2
Participation level,Very active participation,44,38,importance,Impact of my participation on my professional or personal life,4.02,4.5,79.5,27.3,75.0
Participation level,Inactive,35,38,importance,Impact of my participation on my professional or personal life,3.23,22.9,45.7,8.6,22.9
Participation level,Do not participate / Not applicable,35,38,importance,Impact of my participation on my professional or personal life,3.46,14.3,51.4,20.0,37.1
Participation level,All respondents,431,38,importance,Understanding how to participate,3.59,10.7,59.6,16.2,49.0
Participation level,Occasional participation,144,38,importance,Understanding how to participate,3.47,11.8,53.5,12.5,41.7
Participation level,Observational only,97,38,importance,Understanding how to participate,3.65,9.3,60.8,17.5,51.5
Participation level,Moderately active participation,76,38,importance,Understanding how to participate,3.74,6.6,69.7,14.5,63.2
Participation level,Very active participation,44,38,importance,Understanding how to participate,3.57,13.6,61.4,18.2,47.7
Participation level,Inactive,35,38,importance,Understanding how to participate,3.63,5.7,57.1,14.3,51.4
Participation level,Do not participate / Not applicable,35,38,importance,Understanding how to participate,3.6,20.0,60.0,31.4,40.0
Participation level,All respondents,431,38,importance,Mentorship or guidance,3.08,23.9,33.4,7.4,9.5
Participation level,Occasional participation,144,38,importance,Mentorship or guidance,2.86,31.2,27.8,5.6,-3.5
Participation level,Observational only,97,38,importance,Mentorship or guidance,3.08,24.7,28.9,8.2,4.1
Participation level,Moderately active participation,76,38,importance,Mentorship or guidance,3.32,13.2,40.8,6.6,27.6
Participation level,Very active participation,44,38,importance,Mentorship or guidance,3.27,18.2,45.5,9.1,27.3
Participation level,Inactive,35,38,importance,Mentorship or guidance,3.14,20.0,34.3,5.7,14.3
Participation level,Do not participate / Not applicable,35,38,importance,Mentorship or guidance,3.11,25.7,37.1,14.3,11.4
Participation level,All respondents,431,38,importance,Project roadmap,3.43,17.2,51.7,14.2,34.6
Participation level,Occasional participation,144,38,importance,Project roadmap,3.33,21.5,50.0,12.5,28.5
Participation level,Observational only,97,38,importance,Project roadmap,3.53,13.4,51.5,16.5,38.1
Participation level,Moderately active participation,76,38,importance,Project roadmap,3.42,15.8,50.0,10.5,34.2
Participation level,Very active participation,44,38,importance,Project roadmap,3.7,9.1,65.9,15.9,56.8
Participation level,Inactive,35,38,importance,Project roadmap,3.46,14.3,48.6,17.1,34.3
Participation level,Do not participate / Not applicable,35,38,importance,Project roadmap,3.2,25.7,48.6,17.1,22.9
Participation level,All respondents,431,38,importance,Project leadership,3.83,12.5,67.3,32.7,54.8
Participation level,Occasional participation,144,38,importance,Project leadership,3.74,14.6,65.3,29.9,50.7
Participation level,Observational only,97,38,importance,Project leadership,3.99,9.3,73.2,38.1,63.9
Participation level,Moderately active participation,76,38,importance,Project leadership,3.86,14.5,65.8,35.5,51.3
Participation level,Very active participation,44,38,importance,Project leadership,3.82,9.1,72.7,20.5,63.6
Participation level,Inactive,35,38,importance,Project leadership,3.77,8.6,62.9,28.6,54.3
Participation level,Do not participate / Not applicable,35,38,importance,Project leadership,3.71,17.1,60.0,42.9,42.9
Participation level,All respondents,431,38,importance,Project governance/policies,3.85,10.4,66.4,32.7,55.9
Participation level,Occasional participation,144,38,importance,Project governance/policies,3.83,10.4,68.1,29.2,57.6
Participation level,Observational only,97,38,importance,Project governance/policies,4.04,7.2,72.2,41.2,64.9
Participation level,Moderately active participation,76,38,importance,Project governance/policies,3.86,11.8,61.8,36.8,50.0
Participation level,Very active participation,44,38,importance,Project governance/policies,3.59,15.9,59.1,18.2,43.2
Participation level,Inactive,35,38,importance,Project governance/policies,4.03,2.9,74.3,34.3,71.4
Participation level,Do not participate / Not applicable,35,38,importance,Project governance/policies,3.54,17.1,54.3,31.4,37.1
Participation level,All respondents,431,38,importance,"Advocacy on behalf of web standards (accessibility, privacy, etc.)",3.99,7.7,75.6,33.6,68.0
Participation level,Occasional participation,144,38,importance,"Advocacy on behalf of web standards (accessibility, privacy, etc.)",4.01,9.0,76.4,34.0,67.4
Participation level,Observational only,97,38,importance,"Advocacy on behalf of web standards (accessibility, privacy, etc.)",4.05,4.1,77.3,34.0,73.2
Participation level,Moderately active participation,76,38,importance,"Advocacy on behalf of web standards (accessibility, privacy, etc.)",3.93,6.6,72.4,28.9,65.8
Participation level,Very active participation,44,38,importance,"Advocacy on behalf of web standards (accessibility, privacy, etc.)",3.95,9.1,79.5,27.3,70.5
Participation level,Inactive,35,38,importance,"Advocacy on behalf of web standards (accessibility, privacy, etc.)",4.17,2.9,82.9,40.0,80.0
Participation level,Do not participate / Not applicable,35,38,importance,"Advocacy on behalf of web standards (accessibility, privacy, etc.)",3.77,17.1,62.9,42.9,45.7
Participation level,All respondents,431,38,importance,Participation in the WordPress community,3.52,10.0,53.4,15.3,43.4
Participation level,Occasional participation,144,38,importance,Participation in the WordPress community,3.53,6.2,52.8,9.7,46.5
Participation level,Observational only,97,38,importance,Participation in the WordPress community,3.2,12.4,34.0,7.2,21.6
Participation level,Moderately active participation,76,38,importance,Participation in the WordPress community,4.01,2.6,81.6,25.0,78.9
Participation level,Very active participation,44,38,importance,Participation in the WordPress community,4.5,0.0,95.5,54.5,95.5
Participation level,Inactive,35,38,importance,Participation in the WordPress community,3.06,17.1,25.7,2.9,8.6
Participation level,Do not participate / Not applicable,35,38,importance,Participation in the WordPress community,2.6,40.0,22.9,2.9,-17.1
Participation level,All respondents,431,38,importance,Feeling welcome/included,4.06,5.8,76.3,39.2,70.5
Participation level,Occasional participation,144,38,importance,Feeling welcome/included,3.99,5.6,73.6,33.3,68.1
Participation level,Observational only,97,38,importance,Feeling welcome/included,4.1,5.2,79.4,39.2,74.2
Participation level,Moderately active participation,76,38,importance,Feeling welcome/included,4.28,3.9,88.2,46.1,84.2
Participation level,Very active participation,44,38,importance,Feeling welcome/included,4.36,4.5,88.6,54.5,84.1
Participation level,Inactive,35,38,importance,Feeling welcome/included,3.94,5.7,65.7,37.1,60.0
Participation level,Do not participate / Not applicable,35,38,importance,Feeling welcome/included,3.54,14.3,48.6,31.4,34.3
Participation level,All respondents,431,38,importance,Participating in a language other than English,2.46,45.2,19.7,6.3,-25.5
Participation level,Occasional participation,144,38,importance,Participating in a language other than English,2.33,50.0,13.9,3.5,-36.1
Participation level,Observational only,97,38,importance,Participating in a language other than English,2.28,50.5,12.4,4.1,-38.1
Participation level,Moderately active participation,76,38,importance,Participating in a language other than English,2.7,40.8,27.6,11.8,-13.2
Participation level,Very active participation,44,38,importance,Participating in a language other than English,3.11,27.3,45.5,18.2,18.2
Participation level,Inactive,35,38,importance,Participating in a language other than English,2.51,37.1,22.9,0.0,-14.3
Participation level,Do not participate / Not applicable,35,38,importance,Participating in a language other than English,2.14,51.4,11.4,2.9,-40.0
Participation level,All respondents,431,38,importance,Working asynchronously,3.61,11.6,55.5,24.1,43.9
Participation level,Occasional participation,144,38,importance,Working asynchronously,3.58,14.6,56.2,25.0,41.7
Participation level,Observational only,97,38,importance,Working asynchronously,3.49,11.3,46.4,19.6,35.1
Participation level,Moderately active participation,76,38,importance,Working asynchronously,3.84,5.3,67.1,26.3,61.8
Participation level,Very active participation,44,38,importance,Working asynchronously,3.86,4.5,61.4,29.5,56.8
Participation level,Inactive,35,38,importance,Working asynchronously,3.49,11.4,51.4,17.1,40.0
Participation level,Do not participate / Not applicable,35,38,importance,Working asynchronously,3.31,22.9,48.6,28.6,25.7
Participation level,All respondents,431,50,agreement,Attending in-person WordPress-related events is important to me.,3.13,35.3,46.6,21.3,11.4
Participation level,Occasional participation,144,50,agreement,Attending in-person WordPress-related events is important to me.,3.27,26.4,50.0,16.0,23.6
Participation level,Observational only,97,50,agreement,Attending in-person WordPress-related events is important to me.,2.42,56.7,23.7,6.2,-33.0
Participation level,Moderately active participation,76,50,agreement,Attending in-person WordPress-related events is important to me.,4.01,9.2,77.6,38.2,68.4
Participation level,Very active participation,44,50,agreement,Attending in-person WordPress-related events is important to me.,4.59,4.5,90.9,75.0,86.4
Participation level,Inactive,35,50,agreement,Attending in-person WordPress-related events is important to me.,2.37,60.0,20.0,2.9,-40.0
Participation level,Do not participate / Not applicable,35,50,agreement,Attending in-person WordPress-related events is important to me.,1.54,82.9,0.0,0.0,-82.9
Participation level,All respondents,431,57,importance,A location local to you,3.73,13.9,65.9,27.8,52.0
Participation level,Occasional participation,144,57,importance,A location local to you,3.71,16.0,67.4,25.7,51.4
Participation level,Observational only,97,57,importance,A location local to you,3.78,9.3,64.9,27.8,55.7
Participation level,Moderately active participation,76,57,importance,A location local to you,3.88,10.5,72.4,30.3,61.8
Participation level,Very active participation,44,57,importance,A location local to you,3.36,25.0,47.7,27.3,22.7
Participation level,Inactive,35,57,importance,A location local to you,3.83,8.6,74.3,22.9,65.7
Participation level,Do not participate / Not applicable,35,57,importance,A location local to you,3.74,17.1,62.9,37.1,45.7
Participation level,All respondents,431,57,importance,A regional/destination location,3.42,16.7,54.3,13.9,37.6
Participation level,Occasional participation,144,57,importance,A regional/destination location,3.36,20.1,54.9,13.2,34.7
Participation level,Observational only,97,57,importance,A regional/destination location,3.43,13.4,54.6,9.3,41.2
Participation level,Moderately active participation,76,57,importance,A regional/destination location,3.62,10.5,59.2,17.1,48.7
Participation level,Very active participation,44,57,importance,A regional/destination location,3.52,20.5,56.8,29.5,36.4
Participation level,Inactive,35,57,importance,A regional/destination location,3.29,17.1,54.3,5.7,37.1
Participation level,Do not participate / Not applicable,35,57,importance,A regional/destination location,3.14,20.0,37.1,11.4,17.1
Participation level,All respondents,431,57,importance,Events with smaller attendance,2.91,24.8,25.1,3.9,0.2
Participation level,Occasional participation,144,57,importance,Events with smaller attendance,2.83,27.1,24.3,2.8,-2.8
Participation level,Observational only,97,57,importance,Events with smaller attendance,3.03,20.6,25.8,6.2,5.2
Participation level,Moderately active participation,76,57,importance,Events with smaller attendance,2.75,28.9,17.1,0.0,-11.8
Participation level,Very active participation,44,57,importance,Events with smaller attendance,2.66,36.4,15.9,6.8,-20.5
Participation level,Inactive,35,57,importance,Events with smaller attendance,3.17,14.3,31.4,8.6,17.1
Participation level,Do not participate / Not applicable,35,57,importance,Events with smaller attendance,3.29,14.3,48.6,2.9,34.3
Participation level,All respondents,431,57,importance,Events with larger attendance,2.72,31.6,16.9,2.8,-14.6
Participation level,Occasional participation,144,57,importance,Events with larger attendance,2.7,34.0,17.4,4.2,-16.7
Participation level,Observational only,97,57,importance,Events with larger attendance,2.77,27.8,17.5,1.0,-10.3
Participation level,Moderately active participation,76,57,importance,Events with larger attendance,2.96,18.4,19.7,3.9,1.3
Participation level,Very active participation,44,57,importance,Events with larger attendance,2.8,29.5,25.0,2.3,-4.5
Participation level,Inactive,35,57,importance,Events with larger attendance,2.49,40.0,11.4,0.0,-28.6
Participation level,Do not participate / Not applicable,35,57,importance,Events with larger attendance,2.29,54.3,2.9,2.9,-51.4
Participation level,All respondents,431,57,importance,"Hard skill development (technical instruction, workshops, etc.)",3.37,18.1,52.9,11.8,34.8
Participation level,Occasional participation,144,57,importance,"Hard skill development (technical instruction, workshops, etc.)",3.39,20.8,55.6,15.3,34.7
Participation level,Observational only,97,57,importance,"Hard skill development (technical instruction, workshops, etc.)",3.57,10.3,57.7,13.4,47.4
Participation level,Moderately active participation,76,57,importance,"Hard skill development (technical instruction, workshops, etc.)",3.26,21.1,51.3,6.6,30.3
Participation level,Very active participation,44,57,importance,"Hard skill development (technical instruction, workshops, etc.)",3.16,22.7,36.4,11.4,13.6
Participation level,Inactive,35,57,importance,"Hard skill development (technical instruction, workshops, etc.)",3.26,20.0,60.0,2.9,40.0
Participation level,Do not participate / Not applicable,35,57,importance,"Hard skill development (technical instruction, workshops, etc.)",3.34,14.3,45.7,14.3,31.4
Participation level,All respondents,431,57,importance,"Soft skill development (business development, personal development, etc.)",3.08,24.8,38.5,6.7,13.7
Participation level,Occasional participation,144,57,importance,"Soft skill development (business development, personal development, etc.)",3.03,27.8,36.1,7.6,8.3
Participation level,Observational only,97,57,importance,"Soft skill development (business development, personal development, etc.)",3.08,23.7,36.1,5.2,12.4
Participation level,Moderately active participation,76,57,importance,"Soft skill development (business development, personal development, etc.)",3.14,23.7,46.1,3.9,22.4
Participation level,Very active participation,44,57,importance,"Soft skill development (business development, personal development, etc.)",3.2,15.9,38.6,11.4,22.7
Participation level,Inactive,35,57,importance,"Soft skill development (business development, personal development, etc.)",2.89,31.4,37.1,0.0,5.7
Participation level,Do not participate / Not applicable,35,57,importance,"Soft skill development (business development, personal development, etc.)",3.14,22.9,40.0,14.3,17.1
Participation level,All respondents,431,57,importance,Topics of sessions / panels,3.69,11.1,67.3,18.6,56.1
Participation level,Occasional participation,144,57,importance,Topics of sessions / panels,3.77,9.0,69.4,22.2,60.4
Participation level,Observational only,97,57,importance,Topics of sessions / panels,3.89,7.2,74.2,23.7,67.0
Participation level,Moderately active participation,76,57,importance,Topics of sessions / panels,3.49,15.8,60.5,11.8,44.7
Participation level,Very active participation,44,57,importance,Topics of sessions / panels,3.39,15.9,54.5,6.8,38.6
Participation level,Inactive,35,57,importance,Topics of sessions / panels,3.74,11.4,77.1,17.1,65.7
Participation level,Do not participate / Not applicable,35,57,importance,Topics of sessions / panels,3.54,14.3,60.0,20.0,45.7
Participation level,All respondents,431,57,importance,Particular speakers / keynotes,3.14,21.8,38.7,7.7,16.9
Participation level,Occasional participation,144,57,importance,Particular speakers / keynotes,3.05,24.3,36.1,5.6,11.8
Participation level,Observational only,97,57,importance,Particular speakers / keynotes,3.32,17.5,43.3,11.3,25.8
Participation level,Moderately active participation,76,57,importance,Particular speakers / keynotes,3.22,18.4,43.4,5.3,25.0
Participation level,Very active participation,44,57,importance,Particular speakers / keynotes,3.25,15.9,40.9,9.1,25.0
Participation level,Inactive,35,57,importance,Particular speakers / keynotes,3.03,25.7,34.3,8.6,8.6
Participation level,Do not participate / Not applicable,35,57,importance,Particular speakers / keynotes,2.8,34.3,28.6,8.6,-5.7
Participation level,All respondents,431,57,importance,Meeting professional development requirements,2.83,32.0,28.8,7.0,-3.2
Participation level,Occasional participation,144,57,importance,Meeting professional development requirements,2.85,32.6,30.6,9.0,-2.1
Participation level,Observational only,97,57,importance,Meeting professional development requirements,2.67,37.1,21.6,2.1,-15.5
Participation level,Moderately active participation,76,57,importance,Meeting professional development requirements,2.95,25.0,30.3,7.9,5.3
Participation level,Very active participation,44,57,importance,Meeting professional development requirements,2.98,27.3,36.4,6.8,9.1
Participation level,Inactive,35,57,importance,Meeting professional development requirements,2.94,31.4,34.3,8.6,2.9
Participation level,Do not participate / Not applicable,35,57,importance,Meeting professional development requirements,2.6,37.1,22.9,8.6,-14.3
Participation level,All respondents,431,57,importance,Networking opportunities,3.65,14.2,60.6,25.1,46.4
Participation level,Occasional participation,144,57,importance,Networking opportunities,3.62,15.3,61.1,25.7,45.8
Participation level,Observational only,97,57,importance,Networking opportunities,3.41,16.5,50.5,12.4,34.0
Participation level,Moderately active participation,76,57,importance,Networking opportunities,4.03,5.3,72.4,36.8,67.1
Participation level,Very active participation,44,57,importance,Networking opportunities,4.25,2.3,86.4,43.2,84.1
Participation level,Inactive,35,57,importance,Networking opportunities,3.26,25.7,45.7,17.1,20.0
Participation level,Do not participate / Not applicable,35,57,importance,Networking opportunities,3.2,25.7,42.9,17.1,17.1
Participation level,All respondents,431,57,importance,Community development/engagement,3.61,11.8,61.5,18.3,49.7
Participation level,Occasional participation,144,57,importance,Community development/engagement,3.55,12.5,59.7,14.6,47.2
Participation level,Observational only,97,57,importance,Community development/engagement,3.37,14.4,49.5,9.3,35.1
Participation level,Moderately active participation,76,57,importance,Community development/engagement,4.09,1.3,84.2,27.6,82.9
Participation level,Very active participation,44,57,importance,Community development/engagement,4.39,0.0,84.1,54.5,84.1
Participation level,Inactive,35,57,importance,Community development/engagement,3.26,20.0,48.6,5.7,28.6
Participation level,Do not participate / Not applicable,35,57,importance,Community development/engagement,2.89,31.4,37.1,5.7,5.7
Participation level,All respondents,431,57,importance,Cost of ticket,3.44,19.5,54.5,17.6,35.0
Participation level,Occasional participation,144,57,importance,Cost of ticket,3.33,21.5,51.4,13.2,29.9
Participation level,Observational only,97,57,importance,Cost of ticket,3.82,10.3,64.9,30.9,54.6
Participation level,Moderately active participation,76,57,importance,Cost of ticket,3.25,25.0,52.6,7.9,27.6
Participation level,Very active participation,44,57,importance,Cost of ticket,3.16,25.0,34.1,15.9,9.1
Participation level,Inactive,35,57,importance,Cost of ticket,3.69,14.3,74.3,20.0,60.0
Participation level,Do not participate / Not applicable,35,57,importance,Cost of ticket,3.31,22.9,48.6,20.0,25.7
Participation level,All respondents,431,57,importance,"Cost of attendance (travel, housing, etc.)",3.9,11.4,72.4,34.3,61.0
Participation level,Occasional participation,144,57,importance,"Cost of attendance (travel, housing, etc.)",3.91,11.8,73.6,34.7,61.8
Participation level,Observational only,97,57,importance,"Cost of attendance (travel, housing, etc.)",4.06,6.2,74.2,40.2,68.0
Participation level,Moderately active participation,76,57,importance,"Cost of attendance (travel, housing, etc.)",3.87,10.5,73.7,27.6,63.2
Participation level,Very active participation,44,57,importance,"Cost of attendance (travel, housing, etc.)",3.73,15.9,65.9,27.3,50.0
Participation level,Inactive,35,57,importance,"Cost of attendance (travel, housing, etc.)",3.94,14.3,77.1,42.9,62.9
Participation level,Do not participate / Not applicable,35,57,importance,"Cost of attendance (travel, housing, etc.)",3.69,17.1,62.9,31.4,45.7
Participation level,All respondents,431,59,sentiment,"Right now, how do you generally feel about open source software?",4.16,3.9,81.7,39.4,77.7
Participation level,Occasional participation,144,59,sentiment,"Right now, how do you generally feel about open source software?",4.1,6.9,79.9,37.5,72.9
Participation level,Observational only,97,59,sentiment,"Right now, how do you generally feel about open source software?",4.22,1.0,84.5,38.1,83.5
Participation level,Moderately active participation,76,59,sentiment,"Right now, how do you generally feel about open source software?",4.18,1.3,81.6,38.2,80.3
Participation level,Very active participation,44,59,sentiment,"Right now, how do you generally feel about open source software?",4.5,0.0,90.9,59.1,90.9
Participation level,Inactive,35,59,sentiment,"Right now, how do you generally feel about open source software?",4.09,2.9,77.1,37.1,74.3
Participation level,Do not participate / Not applicable,35,59,sentiment,"Right now, how do you generally feel about open source software?",3.89,11.4,74.3,31.4,62.9
Participation level,All respondents,431,62,importance,Open source software,4.59,1.2,93.5,68.0,92.3
Participation level,Occasional participation,144,62,importance,Open source software,4.58,0.0,93.8,63.9,93.8
Participation level,Observational only,97,62,importance,Open source software,4.64,0.0,94.8,69.1,94.8
Participation level,Moderately active participation,76,62,importance,Open source software,4.62,2.6,94.7,71.1,92.1
Participation level,Very active participation,44,62,importance,Open source software,4.73,2.3,97.7,79.5,95.5
Participation level,Inactive,35,62,importance,Open source software,4.6,2.9,94.3,71.4,91.4
Participation level,Do not participate / Not applicable,35,62,importance,Open source software,4.31,2.9,80.0,57.1,77.1
Participation level,All respondents,431,62,importance,Open source values (whatever that means to you)required,4.51,3.2,91.9,64.3,88.6
Participation level,Occasional participation,144,62,importance,Open source values (whatever that means to you)required,4.49,4.2,92.4,61.8,88.2
Participation level,Observational only,97,62,importance,Open source values (whatever that means to you)required,4.61,1.0,93.8,68.0,92.8
Participation level,Moderately active participation,76,62,importance,Open source values (whatever that means to you)required,4.53,2.6,92.1,64.5,89.5
Participation level,Very active participation,44,62,importance,Open source values (whatever that means to you)required,4.61,2.3,93.2,72.7,90.9
Participation level,Inactive,35,62,importance,Open source values (whatever that means to you)required,4.51,2.9,91.4,65.7,88.6
Participation level,Do not participate / Not applicable,35,62,importance,Open source values (whatever that means to you)required,4.2,8.6,82.9,51.4,74.3
Participation level,All respondents,431,62,importance,The sustainability of open source projects,4.58,1.2,93.3,66.6,92.1
Participation level,Occasional participation,144,62,importance,The sustainability of open source projects,4.58,0.7,93.1,66.0,92.4
Participation level,Observational only,97,62,importance,The sustainability of open source projects,4.61,0.0,96.9,63.9,96.9
Participation level,Moderately active participation,76,62,importance,The sustainability of open source projects,4.59,1.3,93.4,68.4,92.1
Participation level,Very active participation,44,62,importance,The sustainability of open source projects,4.61,0.0,90.9,70.5,90.9
Participation level,Inactive,35,62,importance,The sustainability of open source projects,4.6,2.9,94.3,71.4,91.4
Participation level,Do not participate / Not applicable,35,62,importance,The sustainability of open source projects,4.37,5.7,85.7,62.9,80.0
Participation level,All respondents,431,62,importance,Open source in WordPress,4.51,2.8,92.1,63.1,89.3
Participation level,Occasional participation,144,62,importance,Open source in WordPress,4.51,2.1,93.1,61.1,91.0
Participation level,Observational only,97,62,importance,Open source in WordPress,4.49,0.0,94.8,54.6,94.8
Participation level,Moderately active participation,76,62,importance,Open source in WordPress,4.62,1.3,94.7,69.7,93.4
Participation level,Very active participation,44,62,importance,Open source in WordPress,4.82,0.0,97.7,84.1,97.7
Participation level,Inactive,35,62,importance,Open source in WordPress,4.46,2.9,88.6,62.9,85.7
Participation level,Do not participate / Not applicable,35,62,importance,Open source in WordPress,3.94,20.0,71.4,54.3,51.4
Participation level,All respondents,431,62,importance,Open source in AI,3.24,29.2,50.1,27.4,20.9
Participation level,Occasional participation,144,62,importance,Open source in AI,3.24,30.6,51.4,27.1,20.8
Participation level,Observational only,97,62,importance,Open source in AI,2.73,44.3,36.1,19.6,-8.2
Participation level,Moderately active participation,76,62,importance,Open source in AI,3.97,5.3,69.7,36.8,64.5
Participation level,Very active participation,44,62,importance,Open source in AI,4.14,11.4,77.3,50.0,65.9
Participation level,Inactive,35,62,importance,Open source in AI,2.86,34.3,37.1,11.4,2.9
Participation level,Do not participate / Not applicable,35,62,importance,Open source in AI,2.34,51.4,20.0,17.1,-31.4
Participation level,All respondents,431,67,sentiment,"Right now, how do you generally feel about AI in the tech industry?",2.6,46.2,31.1,10.0,-15.1
Participation level,Occasional participation,144,67,sentiment,"Right now, how do you generally feel about AI in the tech industry?",2.6,47.9,28.5,11.8,-19.4
Participation level,Observational only,97,67,sentiment,"Right now, how do you generally feel about AI in the tech industry?",2.13,58.8,19.6,5.2,-39.2
Participation level,Moderately active participation,76,67,sentiment,"Right now, how do you generally feel about AI in the tech industry?",3.47,19.7,56.6,18.4,36.8
Participation level,Very active participation,44,67,sentiment,"Right now, how do you generally feel about AI in the tech industry?",3.34,18.2,47.7,9.1,29.5
Participation level,Inactive,35,67,sentiment,"Right now, how do you generally feel about AI in the tech industry?",1.97,62.9,14.3,2.9,-48.6
Participation level,Do not participate / Not applicable,35,67,sentiment,"Right now, how do you generally feel about AI in the tech industry?",1.71,80.0,14.3,5.7,-65.7
Participation level,All respondents,431,68,sentiment,"Right now, how do you generally feel about AI in WordPress?",2.35,49.9,16.9,3.9,-32.9
Participation level,Occasional participation,144,68,sentiment,"Right now, how do you generally feel about AI in WordPress?",2.42,48.6,18.8,4.2,-29.9
Participation level,Observational only,97,68,sentiment,"Right now, how do you generally feel about AI in WordPress?",1.84,64.9,3.1,1.0,-61.9
Participation level,Moderately active participation,76,68,sentiment,"Right now, how do you generally feel about AI in WordPress?",2.99,27.6,30.3,7.9,2.6
Participation level,Very active participation,44,68,sentiment,"Right now, how do you generally feel about AI in WordPress?",3.27,18.2,40.9,9.1,22.7
Participation level,Inactive,35,68,sentiment,"Right now, how do you generally feel about AI in WordPress?",1.77,74.3,5.7,0.0,-68.6
Participation level,Do not participate / Not applicable,35,68,sentiment,"Right now, how do you generally feel about AI in WordPress?",1.49,77.1,0.0,0.0,-77.1
Participation level,All respondents,431,69,sentiment,"Right now, how do you generally feel about AI in web development (vibe coding, agentic development, etc.)?",2.7,44.8,34.6,12.5,-10.2
Participation level,Occasional participation,144,69,sentiment,"Right now, how do you generally feel about AI in web development (vibe coding, agentic development, etc.)?",2.76,47.2,36.8,13.9,-10.4
Participation level,Observational only,97,69,sentiment,"Right now, how do you generally feel about AI in web development (vibe coding, agentic development, etc.)?",2.2,54.6,19.6,6.2,-35.1
Participation level,Moderately active participation,76,69,sentiment,"Right now, how do you generally feel about AI in web development (vibe coding, agentic development, etc.)?",3.43,21.1,52.6,21.1,31.6
Participation level,Very active participation,44,69,sentiment,"Right now, how do you generally feel about AI in web development (vibe coding, agentic development, etc.)?",3.57,15.9,56.8,20.5,40.9
Participation level,Inactive,35,69,sentiment,"Right now, how do you generally feel about AI in web development (vibe coding, agentic development, etc.)?",2.06,62.9,20.0,2.9,-42.9
Participation level,Do not participate / Not applicable,35,69,sentiment,"Right now, how do you generally feel about AI in web development (vibe coding, agentic development, etc.)?",1.77,77.1,14.3,5.7,-62.9
Participation change,All respondents,431,19,agreement,I consider myself to be a contributor to the WordPress open source project.,3.04,37.1,42.0,17.6,4.9
Participation change,No change / About the same,199,19,agreement,I consider myself to be a contributor to the WordPress open source project.,2.62,51.3,28.1,12.1,-23.1
Participation change,Decreased,94,19,agreement,I consider myself to be a contributor to the WordPress open source project.,3.18,25.5,38.3,12.8,12.8
Participation change,Significantly decreased,73,19,agreement,I consider myself to be a contributor to the WordPress open source project.,3.37,30.1,58.9,27.4,28.8
Participation change,Increased,48,19,agreement,I consider myself to be a contributor to the WordPress open source project.,3.58,22.9,64.6,22.9,41.7
Participation change,Significantly increased,17,19,agreement,I consider myself to be a contributor to the WordPress open source project.,4.29,5.9,88.2,52.9,82.4
Participation change,All respondents,431,22,agreement,I consider myself to be a member of the WordPress community.,3.88,12.3,71.5,32.9,59.2
Participation change,No change / About the same,199,22,agreement,I consider myself to be a member of the WordPress community.,3.66,17.1,62.8,25.1,45.7
Participation change,Decreased,94,22,agreement,I consider myself to be a member of the WordPress community.,4.04,4.3,80.9,27.7,76.6
Participation change,Significantly decreased,73,22,agreement,I consider myself to be a member of the WordPress community.,3.74,19.2,65.8,37.0,46.6
Participation change,Increased,48,22,agreement,I consider myself to be a member of the WordPress community.,4.35,2.1,87.5,50.0,85.4
Participation change,Significantly increased,17,22,agreement,I consider myself to be a member of the WordPress community.,4.88,0.0,100.0,88.2,100.0
Participation change,All respondents,431,28,sentiment,"Right now, how do you feel overall about the WordPress open source project?",2.87,38.1,32.7,4.6,-5.3
Participation change,No change / About the same,199,28,sentiment,"Right now, how do you feel overall about the WordPress open source project?",3.16,28.1,46.2,6.5,18.1
Participation change,Decreased,94,28,sentiment,"Right now, how do you feel overall about the WordPress open source project?",2.48,53.2,10.6,1.1,-42.6
Participation change,Significantly decreased,73,28,sentiment,"Right now, how do you feel overall about the WordPress open source project?",2.1,69.9,8.2,1.4,-61.6
Participation change,Increased,48,28,sentiment,"Right now, how do you feel overall about the WordPress open source project?",3.33,14.6,45.8,8.3,31.2
Participation change,Significantly increased,17,28,sentiment,"Right now, how do you feel overall about the WordPress open source project?",3.71,0.0,64.7,5.9,64.7
Participation change,All respondents,431,31,sentiment,How do you feel about the future of the WordPress open source project?,2.8,39.0,24.4,5.1,-14.6
Participation change,No change / About the same,199,31,sentiment,How do you feel about the future of the WordPress open source project?,2.99,31.2,31.2,6.5,0.0
Participation change,Decreased,94,31,sentiment,How do you feel about the future of the WordPress open source project?,2.47,51.1,7.4,0.0,-43.6
Participation change,Significantly decreased,73,31,sentiment,How do you feel about the future of the WordPress open source project?,2.16,64.4,8.2,1.4,-56.2
Participation change,Increased,48,31,sentiment,How do you feel about the future of the WordPress open source project?,3.25,22.9,39.6,12.5,16.7
Participation change,Significantly increased,17,31,sentiment,How do you feel about the future of the WordPress open source project?,3.76,0.0,64.7,11.8,64.7
Participation change,All respondents,431,34,importance,WordPress open source software,4.58,1.4,94.0,65.4,92.6
Participation change,No change / About the same,199,34,importance,WordPress open source software,4.65,1.0,95.5,70.4,94.5
Participation change,Decreased,94,34,importance,WordPress open source software,4.51,1.1,94.7,57.4,93.6
Participation change,Significantly decreased,73,34,importance,WordPress open source software,4.44,4.1,87.7,63.0,83.6
Participation change,Increased,48,34,importance,WordPress open source software,4.56,0.0,95.8,60.4,95.8
Participation change,Significantly increased,17,34,importance,WordPress open source software,4.71,0.0,94.1,76.5,94.1
Participation change,All respondents,431,34,importance,The WordPress community,4.13,7.0,80.3,41.8,73.3
Participation change,No change / About the same,199,34,importance,The WordPress community,4.02,8.0,75.4,36.7,67.3
Participation change,Decreased,94,34,importance,The WordPress community,4.2,4.3,84.0,40.4,79.8
Participation change,Significantly decreased,73,34,importance,The WordPress community,4.0,12.3,76.7,42.5,64.4
Participation change,Increased,48,34,importance,The WordPress community,4.48,2.1,93.8,58.3,91.7
Participation change,Significantly increased,17,34,importance,The WordPress community,4.53,0.0,94.1,58.8,94.1
Participation change,All respondents,431,34,importance,WordPress events and meetups,3.26,26.7,50.1,19.5,23.4
Participation change,No change / About the same,199,34,importance,WordPress events and meetups,2.97,36.2,41.7,16.1,5.5
Participation change,Decreased,94,34,importance,WordPress events and meetups,3.5,16.0,54.3,18.1,38.3
Participation change,Significantly decreased,73,34,importance,WordPress events and meetups,3.18,27.4,46.6,21.9,19.2
Participation change,Increased,48,34,importance,WordPress events and meetups,3.77,12.5,68.8,25.0,56.2
Participation change,Significantly increased,17,34,importance,WordPress events and meetups,4.12,11.8,88.2,41.2,76.5
Participation change,All respondents,431,34,importance,Contributing to WordPress,3.31,18.8,45.7,13.9,26.9
Participation change,No change / About the same,199,34,importance,Contributing to WordPress,3.12,21.6,38.2,9.5,16.6
Participation change,Decreased,94,34,importance,Contributing to WordPress,3.47,12.8,50.0,11.7,37.2
Participation change,Significantly decreased,73,34,importance,Contributing to WordPress,3.27,21.9,43.8,19.2,21.9
Participation change,Increased,48,34,importance,Contributing to WordPress,3.46,20.8,56.2,18.8,35.4
Participation change,Significantly increased,17,34,importance,Contributing to WordPress,4.29,0.0,88.2,41.2,88.2
Participation change,All respondents,431,34,importance,Open source values,4.48,2.6,90.7,61.9,88.2
Participation change,No change / About the same,199,34,importance,Open source values,4.49,1.5,92.5,58.8,91.0
Participation change,Decreased,94,34,importance,Open source values,4.55,1.1,93.6,62.8,92.6
Participation change,Significantly decreased,73,34,importance,Open source values,4.42,5.5,86.3,67.1,80.8
Participation change,Increased,48,34,importance,Open source values,4.4,4.2,85.4,60.4,81.2
Participation change,Significantly increased,17,34,importance,Open source values,4.53,5.9,88.2,76.5,82.4
Participation change,All respondents,431,34,importance,AI in WordPress,2.47,52.7,29.0,12.8,-23.7
Participation change,No change / About the same,199,34,importance,AI in WordPress,2.37,55.3,25.6,13.1,-29.6
Participation change,Decreased,94,34,importance,AI in WordPress,2.46,52.1,30.9,10.6,-21.3
Participation change,Significantly decreased,73,34,importance,AI in WordPress,2.18,61.6,20.5,8.2,-41.1
Participation change,Increased,48,34,importance,AI in WordPress,2.73,45.8,31.2,10.4,-14.6
Participation change,Significantly increased,17,34,importance,AI in WordPress,4.24,5.9,88.2,47.1,82.4
Participation change,All respondents,431,34,importance,Security in WordPress,4.68,1.4,95.1,75.6,93.7
Participation change,No change / About the same,199,34,importance,Security in WordPress,4.73,1.0,96.5,78.4,95.5
Participation change,Decreased,94,34,importance,Security in WordPress,4.71,0.0,96.8,74.5,96.8
Participation change,Significantly decreased,73,34,importance,Security in WordPress,4.48,5.5,86.3,72.6,80.8
Participation change,Increased,48,34,importance,Security in WordPress,4.65,0.0,97.9,66.7,97.9
Participation change,Significantly increased,17,34,importance,Security in WordPress,4.88,0.0,100.0,88.2,100.0
Participation change,All respondents,431,34,importance,Web standards and compliance,4.57,1.6,93.7,65.9,92.1
Participation change,No change / About the same,199,34,importance,Web standards and compliance,4.62,0.5,93.0,70.4,92.5
Participation change,Decreased,94,34,importance,Web standards and compliance,4.64,0.0,97.9,66.0,97.9
Participation change,Significantly decreased,73,34,importance,Web standards and compliance,4.38,6.8,90.4,60.3,83.6
Participation change,Increased,48,34,importance,Web standards and compliance,4.44,2.1,93.8,52.1,91.7
Participation change,Significantly increased,17,34,importance,Web standards and compliance,4.71,0.0,94.1,76.5,94.1
Participation change,All respondents,431,34,importance,WordPress leadership,4.04,8.1,73.8,43.4,65.7
Participation change,No change / About the same,199,34,importance,WordPress leadership,3.92,9.0,68.8,37.7,59.8
Participation change,Decreased,94,34,importance,WordPress leadership,4.29,4.3,81.9,53.2,77.7
Participation change,Significantly decreased,73,34,importance,WordPress leadership,4.12,11.0,78.1,53.4,67.1
Participation change,Increased,48,34,importance,WordPress leadership,3.98,6.2,72.9,35.4,66.7
Participation change,Significantly increased,17,34,importance,WordPress leadership,3.88,11.8,70.6,35.3,58.8
Participation change,All respondents,431,34,importance,WordPress governance,4.17,5.8,76.6,50.8,70.8
Participation change,No change / About the same,199,34,importance,WordPress governance,4.03,7.0,71.4,43.7,64.3
Participation change,Decreased,94,34,importance,WordPress governance,4.43,3.2,86.2,61.7,83.0
Participation change,Significantly decreased,73,34,importance,WordPress governance,4.3,6.8,79.5,64.4,72.6
Participation change,Increased,48,34,importance,WordPress governance,4.15,4.2,79.2,43.8,75.0
Participation change,Significantly increased,17,34,importance,WordPress governance,3.88,5.9,64.7,35.3,58.8
Participation change,All respondents,431,34,importance,"Business issues (mergers & acquisitions, product ecosystem, private equity investment, etc.)",3.14,25.5,41.5,12.5,16.0
Participation change,No change / About the same,199,34,importance,"Business issues (mergers & acquisitions, product ecosystem, private equity investment, etc.)",3.08,26.6,39.2,13.1,12.6
Participation change,Decreased,94,34,importance,"Business issues (mergers & acquisitions, product ecosystem, private equity investment, etc.)",3.23,24.5,45.7,12.8,21.3
Participation change,Significantly decreased,73,34,importance,"Business issues (mergers & acquisitions, product ecosystem, private equity investment, etc.)",2.92,35.6,37.0,11.0,1.4
Participation change,Increased,48,34,importance,"Business issues (mergers & acquisitions, product ecosystem, private equity investment, etc.)",3.38,12.5,43.8,10.4,31.2
Participation change,Significantly increased,17,34,importance,"Business issues (mergers & acquisitions, product ecosystem, private equity investment, etc.)",3.53,11.8,58.8,17.6,47.1
Participation change,All respondents,431,34,importance,Enterprise/scale issues,3.13,24.8,40.1,11.1,15.3
Participation change,No change / About the same,199,34,importance,Enterprise/scale issues,3.03,27.1,34.2,11.1,7.0
Participation change,Decreased,94,34,importance,Enterprise/scale issues,3.26,20.2,46.8,10.6,26.6
Participation change,Significantly decreased,73,34,importance,Enterprise/scale issues,3.05,31.5,41.1,13.7,9.6
Participation change,Increased,48,34,importance,Enterprise/scale issues,3.35,14.6,47.9,6.2,33.3
Participation change,Significantly increased,17,34,importance,Enterprise/scale issues,3.24,23.5,47.1,17.6,23.5
Participation change,All respondents,431,34,importance,Collaboration with the greater open source ecosystem,3.82,8.8,67.7,26.0,58.9
Participation change,No change / About the same,199,34,importance,Collaboration with the greater open source ecosystem,3.81,6.0,65.3,25.6,59.3
Participation change,Decreased,94,34,importance,Collaboration with the greater open source ecosystem,3.8,7.4,66.0,21.3,58.5
Participation change,Significantly decreased,73,34,importance,Collaboration with the greater open source ecosystem,3.9,16.4,75.3,39.7,58.9
Participation change,Increased,48,34,importance,Collaboration with the greater open source ecosystem,3.67,14.6,68.8,12.5,54.2
Participation change,Significantly increased,17,34,importance,Collaboration with the greater open source ecosystem,4.06,0.0,70.6,35.3,70.6
Participation change,All respondents,431,38,importance,Personal capacity,4.22,3.7,82.8,44.5,79.1
Participation change,No change / About the same,199,38,importance,Personal capacity,4.25,4.0,82.4,48.2,78.4
Participation change,Decreased,94,38,importance,Personal capacity,4.19,2.1,84.0,37.2,81.9
Participation change,Significantly decreased,73,38,importance,Personal capacity,4.12,6.8,79.5,43.8,72.6
Participation change,Increased,48,38,importance,Personal capacity,4.17,2.1,83.3,35.4,81.3
Participation change,Significantly increased,17,38,importance,Personal capacity,4.65,0.0,94.1,70.6,94.1
Participation change,All respondents,431,38,importance,Financial incentives/restraints,3.05,27.4,33.6,11.8,6.3
Participation change,No change / About the same,199,38,importance,Financial incentives/restraints,2.95,30.2,29.1,12.1,-1.0
Participation change,Decreased,94,38,importance,Financial incentives/restraints,3.14,25.5,40.4,7.4,14.9
Participation change,Significantly decreased,73,38,importance,Financial incentives/restraints,2.97,30.1,30.1,12.3,0.0
Participation change,Increased,48,38,importance,Financial incentives/restraints,3.17,20.8,33.3,12.5,12.5
Participation change,Significantly increased,17,38,importance,Financial incentives/restraints,3.76,11.8,64.7,29.4,52.9
Participation change,All respondents,431,38,importance,Impact of my contributions to the project,3.4,14.4,47.8,12.8,33.4
Participation change,No change / About the same,199,38,importance,Impact of my contributions to the project,3.38,11.6,45.7,9.0,34.2
Participation change,Decreased,94,38,importance,Impact of my contributions to the project,3.28,18.1,43.6,8.5,25.5
Participation change,Significantly decreased,73,38,importance,Impact of my contributions to the project,3.41,16.4,47.9,17.8,31.5
Participation change,Increased,48,38,importance,Impact of my contributions to the project,3.35,20.8,52.1,10.4,31.2
Participation change,Significantly increased,17,38,importance,Impact of my contributions to the project,4.47,0.0,82.4,64.7,82.4
Participation change,All respondents,431,38,importance,Impact of my participation on my professional or personal life,3.6,9.5,58.5,15.3,49.0
Participation change,No change / About the same,199,38,importance,Impact of my participation on my professional or personal life,3.55,10.6,55.3,14.6,44.7
Participation change,Decreased,94,38,importance,Impact of my participation on my professional or personal life,3.55,6.4,57.4,8.5,51.1
Participation change,Significantly decreased,73,38,importance,Impact of my participation on my professional or personal life,3.6,15.1,61.6,20.5,46.6
Participation change,Increased,48,38,importance,Impact of my participation on my professional or personal life,3.71,4.2,58.3,16.7,54.2
Participation change,Significantly increased,17,38,importance,Impact of my participation on my professional or personal life,4.18,5.9,88.2,35.3,82.4
Participation change,All respondents,431,38,importance,Understanding how to participate,3.59,10.7,59.6,16.2,49.0
Participation change,No change / About the same,199,38,importance,Understanding how to participate,3.68,9.5,62.8,19.6,53.3
Participation change,Decreased,94,38,importance,Understanding how to participate,3.67,5.3,60.6,13.8,55.3
Participation change,Significantly decreased,73,38,importance,Understanding how to participate,3.21,20.5,42.5,13.7,21.9
Participation change,Increased,48,38,importance,Understanding how to participate,3.42,14.6,60.4,2.1,45.8
Participation change,Significantly increased,17,38,importance,Understanding how to participate,4.29,0.0,88.2,41.2,88.2
Participation change,All respondents,431,38,importance,Mentorship or guidance,3.08,23.9,33.4,7.4,9.5
Participation change,No change / About the same,199,38,importance,Mentorship or guidance,3.17,18.6,33.7,8.5,15.1
Participation change,Decreased,94,38,importance,Mentorship or guidance,2.95,29.8,25.5,3.2,-4.3
Participation change,Significantly decreased,73,38,importance,Mentorship or guidance,2.85,34.2,31.5,8.2,-2.7
Participation change,Increased,48,38,importance,Mentorship or guidance,3.1,22.9,43.8,2.1,20.8
Participation change,Significantly increased,17,38,importance,Mentorship or guidance,3.65,11.8,52.9,29.4,41.2
Participation change,All respondents,431,38,importance,Project roadmap,3.43,17.2,51.7,14.2,34.6
Participation change,No change / About the same,199,38,importance,Project roadmap,3.34,17.1,46.7,11.6,29.6
Participation change,Decreased,94,38,importance,Project roadmap,3.46,18.1,52.1,13.8,34.0
Participation change,Significantly decreased,73,38,importance,Project roadmap,3.51,17.8,56.2,21.9,38.4
Participation change,Increased,48,38,importance,Project roadmap,3.46,16.7,56.2,10.4,39.6
Participation change,Significantly increased,17,38,importance,Project roadmap,3.88,11.8,76.5,23.5,64.7
Participation change,All respondents,431,38,importance,Project leadership,3.83,12.5,67.3,32.7,54.8
Participation change,No change / About the same,199,38,importance,Project leadership,3.65,13.6,58.8,26.1,45.2
Participation change,Decreased,94,38,importance,Project leadership,4.12,7.4,78.7,41.5,71.3
Participation change,Significantly decreased,73,38,importance,Project leadership,4.01,13.7,72.6,49.3,58.9
Participation change,Increased,48,38,importance,Project leadership,3.67,16.7,68.8,18.8,52.1
Participation change,Significantly increased,17,38,importance,Project leadership,3.94,11.8,76.5,29.4,64.7
Participation change,All respondents,431,38,importance,Project governance/policies,3.85,10.4,66.4,32.7,55.9
Participation change,No change / About the same,199,38,importance,Project governance/policies,3.65,12.1,57.8,24.6,45.7
Participation change,Decreased,94,38,importance,Project governance/policies,4.16,5.3,79.8,41.5,74.5
Participation change,Significantly decreased,73,38,importance,Project governance/policies,4.12,9.6,76.7,50.7,67.1
Participation change,Increased,48,38,importance,Project governance/policies,3.65,16.7,62.5,22.9,45.8
Participation change,Significantly increased,17,38,importance,Project governance/policies,3.82,5.9,58.8,29.4,52.9
Participation change,All respondents,431,38,importance,"Advocacy on behalf of web standards (accessibility, privacy, etc.)",3.99,7.7,75.6,33.6,68.0
Participation change,No change / About the same,199,38,importance,"Advocacy on behalf of web standards (accessibility, privacy, etc.)",3.92,9.0,71.9,31.7,62.8
Participation change,Decreased,94,38,importance,"Advocacy on behalf of web standards (accessibility, privacy, etc.)",4.1,5.3,81.9,34.0,76.6
Participation change,Significantly decreased,73,38,importance,"Advocacy on behalf of web standards (accessibility, privacy, etc.)",4.11,8.2,79.5,43.8,71.2
Participation change,Increased,48,38,importance,"Advocacy on behalf of web standards (accessibility, privacy, etc.)",4.02,6.2,77.1,31.2,70.8
Participation change,Significantly increased,17,38,importance,"Advocacy on behalf of web standards (accessibility, privacy, etc.)",3.71,5.9,64.7,17.6,58.8
Participation change,All respondents,431,38,importance,Participation in the WordPress community,3.52,10.0,53.4,15.3,43.4
Participation change,No change / About the same,199,38,importance,Participation in the WordPress community,3.35,11.6,43.7,10.6,32.2
Participation change,Decreased,94,38,importance,Participation in the WordPress community,3.64,6.4,56.4,16.0,50.0
Participation change,Significantly decreased,73,38,importance,Participation in the WordPress community,3.47,15.1,57.5,15.1,42.5
Participation change,Increased,48,38,importance,Participation in the WordPress community,3.81,6.2,68.8,22.9,62.5
Participation change,Significantly increased,17,38,importance,Participation in the WordPress community,4.35,0.0,88.2,47.1,88.2
Participation change,All respondents,431,38,importance,Feeling welcome/included,4.06,5.8,76.3,39.2,70.5
Participation change,No change / About the same,199,38,importance,Feeling welcome/included,3.97,7.5,74.4,35.2,66.8
Participation change,Decreased,94,38,importance,Feeling welcome/included,4.13,3.2,75.5,40.4,72.3
Participation change,Significantly decreased,73,38,importance,Feeling welcome/included,4.18,5.5,79.5,49.3,74.0
Participation change,Increased,48,38,importance,Feeling welcome/included,3.98,4.2,77.1,27.1,72.9
Participation change,Significantly increased,17,38,importance,Feeling welcome/included,4.47,5.9,88.2,70.6,82.4
Participation change,All respondents,431,38,importance,Participating in a language other than English,2.46,45.2,19.7,6.3,-25.5
Participation change,No change / About the same,199,38,importance,Participating in a language other than English,2.33,47.7,15.1,4.0,-32.7
Participation change,Decreased,94,38,importance,Participating in a language other than English,2.54,43.6,19.1,8.5,-24.5
Participation change,Significantly decreased,73,38,importance,Participating in a language other than English,2.37,49.3,20.5,4.1,-28.8
Participation change,Increased,48,38,importance,Participating in a language other than English,2.85,33.3,33.3,8.3,0.0
Participation change,Significantly increased,17,38,importance,Participating in a language other than English,2.82,41.2,35.3,23.5,-5.9
Participation change,All respondents,431,38,importance,Working asynchronously,3.61,11.6,55.5,24.1,43.9
Participation change,No change / About the same,199,38,importance,Working asynchronously,3.61,12.1,52.3,29.1,40.2
Participation change,Decreased,94,38,importance,Working asynchronously,3.74,6.4,63.8,20.2,57.4
Participation change,Significantly decreased,73,38,importance,Working asynchronously,3.29,20.5,45.2,16.4,24.7
Participation change,Increased,48,38,importance,Working asynchronously,3.69,10.4,62.5,20.8,52.1
Participation change,Significantly increased,17,38,importance,Working asynchronously,4.0,0.0,70.6,29.4,70.6
Participation change,All respondents,431,50,agreement,Attending in-person WordPress-related events is important to me.,3.13,35.3,46.6,21.3,11.4
Participation change,No change / About the same,199,50,agreement,Attending in-person WordPress-related events is important to me.,2.82,45.2,35.2,17.1,-10.1
Participation change,Decreased,94,50,agreement,Attending in-person WordPress-related events is important to me.,3.34,26.6,54.3,18.1,27.7
Participation change,Significantly decreased,73,50,agreement,Attending in-person WordPress-related events is important to me.,3.03,35.6,43.8,17.8,8.2
Participation change,Increased,48,50,agreement,Attending in-person WordPress-related events is important to me.,3.75,20.8,70.8,37.5,50.0
Participation change,Significantly increased,17,50,agreement,Attending in-person WordPress-related events is important to me.,4.29,5.9,82.4,58.8,76.5
Participation change,All respondents,431,57,importance,A location local to you,3.73,13.9,65.9,27.8,52.0
Participation change,No change / About the same,199,57,importance,A location local to you,3.85,10.6,68.8,32.2,58.3
Participation change,Decreased,94,57,importance,A location local to you,3.71,17.0,67.0,26.6,50.0
Participation change,Significantly decreased,73,57,importance,A location local to you,3.49,17.8,58.9,19.2,41.1
Participation change,Increased,48,57,importance,A location local to you,3.73,16.7,66.7,29.2,50.0
Participation change,Significantly increased,17,57,importance,A location local to you,3.53,11.8,52.9,17.6,41.2
Participation change,All respondents,431,57,importance,A regional/destination location,3.42,16.7,54.3,13.9,37.6
Participation change,No change / About the same,199,57,importance,A regional/destination location,3.48,14.1,55.3,14.6,41.2
Participation change,Decreased,94,57,importance,A regional/destination location,3.37,20.2,54.3,11.7,34.0
Participation change,Significantly decreased,73,57,importance,A regional/destination location,3.25,20.5,47.9,15.1,27.4
Participation change,Increased,48,57,importance,A regional/destination location,3.52,16.7,64.6,14.6,47.9
Participation change,Significantly increased,17,57,importance,A regional/destination location,3.35,11.8,41.2,11.8,29.4
Participation change,All respondents,431,57,importance,Events with smaller attendance,2.91,24.8,25.1,3.9,0.2
Participation change,No change / About the same,199,57,importance,Events with smaller attendance,2.91,23.6,26.1,3.5,2.5
Participation change,Decreased,94,57,importance,Events with smaller attendance,2.96,24.5,26.6,2.1,2.1
Participation change,Significantly decreased,73,57,importance,Events with smaller attendance,2.95,23.3,24.7,6.8,1.4
Participation change,Increased,48,57,importance,Events with smaller attendance,2.85,27.1,20.8,4.2,-6.2
Participation change,Significantly increased,17,57,importance,Events with smaller attendance,2.65,41.2,17.6,5.9,-23.5
Participation change,All respondents,431,57,importance,Events with larger attendance,2.72,31.6,16.9,2.8,-14.6
Participation change,No change / About the same,199,57,importance,Events with larger attendance,2.64,33.2,12.1,3.0,-21.1
Participation change,Decreased,94,57,importance,Events with larger attendance,2.73,31.9,16.0,2.1,-16.0
Participation change,Significantly decreased,73,57,importance,Events with larger attendance,2.77,28.8,21.9,1.4,-6.8
Participation change,Increased,48,57,importance,Events with larger attendance,2.92,29.2,29.2,6.2,0.0
Participation change,Significantly increased,17,57,importance,Events with larger attendance,2.82,29.4,23.5,0.0,-5.9
Participation change,All respondents,431,57,importance,"Hard skill development (technical instruction, workshops, etc.)",3.37,18.1,52.9,11.8,34.8
Participation change,No change / About the same,199,57,importance,"Hard skill development (technical instruction, workshops, etc.)",3.35,17.6,53.3,10.6,35.7
Participation change,Decreased,94,57,importance,"Hard skill development (technical instruction, workshops, etc.)",3.52,11.7,57.4,11.7,45.7
Participation change,Significantly decreased,73,57,importance,"Hard skill development (technical instruction, workshops, etc.)",3.27,24.7,47.9,16.4,23.3
Participation change,Increased,48,57,importance,"Hard skill development (technical instruction, workshops, etc.)",3.38,20.8,56.2,10.4,35.4
Participation change,Significantly increased,17,57,importance,"Hard skill development (technical instruction, workshops, etc.)",3.12,23.5,35.3,11.8,11.8
Participation change,All respondents,431,57,importance,"Soft skill development (business development, personal development, etc.)",3.08,24.8,38.5,6.7,13.7
Participation change,No change / About the same,199,57,importance,"Soft skill development (business development, personal development, etc.)",3.05,25.1,38.7,5.0,13.6
Participation change,Decreased,94,57,importance,"Soft skill development (business development, personal development, etc.)",3.09,24.5,35.1,5.3,10.6
Participation change,Significantly decreased,73,57,importance,"Soft skill development (business development, personal development, etc.)",3.16,21.9,41.1,11.0,19.2
Participation change,Increased,48,57,importance,"Soft skill development (business development, personal development, etc.)",2.94,31.2,35.4,4.2,4.2
Participation change,Significantly increased,17,57,importance,"Soft skill development (business development, personal development, etc.)",3.47,17.6,52.9,23.5,35.3
Participation change,All respondents,431,57,importance,Topics of sessions / panels,3.69,11.1,67.3,18.6,56.1
Participation change,No change / About the same,199,57,importance,Topics of sessions / panels,3.68,8.5,66.3,15.6,57.8
Participation change,Decreased,94,57,importance,Topics of sessions / panels,3.78,11.7,71.3,22.3,59.6
Participation change,Significantly decreased,73,57,importance,Topics of sessions / panels,3.62,16.4,67.1,21.9,50.7
Participation change,Increased,48,57,importance,Topics of sessions / panels,3.67,12.5,64.6,20.8,52.1
Participation change,Significantly increased,17,57,importance,Topics of sessions / panels,3.59,11.8,64.7,11.8,52.9
Participation change,All respondents,431,57,importance,Particular speakers / keynotes,3.14,21.8,38.7,7.7,16.9
Participation change,No change / About the same,199,57,importance,Particular speakers / keynotes,3.03,24.1,30.7,6.5,6.5
Participation change,Decreased,94,57,importance,Particular speakers / keynotes,3.28,18.1,47.9,6.4,29.8
Participation change,Significantly decreased,73,57,importance,Particular speakers / keynotes,3.1,24.7,38.4,9.6,13.7
Participation change,Increased,48,57,importance,Particular speakers / keynotes,3.31,16.7,50.0,10.4,33.3
Participation change,Significantly increased,17,57,importance,Particular speakers / keynotes,3.41,17.6,52.9,11.8,35.3
Participation change,All respondents,431,57,importance,Meeting professional development requirements,2.83,32.0,28.8,7.0,-3.2
Participation change,No change / About the same,199,57,importance,Meeting professional development requirements,2.76,32.2,26.1,5.0,-6.0
Participation change,Decreased,94,57,importance,Meeting professional development requirements,2.93,28.7,31.9,6.4,3.2
Participation change,Significantly decreased,73,57,importance,Meeting professional development requirements,2.97,32.9,34.2,15.1,1.4
Participation change,Increased,48,57,importance,Meeting professional development requirements,2.71,35.4,27.1,4.2,-8.3
Participation change,Significantly increased,17,57,importance,Meeting professional development requirements,2.76,35.3,23.5,5.9,-11.8
Participation change,All respondents,431,57,importance,Networking opportunities,3.65,14.2,60.6,25.1,46.4
Participation change,No change / About the same,199,57,importance,Networking opportunities,3.45,16.1,51.3,17.6,35.2
Participation change,Decreased,94,57,importance,Networking opportunities,3.57,14.9,60.6,20.2,45.7
Participation change,Significantly decreased,73,57,importance,Networking opportunities,3.88,12.3,71.2,37.0,58.9
Participation change,Increased,48,57,importance,Networking opportunities,3.88,12.5,70.8,31.2,58.3
Participation change,Significantly increased,17,57,importance,Networking opportunities,4.65,0.0,94.1,70.6,94.1
Participation change,All respondents,431,57,importance,Community development/engagement,3.61,11.8,61.5,18.3,49.7
Participation change,No change / About the same,199,57,importance,Community development/engagement,3.44,15.1,53.8,13.1,38.7
Participation change,Decreased,94,57,importance,Community development/engagement,3.65,10.6,64.9,18.1,54.3
Participation change,Significantly decreased,73,57,importance,Community development/engagement,3.66,12.3,64.4,21.9,52.1
Participation change,Increased,48,57,importance,Community development/engagement,3.85,4.2,70.8,20.8,66.7
Participation change,Significantly increased,17,57,importance,Community development/engagement,4.53,0.0,94.1,58.8,94.1
Participation change,All respondents,431,57,importance,Cost of ticket,3.44,19.5,54.5,17.6,35.0
Participation change,No change / About the same,199,57,importance,Cost of ticket,3.55,14.6,57.3,18.6,42.7
Participation change,Decreased,94,57,importance,Cost of ticket,3.41,22.3,57.4,14.9,35.1
Participation change,Significantly decreased,73,57,importance,Cost of ticket,3.14,28.8,43.8,19.2,15.1
Participation change,Increased,48,57,importance,Cost of ticket,3.42,20.8,52.1,14.6,31.2
Participation change,Significantly increased,17,57,importance,Cost of ticket,3.65,17.6,58.8,23.5,41.2
Participation change,All respondents,431,57,importance,"Cost of attendance (travel, housing, etc.)",3.9,11.4,72.4,34.3,61.0
Participation change,No change / About the same,199,57,importance,"Cost of attendance (travel, housing, etc.)",3.94,9.0,73.4,34.2,64.3
Participation change,Decreased,94,57,importance,"Cost of attendance (travel, housing, etc.)",4.01,9.6,74.5,39.4,64.9
Participation change,Significantly decreased,73,57,importance,"Cost of attendance (travel, housing, etc.)",3.62,20.5,64.4,32.9,43.8
Participation change,Increased,48,57,importance,"Cost of attendance (travel, housing, etc.)",3.88,12.5,72.9,27.1,60.4
Participation change,Significantly increased,17,57,importance,"Cost of attendance (travel, housing, etc.)",4.12,5.9,82.4,35.3,76.5
Participation change,All respondents,431,59,sentiment,"Right now, how do you generally feel about open source software?",4.16,3.9,81.7,39.4,77.7
Participation change,No change / About the same,199,59,sentiment,"Right now, how do you generally feel about open source software?",4.26,3.5,84.9,44.7,81.4
Participation change,Decreased,94,59,sentiment,"Right now, how do you generally feel about open source software?",4.01,5.3,74.5,33.0,69.1
Participation change,Significantly decreased,73,59,sentiment,"Right now, how do you generally feel about open source software?",4.01,6.8,78.1,32.9,71.2
Participation change,Increased,48,59,sentiment,"Right now, how do you generally feel about open source software?",4.27,0.0,89.6,37.5,89.6
Participation change,Significantly increased,17,59,sentiment,"Right now, how do you generally feel about open source software?",4.24,0.0,76.5,47.1,76.5
Participation change,All respondents,431,62,importance,Open source software,4.59,1.2,93.5,68.0,92.3
Participation change,No change / About the same,199,62,importance,Open source software,4.61,0.5,93.0,69.3,92.5
Participation change,Decreased,94,62,importance,Open source software,4.67,0.0,97.9,69.1,97.9
Participation change,Significantly decreased,73,62,importance,Open source software,4.51,2.7,89.0,67.1,86.3
Participation change,Increased,48,62,importance,Open source software,4.54,2.1,93.8,64.6,91.7
Participation change,Significantly increased,17,62,importance,Open source software,4.47,5.9,94.1,58.8,88.2
Participation change,All respondents,431,62,importance,Open source values (whatever that means to you)required,4.51,3.2,91.9,64.3,88.6
Participation change,No change / About the same,199,62,importance,Open source values (whatever that means to you)required,4.51,2.5,91.0,63.3,88.4
Participation change,Decreased,94,62,importance,Open source values (whatever that means to you)required,4.68,0.0,97.9,70.2,97.9
Participation change,Significantly decreased,73,62,importance,Open source values (whatever that means to you)required,4.4,9.6,87.7,67.1,78.1
Participation change,Increased,48,62,importance,Open source values (whatever that means to you)required,4.4,2.1,91.7,52.1,89.6
Participation change,Significantly increased,17,62,importance,Open source values (whatever that means to you)required,4.47,5.9,88.2,64.7,82.4
Participation change,All respondents,431,62,importance,The sustainability of open source projects,4.58,1.2,93.3,66.6,92.1
Participation change,No change / About the same,199,62,importance,The sustainability of open source projects,4.59,1.0,93.0,68.3,92.0
Participation change,Decreased,94,62,importance,The sustainability of open source projects,4.63,0.0,95.7,67.0,95.7
Participation change,Significantly decreased,73,62,importance,The sustainability of open source projects,4.56,4.1,91.8,71.2,87.7
Participation change,Increased,48,62,importance,The sustainability of open source projects,4.44,0.0,91.7,52.1,91.7
Participation change,Significantly increased,17,62,importance,The sustainability of open source projects,4.59,0.0,94.1,64.7,94.1
Participation change,All respondents,431,62,importance,Open source in WordPress,4.51,2.8,92.1,63.1,89.3
Participation change,No change / About the same,199,62,importance,Open source in WordPress,4.52,2.5,91.5,64.3,88.9
Participation change,Decreased,94,62,importance,Open source in WordPress,4.56,1.1,94.7,63.8,93.6
Participation change,Significantly decreased,73,62,importance,Open source in WordPress,4.33,6.8,86.3,58.9,79.5
Participation change,Increased,48,62,importance,Open source in WordPress,4.48,2.1,95.8,56.2,93.8
Participation change,Significantly increased,17,62,importance,Open source in WordPress,4.82,0.0,100.0,82.4,100.0
Participation change,All respondents,431,62,importance,Open source in AI,3.24,29.2,50.1,27.4,20.9
Participation change,No change / About the same,199,62,importance,Open source in AI,2.96,35.2,41.7,21.1,6.5
Participation change,Decreased,94,62,importance,Open source in AI,3.38,27.7,51.1,35.1,23.4
Participation change,Significantly decreased,73,62,importance,Open source in AI,3.23,30.1,50.7,27.4,20.5
Participation change,Increased,48,62,importance,Open source in AI,3.69,16.7,66.7,27.1,50.0
Participation change,Significantly increased,17,62,importance,Open source in AI,4.53,0.0,94.1,58.8,94.1
Participation change,All respondents,431,67,sentiment,"Right now, how do you generally feel about AI in the tech industry?",2.6,46.2,31.1,10.0,-15.1
Participation change,No change / About the same,199,67,sentiment,"Right now, how do you generally feel about AI in the tech industry?",2.41,51.3,27.6,7.0,-23.6
Participation change,Decreased,94,67,sentiment,"Right now, how do you generally feel about AI in the tech industry?",2.53,51.1,27.7,11.7,-23.4
Participation change,Significantly decreased,73,67,sentiment,"Right now, how do you generally feel about AI in the tech industry?",2.68,43.8,32.9,15.1,-11.0
Participation change,Increased,48,67,sentiment,"Right now, how do you generally feel about AI in the tech industry?",3.02,31.2,37.5,8.3,6.2
Participation change,Significantly increased,17,67,sentiment,"Right now, how do you generally feel about AI in the tech industry?",3.71,11.8,64.7,17.6,52.9
Participation change,All respondents,431,68,sentiment,"Right now, how do you generally feel about AI in WordPress?",2.35,49.9,16.9,3.9,-32.9
Participation change,No change / About the same,199,68,sentiment,"Right now, how do you generally feel about AI in WordPress?",2.26,53.3,17.6,5.5,-35.7
Participation change,Decreased,94,68,sentiment,"Right now, how do you generally feel about AI in WordPress?",2.28,53.2,14.9,2.1,-38.3
Participation change,Significantly decreased,73,68,sentiment,"Right now, how do you generally feel about AI in WordPress?",2.11,57.5,5.5,2.7,-52.1
Participation change,Increased,48,68,sentiment,"Right now, how do you generally feel about AI in WordPress?",2.83,31.2,25.0,4.2,-6.2
Participation change,Significantly increased,17,68,sentiment,"Right now, how do you generally feel about AI in WordPress?",3.35,11.8,47.1,0.0,35.3
Participation change,All respondents,431,69,sentiment,"Right now, how do you generally feel about AI in web development (vibe coding, agentic development, etc.)?",2.7,44.8,34.6,12.5,-10.2
Participation change,No change / About the same,199,69,sentiment,"Right now, how do you generally feel about AI in web development (vibe coding, agentic development, etc.)?",2.5,49.7,31.7,8.5,-18.1
Participation change,Decreased,94,69,sentiment,"Right now, how do you generally feel about AI in web development (vibe coding, agentic development, etc.)?",2.63,48.9,26.6,12.8,-22.3
Participation change,Significantly decreased,73,69,sentiment,"Right now, how do you generally feel about AI in web development (vibe coding, agentic development, etc.)?",2.73,43.8,34.2,17.8,-9.6
Participation change,Increased,48,69,sentiment,"Right now, how do you generally feel about AI in web development (vibe coding, agentic development, etc.)?",3.17,31.2,52.1,10.4,20.8
Participation change,Significantly increased,17,69,sentiment,"Right now, how do you generally feel about AI in web development (vibe coding, agentic development, etc.)?",4.0,5.9,64.7,41.2,58.8
Event relationship,All respondents,431,19,agreement,I consider myself to be a contributor to the WordPress open source project.,3.04,37.1,42.0,17.6,4.9
Event relationship,"Never attended, not interested",120,19,agreement,I consider myself to be a contributor to the WordPress open source project.,2.08,70.8,11.7,4.2,-59.2
Event relationship,Stopped attending,94,19,agreement,I consider myself to be a contributor to the WordPress open source project.,2.74,42.6,34.0,6.4,-8.5
Event relationship,"Attend, multiple times a year",91,19,agreement,I consider myself to be a contributor to the WordPress open source project.,4.21,6.6,80.2,49.5,73.6
Event relationship,"Attend, annually or occasionally",90,19,agreement,I consider myself to be a contributor to the WordPress open source project.,3.62,14.4,58.9,20.0,44.4
Event relationship,"Never attended, would like to",28,19,agreement,I consider myself to be a contributor to the WordPress open source project.,2.5,46.4,21.4,3.6,-25.0
Event relationship,All respondents,431,22,agreement,I consider myself to be a member of the WordPress community.,3.88,12.3,71.5,32.9,59.2
Event relationship,"Never attended, not interested",120,22,agreement,I consider myself to be a member of the WordPress community.,3.09,28.3,40.8,5.8,12.5
Event relationship,Stopped attending,94,22,agreement,I consider myself to be a member of the WordPress community.,3.73,13.8,68.1,23.4,54.3
Event relationship,"Attend, multiple times a year",91,22,agreement,I consider myself to be a member of the WordPress community.,4.74,1.1,95.6,79.1,94.5
Event relationship,"Attend, annually or occasionally",90,22,agreement,I consider myself to be a member of the WordPress community.,4.32,2.2,91.1,43.3,88.9
Event relationship,"Never attended, would like to",28,22,agreement,I consider myself to be a member of the WordPress community.,3.54,10.7,67.9,3.6,57.1
Event relationship,All respondents,431,28,sentiment,"Right now, how do you feel overall about the WordPress open source project?",2.87,38.1,32.7,4.6,-5.3
Event relationship,"Never attended, not interested",120,28,sentiment,"Right now, how do you feel overall about the WordPress open source project?",2.63,47.5,26.7,0.8,-20.8
Event relationship,Stopped attending,94,28,sentiment,"Right now, how do you feel overall about the WordPress open source project?",2.43,55.3,18.1,2.1,-37.2
Event relationship,"Attend, multiple times a year",91,28,sentiment,"Right now, how do you feel overall about the WordPress open source project?",3.31,20.9,46.2,8.8,25.3
Event relationship,"Attend, annually or occasionally",90,28,sentiment,"Right now, how do you feel overall about the WordPress open source project?",3.13,26.7,40.0,5.6,13.3
Event relationship,"Never attended, would like to",28,28,sentiment,"Right now, how do you feel overall about the WordPress open source project?",3.11,32.1,39.3,14.3,7.1
Event relationship,All respondents,431,31,sentiment,How do you feel about the future of the WordPress open source project?,2.8,39.0,24.4,5.1,-14.6
Event relationship,"Never attended, not interested",120,31,sentiment,How do you feel about the future of the WordPress open source project?,2.41,55.8,10.8,0.8,-45.0
Event relationship,Stopped attending,94,31,sentiment,How do you feel about the future of the WordPress open source project?,2.34,58.5,11.7,2.1,-46.8
Event relationship,"Attend, multiple times a year",91,31,sentiment,How do you feel about the future of the WordPress open source project?,3.34,16.5,41.8,12.1,25.3
Event relationship,"Attend, annually or occasionally",90,31,sentiment,How do you feel about the future of the WordPress open source project?,3.14,23.3,35.6,5.6,12.2
Event relationship,"Never attended, would like to",28,31,sentiment,How do you feel about the future of the WordPress open source project?,3.11,25.0,32.1,10.7,7.1
Event relationship,All respondents,431,34,importance,WordPress open source software,4.58,1.4,94.0,65.4,92.6
Event relationship,"Never attended, not interested",120,34,importance,WordPress open source software,4.47,1.7,92.5,56.7,90.8
Event relationship,Stopped attending,94,34,importance,WordPress open source software,4.48,4.3,90.4,62.8,86.2
Event relationship,"Attend, multiple times a year",91,34,importance,WordPress open source software,4.78,0.0,100.0,78.0,100.0
Event relationship,"Attend, annually or occasionally",90,34,importance,WordPress open source software,4.64,0.0,95.6,68.9,95.6
Event relationship,"Never attended, would like to",28,34,importance,WordPress open source software,4.57,0.0,92.9,64.3,92.9
Event relationship,All respondents,431,34,importance,The WordPress community,4.13,7.0,80.3,41.8,73.3
Event relationship,"Never attended, not interested",120,34,importance,The WordPress community,3.56,15.0,55.0,19.2,40.0
Event relationship,Stopped attending,94,34,importance,The WordPress community,4.03,8.5,81.9,35.1,73.4
Event relationship,"Attend, multiple times a year",91,34,importance,The WordPress community,4.67,1.1,96.7,71.4,95.6
Event relationship,"Attend, annually or occasionally",90,34,importance,The WordPress community,4.46,1.1,93.3,53.3,92.2
Event relationship,"Never attended, would like to",28,34,importance,The WordPress community,4.18,3.6,85.7,35.7,82.1
Event relationship,All respondents,431,34,importance,WordPress events and meetups,3.26,26.7,50.1,19.5,23.4
Event relationship,"Never attended, not interested",120,34,importance,WordPress events and meetups,1.9,67.5,5.8,0.0,-61.7
Event relationship,Stopped attending,94,34,importance,WordPress events and meetups,3.13,23.4,39.4,11.7,16.0
Event relationship,"Attend, multiple times a year",91,34,importance,WordPress events and meetups,4.48,1.1,92.3,57.1,91.2
Event relationship,"Attend, annually or occasionally",90,34,importance,WordPress events and meetups,4.02,3.3,84.4,21.1,81.1
Event relationship,"Never attended, would like to",28,34,importance,WordPress events and meetups,3.07,21.4,28.6,3.6,7.1
Event relationship,All respondents,431,34,importance,Contributing to WordPress,3.31,18.8,45.7,13.9,26.9
Event relationship,"Never attended, not interested",120,34,importance,Contributing to WordPress,2.69,32.5,19.2,2.5,-13.3
Event relationship,Stopped attending,94,34,importance,Contributing to WordPress,3.15,22.3,41.5,8.5,19.1
Event relationship,"Attend, multiple times a year",91,34,importance,Contributing to WordPress,3.93,11.0,73.6,34.1,62.6
Event relationship,"Attend, annually or occasionally",90,34,importance,Contributing to WordPress,3.74,5.6,62.2,18.9,56.7
Event relationship,"Never attended, would like to",28,34,importance,Contributing to WordPress,3.14,14.3,32.1,3.6,17.9
Event relationship,All respondents,431,34,importance,Open source values,4.48,2.6,90.7,61.9,88.2
Event relationship,"Never attended, not interested",120,34,importance,Open source values,4.47,2.5,92.5,58.3,90.0
Event relationship,Stopped attending,94,34,importance,Open source values,4.47,3.2,88.3,63.8,85.1
Event relationship,"Attend, multiple times a year",91,34,importance,Open source values,4.54,2.2,91.2,67.0,89.0
Event relationship,"Attend, annually or occasionally",90,34,importance,Open source values,4.52,1.1,91.1,63.3,90.0
Event relationship,"Never attended, would like to",28,34,importance,Open source values,4.36,3.6,92.9,50.0,89.3
Event relationship,All respondents,431,34,importance,AI in WordPress,2.47,52.7,29.0,12.8,-23.7
Event relationship,"Never attended, not interested",120,34,importance,AI in WordPress,1.78,76.7,15.0,11.7,-61.7
Event relationship,Stopped attending,94,34,importance,AI in WordPress,2.06,63.8,12.8,4.3,-51.1
Event relationship,"Attend, multiple times a year",91,34,importance,AI in WordPress,3.33,28.6,52.7,20.9,24.2
Event relationship,"Attend, annually or occasionally",90,34,importance,AI in WordPress,2.92,34.4,37.8,15.6,3.3
Event relationship,"Never attended, would like to",28,34,importance,AI in WordPress,2.71,46.4,42.9,14.3,-3.6
Event relationship,All respondents,431,34,importance,Security in WordPress,4.68,1.4,95.1,75.6,93.7
Event relationship,"Never attended, not interested",120,34,importance,Security in WordPress,4.75,0.8,95.8,80.8,95.0
Event relationship,Stopped attending,94,34,importance,Security in WordPress,4.61,3.2,90.4,75.5,87.2
Event relationship,"Attend, multiple times a year",91,34,importance,Security in WordPress,4.65,0.0,94.5,70.3,94.5
Event relationship,"Attend, annually or occasionally",90,34,importance,Security in WordPress,4.7,1.1,98.9,73.3,97.8
Event relationship,"Never attended, would like to",28,34,importance,Security in WordPress,4.82,0.0,100.0,82.1,100.0
Event relationship,All respondents,431,34,importance,Web standards and compliance,4.57,1.6,93.7,65.9,92.1
Event relationship,"Never attended, not interested",120,34,importance,Web standards and compliance,4.65,0.8,96.7,70.0,95.8
Event relationship,Stopped attending,94,34,importance,Web standards and compliance,4.49,3.2,91.5,62.8,88.3
Event relationship,"Attend, multiple times a year",91,34,importance,Web standards and compliance,4.55,1.1,93.4,62.6,92.3
Event relationship,"Attend, annually or occasionally",90,34,importance,Web standards and compliance,4.52,1.1,91.1,63.3,90.0
Event relationship,"Never attended, would like to",28,34,importance,Web standards and compliance,4.82,0.0,100.0,82.1,100.0
Event relationship,All respondents,431,34,importance,WordPress leadership,4.04,8.1,73.8,43.4,65.7
Event relationship,"Never attended, not interested",120,34,importance,WordPress leadership,3.68,13.3,59.2,30.8,45.8
Event relationship,Stopped attending,94,34,importance,WordPress leadership,4.26,4.3,78.7,53.2,74.5
Event relationship,"Attend, multiple times a year",91,34,importance,WordPress leadership,4.14,7.7,80.2,47.3,72.5
Event relationship,"Attend, annually or occasionally",90,34,importance,WordPress leadership,4.11,7.8,77.8,44.4,70.0
Event relationship,"Never attended, would like to",28,34,importance,WordPress leadership,4.39,0.0,85.7,53.6,85.7
Event relationship,All respondents,431,34,importance,WordPress governance,4.17,5.8,76.6,50.8,70.8
Event relationship,"Never attended, not interested",120,34,importance,WordPress governance,3.95,8.3,69.2,41.7,60.8
Event relationship,Stopped attending,94,34,importance,WordPress governance,4.36,5.3,81.9,62.8,76.6
Event relationship,"Attend, multiple times a year",91,34,importance,WordPress governance,4.24,4.4,80.2,52.7,75.8
Event relationship,"Attend, annually or occasionally",90,34,importance,WordPress governance,4.14,5.6,74.4,48.9,68.9
Event relationship,"Never attended, would like to",28,34,importance,WordPress governance,4.43,0.0,85.7,57.1,85.7
Event relationship,All respondents,431,34,importance,"Business issues (mergers & acquisitions, product ecosystem, private equity investment, etc.)",3.14,25.5,41.5,12.5,16.0
Event relationship,"Never attended, not interested",120,34,importance,"Business issues (mergers & acquisitions, product ecosystem, private equity investment, etc.)",2.91,30.0,30.8,10.0,0.8
Event relationship,Stopped attending,94,34,importance,"Business issues (mergers & acquisitions, product ecosystem, private equity investment, etc.)",3.28,22.3,46.8,16.0,24.5
Event relationship,"Attend, multiple times a year",91,34,importance,"Business issues (mergers & acquisitions, product ecosystem, private equity investment, etc.)",3.31,22.0,49.5,11.0,27.5
Event relationship,"Attend, annually or occasionally",90,34,importance,"Business issues (mergers & acquisitions, product ecosystem, private equity investment, etc.)",3.14,25.6,41.1,14.4,15.6
Event relationship,"Never attended, would like to",28,34,importance,"Business issues (mergers & acquisitions, product ecosystem, private equity investment, etc.)",3.11,25.0,39.3,10.7,14.3
Event relationship,All respondents,431,34,importance,Enterprise/scale issues,3.13,24.8,40.1,11.1,15.3
Event relationship,"Never attended, not interested",120,34,importance,Enterprise/scale issues,2.65,40.0,23.3,4.2,-16.7
Event relationship,Stopped attending,94,34,importance,Enterprise/scale issues,3.29,21.3,44.7,16.0,23.4
Event relationship,"Attend, multiple times a year",91,34,importance,Enterprise/scale issues,3.35,20.9,51.6,15.4,30.8
Event relationship,"Attend, annually or occasionally",90,34,importance,Enterprise/scale issues,3.36,13.3,46.7,12.2,33.3
Event relationship,"Never attended, would like to",28,34,importance,Enterprise/scale issues,3.0,25.0,28.6,7.1,3.6
Event relationship,All respondents,431,34,importance,Collaboration with the greater open source ecosystem,3.82,8.8,67.7,26.0,58.9
Event relationship,"Never attended, not interested",120,34,importance,Collaboration with the greater open source ecosystem,3.78,10.0,67.5,23.3,57.5
Event relationship,Stopped attending,94,34,importance,Collaboration with the greater open source ecosystem,3.86,8.5,69.1,30.9,60.6
Event relationship,"Attend, multiple times a year",91,34,importance,Collaboration with the greater open source ecosystem,3.69,12.1,62.6,22.0,50.5
Event relationship,"Attend, annually or occasionally",90,34,importance,Collaboration with the greater open source ecosystem,3.89,5.6,68.9,26.7,63.3
Event relationship,"Never attended, would like to",28,34,importance,Collaboration with the greater open source ecosystem,4.0,3.6,75.0,28.6,71.4
Event relationship,All respondents,431,38,importance,Personal capacity,4.22,3.7,82.8,44.5,79.1
Event relationship,"Never attended, not interested",120,38,importance,Personal capacity,4.07,4.2,76.7,37.5,72.5
Event relationship,Stopped attending,94,38,importance,Personal capacity,4.36,2.1,87.2,51.1,85.1
Event relationship,"Attend, multiple times a year",91,38,importance,Personal capacity,4.32,3.3,87.9,48.4,84.6
Event relationship,"Attend, annually or occasionally",90,38,importance,Personal capacity,4.22,5.6,84.4,44.4,78.9
Event relationship,"Never attended, would like to",28,38,importance,Personal capacity,4.07,3.6,75.0,39.3,71.4
Event relationship,All respondents,431,38,importance,Financial incentives/restraints,3.05,27.4,33.6,11.8,6.3
Event relationship,"Never attended, not interested",120,38,importance,Financial incentives/restraints,2.66,38.3,20.0,5.8,-18.3
Event relationship,Stopped attending,94,38,importance,Financial incentives/restraints,3.27,18.1,35.1,17.0,17.0
Event relationship,"Attend, multiple times a year",91,38,importance,Financial incentives/restraints,3.22,24.2,44.0,14.3,19.8
Event relationship,"Attend, annually or occasionally",90,38,importance,Financial incentives/restraints,3.22,23.3,42.2,12.2,18.9
Event relationship,"Never attended, would like to",28,38,importance,Financial incentives/restraints,2.93,35.7,28.6,10.7,-7.1
Event relationship,All respondents,431,38,importance,Impact of my contributions to the project,3.4,14.4,47.8,12.8,33.4
Event relationship,"Never attended, not interested",120,38,importance,Impact of my contributions to the project,3.23,16.7,40.8,10.0,24.2
Event relationship,Stopped attending,94,38,importance,Impact of my contributions to the project,3.3,17.0,40.4,10.6,23.4
Event relationship,"Attend, multiple times a year",91,38,importance,Impact of my contributions to the project,3.68,8.8,61.5,18.7,52.7
Event relationship,"Attend, annually or occasionally",90,38,importance,Impact of my contributions to the project,3.49,13.3,51.1,13.3,37.8
Event relationship,"Never attended, would like to",28,38,importance,Impact of my contributions to the project,3.21,17.9,46.4,0.0,28.6
Event relationship,All respondents,431,38,importance,Impact of my participation on my professional or personal life,3.6,9.5,58.5,15.3,49.0
Event relationship,"Never attended, not interested",120,38,importance,Impact of my participation on my professional or personal life,3.32,13.3,41.7,11.7,28.3
Event relationship,Stopped attending,94,38,importance,Impact of my participation on my professional or personal life,3.76,10.6,67.0,21.3,56.4
Event relationship,"Attend, multiple times a year",91,38,importance,Impact of my participation on my professional or personal life,3.99,2.2,78.0,23.1,75.8
Event relationship,"Attend, annually or occasionally",90,38,importance,Impact of my participation on my professional or personal life,3.48,11.1,54.4,7.8,43.3
Event relationship,"Never attended, would like to",28,38,importance,Impact of my participation on my professional or personal life,3.5,7.1,57.1,7.1,50.0
Event relationship,All respondents,431,38,importance,Understanding how to participate,3.59,10.7,59.6,16.2,49.0
Event relationship,"Never attended, not interested",120,38,importance,Understanding how to participate,3.5,10.8,54.2,13.3,43.3
Event relationship,Stopped attending,94,38,importance,Understanding how to participate,3.65,9.6,61.7,18.1,52.1
Event relationship,"Attend, multiple times a year",91,38,importance,Understanding how to participate,3.59,11.0,58.2,16.5,47.3
Event relationship,"Attend, annually or occasionally",90,38,importance,Understanding how to participate,3.62,11.1,63.3,15.6,52.2
Event relationship,"Never attended, would like to",28,38,importance,Understanding how to participate,3.79,7.1,71.4,21.4,64.3
Event relationship,All respondents,431,38,importance,Mentorship or guidance,3.08,23.9,33.4,7.4,9.5
Event relationship,"Never attended, not interested",120,38,importance,Mentorship or guidance,2.96,25.8,23.3,5.0,-2.5
Event relationship,Stopped attending,94,38,importance,Mentorship or guidance,3.12,23.4,36.2,7.4,12.8
Event relationship,"Attend, multiple times a year",91,38,importance,Mentorship or guidance,3.04,26.4,35.2,8.8,8.8
Event relationship,"Attend, annually or occasionally",90,38,importance,Mentorship or guidance,3.17,22.2,40.0,7.8,17.8
Event relationship,"Never attended, would like to",28,38,importance,Mentorship or guidance,3.36,10.7,42.9,10.7,32.1
Event relationship,All respondents,431,38,importance,Project roadmap,3.43,17.2,51.7,14.2,34.6
Event relationship,"Never attended, not interested",120,38,importance,Project roadmap,3.32,19.2,48.3,12.5,29.2
Event relationship,Stopped attending,94,38,importance,Project roadmap,3.52,13.8,52.1,17.0,38.3
Event relationship,"Attend, multiple times a year",91,38,importance,Project roadmap,3.45,16.5,52.7,13.2,36.3
Event relationship,"Attend, annually or occasionally",90,38,importance,Project roadmap,3.41,20.0,53.3,14.4,33.3
Event relationship,"Never attended, would like to",28,38,importance,Project roadmap,3.46,14.3,50.0,14.3,35.7
Event relationship,All respondents,431,38,importance,Project leadership,3.83,12.5,67.3,32.7,54.8
Event relationship,"Never attended, not interested",120,38,importance,Project leadership,3.72,13.3,62.5,30.8,49.2
Event relationship,Stopped attending,94,38,importance,Project leadership,4.1,10.6,74.5,48.9,63.8
Event relationship,"Attend, multiple times a year",91,38,importance,Project leadership,3.67,15.4,62.6,25.3,47.3
Event relationship,"Attend, annually or occasionally",90,38,importance,Project leadership,3.86,11.1,71.1,26.7,60.0
Event relationship,"Never attended, would like to",28,38,importance,Project leadership,3.82,10.7,64.3,32.1,53.6
Event relationship,All respondents,431,38,importance,Project governance/policies,3.85,10.4,66.4,32.7,55.9
Event relationship,"Never attended, not interested",120,38,importance,Project governance/policies,3.86,8.3,66.7,32.5,58.3
Event relationship,Stopped attending,94,38,importance,Project governance/policies,4.12,9.6,75.5,50.0,66.0
Event relationship,"Attend, multiple times a year",91,38,importance,Project governance/policies,3.57,16.5,56.0,22.0,39.6
Event relationship,"Attend, annually or occasionally",90,38,importance,Project governance/policies,3.82,10.0,66.7,26.7,56.7
Event relationship,"Never attended, would like to",28,38,importance,Project governance/policies,4.0,3.6,67.9,35.7,64.3
Event relationship,All respondents,431,38,importance,"Advocacy on behalf of web standards (accessibility, privacy, etc.)",3.99,7.7,75.6,33.6,68.0
Event relationship,"Never attended, not interested",120,38,importance,"Advocacy on behalf of web standards (accessibility, privacy, etc.)",4.03,5.8,75.0,36.7,69.2
Event relationship,Stopped attending,94,38,importance,"Advocacy on behalf of web standards (accessibility, privacy, etc.)",4.18,6.4,84.0,43.6,77.7
Event relationship,"Attend, multiple times a year",91,38,importance,"Advocacy on behalf of web standards (accessibility, privacy, etc.)",3.82,8.8,71.4,22.0,62.6
Event relationship,"Attend, annually or occasionally",90,38,importance,"Advocacy on behalf of web standards (accessibility, privacy, etc.)",3.93,10.0,71.1,33.3,61.1
Event relationship,"Never attended, would like to",28,38,importance,"Advocacy on behalf of web standards (accessibility, privacy, etc.)",4.11,3.6,82.1,32.1,78.6
Event relationship,All respondents,431,38,importance,Participation in the WordPress community,3.52,10.0,53.4,15.3,43.4
Event relationship,"Never attended, not interested",120,38,importance,Participation in the WordPress community,2.88,20.8,19.2,3.3,-1.7
Event relationship,Stopped attending,94,38,importance,Participation in the WordPress community,3.53,9.6,58.5,10.6,48.9
Event relationship,"Attend, multiple times a year",91,38,importance,Participation in the WordPress community,4.13,2.2,82.4,35.2,80.2
Event relationship,"Attend, annually or occasionally",90,38,importance,Participation in the WordPress community,3.82,2.2,67.8,17.8,65.6
Event relationship,"Never attended, would like to",28,38,importance,Participation in the WordPress community,3.39,14.3,46.4,10.7,32.1
Event relationship,All respondents,431,38,importance,Feeling welcome/included,4.06,5.8,76.3,39.2,70.5
Event relationship,"Never attended, not interested",120,38,importance,Feeling welcome/included,3.74,10.0,60.8,30.0,50.8
Event relationship,Stopped attending,94,38,importance,Feeling welcome/included,4.11,3.2,77.7,39.4,74.5
Event relationship,"Attend, multiple times a year",91,38,importance,Feeling welcome/included,4.27,3.3,85.7,47.3,82.4
Event relationship,"Attend, annually or occasionally",90,38,importance,Feeling welcome/included,4.23,4.4,84.4,43.3,80.0
Event relationship,"Never attended, would like to",28,38,importance,Feeling welcome/included,4.25,3.6,82.1,46.4,78.6
Event relationship,All respondents,431,38,importance,Participating in a language other than English,2.46,45.2,19.7,6.3,-25.5
Event relationship,"Never attended, not interested",120,38,importance,Participating in a language other than English,2.23,47.5,8.3,1.7,-39.2
Event relationship,Stopped attending,94,38,importance,Participating in a language other than English,2.36,45.7,14.9,1.1,-30.9
Event relationship,"Attend, multiple times a year",91,38,importance,Participating in a language other than English,2.85,40.7,37.4,18.7,-3.3
Event relationship,"Attend, annually or occasionally",90,38,importance,Participating in a language other than English,2.6,42.2,25.6,6.7,-16.7
Event relationship,"Never attended, would like to",28,38,importance,Participating in a language other than English,2.11,57.1,10.7,0.0,-46.4
Event relationship,All respondents,431,38,importance,Working asynchronously,3.61,11.6,55.5,24.1,43.9
Event relationship,"Never attended, not interested",120,38,importance,Working asynchronously,3.45,14.2,47.5,22.5,33.3
Event relationship,Stopped attending,94,38,importance,Working asynchronously,3.48,12.8,54.3,16.0,41.5
Event relationship,"Attend, multiple times a year",91,38,importance,Working asynchronously,3.62,12.1,58.2,22.0,46.2
Event relationship,"Attend, annually or occasionally",90,38,importance,Working asynchronously,3.97,6.7,66.7,37.8,60.0
Event relationship,"Never attended, would like to",28,38,importance,Working asynchronously,3.64,7.1,53.6,21.4,46.4
Event relationship,All respondents,431,50,agreement,Attending in-person WordPress-related events is important to me.,3.13,35.3,46.6,21.3,11.4
Event relationship,"Never attended, not interested",120,50,agreement,Attending in-person WordPress-related events is important to me.,1.54,89.2,0.8,0.0,-88.3
Event relationship,Stopped attending,94,50,agreement,Attending in-person WordPress-related events is important to me.,2.87,36.2,31.9,6.4,-4.3
Event relationship,"Attend, multiple times a year",91,50,agreement,Attending in-person WordPress-related events is important to me.,4.66,0.0,95.6,70.3,95.6
Event relationship,"Attend, annually or occasionally",90,50,agreement,Attending in-person WordPress-related events is important to me.,4.03,4.4,84.4,23.3,80.0
Event relationship,"Never attended, would like to",28,50,agreement,Attending in-person WordPress-related events is important to me.,3.04,17.9,17.9,3.6,0.0
Event relationship,All respondents,431,57,importance,A location local to you,3.73,13.9,65.9,27.8,52.0
Event relationship,"Never attended, not interested",120,57,importance,A location local to you,3.63,15.8,60.8,30.0,45.0
Event relationship,Stopped attending,94,57,importance,A location local to you,3.94,9.6,74.5,33.0,64.9
Event relationship,"Attend, multiple times a year",91,57,importance,A location local to you,3.6,17.6,59.3,24.2,41.8
Event relationship,"Attend, annually or occasionally",90,57,importance,A location local to you,3.66,16.7,64.4,22.2,47.8
Event relationship,"Never attended, would like to",28,57,importance,A location local to you,4.21,0.0,89.3,32.1,89.3
Event relationship,All respondents,431,57,importance,A regional/destination location,3.42,16.7,54.3,13.9,37.6
Event relationship,"Never attended, not interested",120,57,importance,A regional/destination location,3.02,25.8,40.0,6.7,14.2
Event relationship,Stopped attending,94,57,importance,A regional/destination location,3.51,14.9,56.4,18.1,41.5
Event relationship,"Attend, multiple times a year",91,57,importance,A regional/destination location,3.6,13.2,60.4,19.8,47.3
Event relationship,"Attend, annually or occasionally",90,57,importance,A regional/destination location,3.58,13.3,63.3,12.2,50.0
Event relationship,"Never attended, would like to",28,57,importance,A regional/destination location,3.89,0.0,67.9,21.4,67.9
Event relationship,All respondents,431,57,importance,Events with smaller attendance,2.91,24.8,25.1,3.9,0.2
Event relationship,"Never attended, not interested",120,57,importance,Events with smaller attendance,3.08,18.3,34.2,5.0,15.8
Event relationship,Stopped attending,94,57,importance,Events with smaller attendance,3.1,19.1,27.7,6.4,8.5
Event relationship,"Attend, multiple times a year",91,57,importance,Events with smaller attendance,2.68,34.1,16.5,2.2,-17.6
Event relationship,"Attend, annually or occasionally",90,57,importance,Events with smaller attendance,2.7,32.2,18.9,1.1,-13.3
Event relationship,"Never attended, would like to",28,57,importance,Events with smaller attendance,3.14,14.3,28.6,7.1,14.3
Event relationship,All respondents,431,57,importance,Events with larger attendance,2.72,31.6,16.9,2.8,-14.6
Event relationship,"Never attended, not interested",120,57,importance,Events with larger attendance,2.41,41.7,5.0,0.8,-36.7
Event relationship,Stopped attending,94,57,importance,Events with larger attendance,2.73,29.8,13.8,1.1,-16.0
Event relationship,"Attend, multiple times a year",91,57,importance,Events with larger attendance,2.95,24.2,26.4,3.3,2.2
Event relationship,"Attend, annually or occasionally",90,57,importance,Events with larger attendance,2.96,26.7,27.8,6.7,1.1
Event relationship,"Never attended, would like to",28,57,importance,Events with larger attendance,2.64,32.1,14.3,3.6,-17.9
Event relationship,All respondents,431,57,importance,"Hard skill development (technical instruction, workshops, etc.)",3.37,18.1,52.9,11.8,34.8
Event relationship,"Never attended, not interested",120,57,importance,"Hard skill development (technical instruction, workshops, etc.)",3.26,15.8,47.5,6.7,31.7
Event relationship,Stopped attending,94,57,importance,"Hard skill development (technical instruction, workshops, etc.)",3.51,18.1,60.6,18.1,42.6
Event relationship,"Attend, multiple times a year",91,57,importance,"Hard skill development (technical instruction, workshops, etc.)",3.31,20.9,46.2,12.1,25.3
Event relationship,"Attend, annually or occasionally",90,57,importance,"Hard skill development (technical instruction, workshops, etc.)",3.48,17.8,58.9,14.4,41.1
Event relationship,"Never attended, would like to",28,57,importance,"Hard skill development (technical instruction, workshops, etc.)",3.29,17.9,57.1,0.0,39.3
Event relationship,All respondents,431,57,importance,"Soft skill development (business development, personal development, etc.)",3.08,24.8,38.5,6.7,13.7
Event relationship,"Never attended, not interested",120,57,importance,"Soft skill development (business development, personal development, etc.)",2.84,28.3,27.5,2.5,-0.8
Event relationship,Stopped attending,94,57,importance,"Soft skill development (business development, personal development, etc.)",3.27,22.3,45.7,10.6,23.4
Event relationship,"Attend, multiple times a year",91,57,importance,"Soft skill development (business development, personal development, etc.)",3.18,20.9,40.7,8.8,19.8
Event relationship,"Attend, annually or occasionally",90,57,importance,"Soft skill development (business development, personal development, etc.)",3.13,25.6,44.4,7.8,18.9
Event relationship,"Never attended, would like to",28,57,importance,"Soft skill development (business development, personal development, etc.)",3.07,25.0,39.3,0.0,14.3
Event relationship,All respondents,431,57,importance,Topics of sessions / panels,3.69,11.1,67.3,18.6,56.1
Event relationship,"Never attended, not interested",120,57,importance,Topics of sessions / panels,3.55,13.3,60.0,19.2,46.7
Event relationship,Stopped attending,94,57,importance,Topics of sessions / panels,4.05,5.3,84.0,28.7,78.7
Event relationship,"Attend, multiple times a year",91,57,importance,Topics of sessions / panels,3.52,13.2,58.2,12.1,45.1
Event relationship,"Attend, annually or occasionally",90,57,importance,Topics of sessions / panels,3.64,12.2,65.6,14.4,53.3
Event relationship,"Never attended, would like to",28,57,importance,Topics of sessions / panels,3.82,7.1,78.6,14.3,71.4
Event relationship,All respondents,431,57,importance,Particular speakers / keynotes,3.14,21.8,38.7,7.7,16.9
Event relationship,"Never attended, not interested",120,57,importance,Particular speakers / keynotes,2.82,29.2,23.3,4.2,-5.8
Event relationship,Stopped attending,94,57,importance,Particular speakers / keynotes,3.41,13.8,51.1,9.6,37.2
Event relationship,"Attend, multiple times a year",91,57,importance,Particular speakers / keynotes,3.31,13.2,44.0,7.7,30.8
Event relationship,"Attend, annually or occasionally",90,57,importance,Particular speakers / keynotes,3.06,28.9,37.8,6.7,8.9
Event relationship,"Never attended, would like to",28,57,importance,Particular speakers / keynotes,3.46,17.9,57.1,17.9,39.3
Event relationship,All respondents,431,57,importance,Meeting professional development requirements,2.83,32.0,28.8,7.0,-3.2
Event relationship,"Never attended, not interested",120,57,importance,Meeting professional development requirements,2.48,42.5,15.8,1.7,-26.7
Event relationship,Stopped attending,94,57,importance,Meeting professional development requirements,2.81,33.0,26.6,8.5,-6.4
Event relationship,"Attend, multiple times a year",91,57,importance,Meeting professional development requirements,2.99,28.6,35.2,9.9,6.6
Event relationship,"Attend, annually or occasionally",90,57,importance,Meeting professional development requirements,3.18,22.2,43.3,10.0,21.1
Event relationship,"Never attended, would like to",28,57,importance,Meeting professional development requirements,2.89,21.4,28.6,3.6,7.1
Event relationship,All respondents,431,57,importance,Networking opportunities,3.65,14.2,60.6,25.1,46.4
Event relationship,"Never attended, not interested",120,57,importance,Networking opportunities,2.91,28.3,30.8,4.2,2.5
Event relationship,Stopped attending,94,57,importance,Networking opportunities,3.73,12.8,63.8,26.6,51.1
Event relationship,"Attend, multiple times a year",91,57,importance,Networking opportunities,4.24,4.4,84.6,46.2,80.2
Event relationship,"Attend, annually or occasionally",90,57,importance,Networking opportunities,4.04,6.7,81.1,33.3,74.4
Event relationship,"Never attended, would like to",28,57,importance,Networking opportunities,3.46,10.7,42.9,17.9,32.1
Event relationship,All respondents,431,57,importance,Community development/engagement,3.61,11.8,61.5,18.3,49.7
Event relationship,"Never attended, not interested",120,57,importance,Community development/engagement,2.91,26.7,31.7,2.5,5.0
Event relationship,Stopped attending,94,57,importance,Community development/engagement,3.66,9.6,64.9,13.8,55.3
Event relationship,"Attend, multiple times a year",91,57,importance,Community development/engagement,4.1,4.4,81.3,37.4,76.9
Event relationship,"Attend, annually or occasionally",90,57,importance,Community development/engagement,4.07,3.3,81.1,28.9,77.8
Event relationship,"Never attended, would like to",28,57,importance,Community development/engagement,3.71,0.0,60.7,10.7,60.7
Event relationship,All respondents,431,57,importance,Cost of ticket,3.44,19.5,54.5,17.6,35.0
Event relationship,"Never attended, not interested",120,57,importance,Cost of ticket,3.49,17.5,55.0,22.5,37.5
Event relationship,Stopped attending,94,57,importance,Cost of ticket,3.7,12.8,66.0,23.4,53.2
Event relationship,"Attend, multiple times a year",91,57,importance,Cost of ticket,3.11,28.6,41.8,9.9,13.2
Event relationship,"Attend, annually or occasionally",90,57,importance,Cost of ticket,3.28,24.4,48.9,10.0,24.4
Event relationship,"Never attended, would like to",28,57,importance,Cost of ticket,3.96,3.6,75.0,25.0,71.4
Event relationship,All respondents,431,57,importance,"Cost of attendance (travel, housing, etc.)",3.9,11.4,72.4,34.3,61.0
Event relationship,"Never attended, not interested",120,57,importance,"Cost of attendance (travel, housing, etc.)",3.76,14.2,66.7,33.3,52.5
Event relationship,Stopped attending,94,57,importance,"Cost of attendance (travel, housing, etc.)",4.15,10.6,78.7,51.1,68.1
Event relationship,"Attend, multiple times a year",91,57,importance,"Cost of attendance (travel, housing, etc.)",3.71,15.4,68.1,22.0,52.7
Event relationship,"Attend, annually or occasionally",90,57,importance,"Cost of attendance (travel, housing, etc.)",3.99,6.7,75.6,31.1,68.9
Event relationship,"Never attended, would like to",28,57,importance,"Cost of attendance (travel, housing, etc.)",4.18,0.0,82.1,35.7,82.1
Event relationship,All respondents,431,59,sentiment,"Right now, how do you generally feel about open source software?",4.16,3.9,81.7,39.4,77.7
Event relationship,"Never attended, not interested",120,59,sentiment,"Right now, how do you generally feel about open source software?",4.15,6.7,82.5,42.5,75.8
Event relationship,Stopped attending,94,59,sentiment,"Right now, how do you generally feel about open source software?",4.02,3.2,76.6,28.7,73.4
Event relationship,"Attend, multiple times a year",91,59,sentiment,"Right now, how do you generally feel about open source software?",4.35,1.1,85.7,50.5,84.6
Event relationship,"Attend, annually or occasionally",90,59,sentiment,"Right now, how do you generally feel about open source software?",4.12,4.4,80.0,36.7,75.6
Event relationship,"Never attended, would like to",28,59,sentiment,"Right now, how do you generally feel about open source software?",4.29,3.6,89.3,42.9,85.7
Event relationship,All respondents,431,62,importance,Open source software,4.59,1.2,93.5,68.0,92.3
Event relationship,"Never attended, not interested",120,62,importance,Open source software,4.64,0.0,93.3,70.8,93.3
Event relationship,Stopped attending,94,62,importance,Open source software,4.54,1.1,90.4,66.0,89.4
Event relationship,"Attend, multiple times a year",91,62,importance,Open source software,4.65,2.2,95.6,73.6,93.4
Event relationship,"Attend, annually or occasionally",90,62,importance,Open source software,4.62,0.0,95.6,66.7,95.6
Event relationship,"Never attended, would like to",28,62,importance,Open source software,4.46,3.6,92.9,57.1,89.3
Event relationship,All respondents,431,62,importance,Open source values (whatever that means to you)required,4.51,3.2,91.9,64.3,88.6
Event relationship,"Never attended, not interested",120,62,importance,Open source values (whatever that means to you)required,4.58,1.7,91.7,69.2,90.0
Event relationship,Stopped attending,94,62,importance,Open source values (whatever that means to you)required,4.5,4.3,91.5,64.9,87.2
Event relationship,"Attend, multiple times a year",91,62,importance,Open source values (whatever that means to you)required,4.54,2.2,91.2,67.0,89.0
Event relationship,"Attend, annually or occasionally",90,62,importance,Open source values (whatever that means to you)required,4.48,4.4,93.3,60.0,88.9
Event relationship,"Never attended, would like to",28,62,importance,Open source values (whatever that means to you)required,4.43,3.6,92.9,53.6,89.3
Event relationship,All respondents,431,62,importance,The sustainability of open source projects,4.58,1.2,93.3,66.6,92.1
Event relationship,"Never attended, not interested",120,62,importance,The sustainability of open source projects,4.66,0.8,94.2,73.3,93.3
Event relationship,Stopped attending,94,62,importance,The sustainability of open source projects,4.54,1.1,93.6,62.8,92.6
Event relationship,"Attend, multiple times a year",91,62,importance,The sustainability of open source projects,4.59,1.1,91.2,70.3,90.1
Event relationship,"Attend, annually or occasionally",90,62,importance,The sustainability of open source projects,4.57,1.1,93.3,64.4,92.2
Event relationship,"Never attended, would like to",28,62,importance,The sustainability of open source projects,4.54,0.0,96.4,57.1,96.4
Event relationship,All respondents,431,62,importance,Open source in WordPress,4.51,2.8,92.1,63.1,89.3
Event relationship,"Never attended, not interested",120,62,importance,Open source in WordPress,4.42,3.3,90.8,55.8,87.5
Event relationship,Stopped attending,94,62,importance,Open source in WordPress,4.44,4.3,88.3,62.8,84.0
Event relationship,"Attend, multiple times a year",91,62,importance,Open source in WordPress,4.67,0.0,95.6,71.4,95.6
Event relationship,"Attend, annually or occasionally",90,62,importance,Open source in WordPress,4.51,3.3,92.2,64.4,88.9
Event relationship,"Never attended, would like to",28,62,importance,Open source in WordPress,4.71,0.0,100.0,71.4,100.0
Event relationship,All respondents,431,62,importance,Open source in AI,3.24,29.2,50.1,27.4,20.9
Event relationship,"Never attended, not interested",120,62,importance,Open source in AI,2.39,55.0,28.3,16.7,-26.7
Event relationship,Stopped attending,94,62,importance,Open source in AI,3.15,28.7,46.8,22.3,18.1
Event relationship,"Attend, multiple times a year",91,62,importance,Open source in AI,3.93,12.1,72.5,37.4,60.4
Event relationship,"Attend, annually or occasionally",90,62,importance,Open source in AI,3.76,14.4,58.9,38.9,44.4
Event relationship,"Never attended, would like to",28,62,importance,Open source in AI,3.36,21.4,53.6,25.0,32.1
Event relationship,All respondents,431,67,sentiment,"Right now, how do you generally feel about AI in the tech industry?",2.6,46.2,31.1,10.0,-15.1
Event relationship,"Never attended, not interested",120,67,sentiment,"Right now, how do you generally feel about AI in the tech industry?",1.64,80.0,13.3,4.2,-66.7
Event relationship,Stopped attending,94,67,sentiment,"Right now, how do you generally feel about AI in the tech industry?",2.53,45.7,25.5,9.6,-20.2
Event relationship,"Attend, multiple times a year",91,67,sentiment,"Right now, how do you generally feel about AI in the tech industry?",3.38,19.8,48.4,14.3,28.6
Event relationship,"Attend, annually or occasionally",90,67,sentiment,"Right now, how do you generally feel about AI in the tech industry?",3.19,25.6,42.2,14.4,16.7
Event relationship,"Never attended, would like to",28,67,sentiment,"Right now, how do you generally feel about AI in the tech industry?",2.54,53.6,35.7,7.1,-17.9
Event relationship,All respondents,431,68,sentiment,"Right now, how do you generally feel about AI in WordPress?",2.35,49.9,16.9,3.9,-32.9
Event relationship,"Never attended, not interested",120,68,sentiment,"Right now, how do you generally feel about AI in WordPress?",1.41,84.2,2.5,0.0,-81.7
Event relationship,Stopped attending,94,68,sentiment,"Right now, how do you generally feel about AI in WordPress?",2.24,54.3,10.6,3.2,-43.6
Event relationship,"Attend, multiple times a year",91,68,sentiment,"Right now, how do you generally feel about AI in WordPress?",3.05,23.1,30.8,4.4,7.7
Event relationship,"Attend, annually or occasionally",90,68,sentiment,"Right now, how do you generally feel about AI in WordPress?",2.96,26.7,30.0,7.8,3.3
Event relationship,"Never attended, would like to",28,68,sentiment,"Right now, how do you generally feel about AI in WordPress?",2.39,50.0,14.3,10.7,-35.7
Event relationship,All respondents,431,69,sentiment,"Right now, how do you generally feel about AI in web development (vibe coding, agentic development, etc.)?",2.7,44.8,34.6,12.5,-10.2
Event relationship,"Never attended, not interested",120,69,sentiment,"Right now, how do you generally feel about AI in web development (vibe coding, agentic development, etc.)?",1.66,78.3,13.3,2.5,-65.0
Event relationship,Stopped attending,94,69,sentiment,"Right now, how do you generally feel about AI in web development (vibe coding, agentic development, etc.)?",2.64,46.8,30.9,10.6,-16.0
Event relationship,"Attend, multiple times a year",91,69,sentiment,"Right now, how do you generally feel about AI in web development (vibe coding, agentic development, etc.)?",3.47,22.0,53.8,20.9,31.9
Event relationship,"Attend, annually or occasionally",90,69,sentiment,"Right now, how do you generally feel about AI in web development (vibe coding, agentic development, etc.)?",3.36,21.1,47.8,18.9,26.7
Event relationship,"Never attended, would like to",28,69,sentiment,"Right now, how do you generally feel about AI in web development (vibe coding, agentic development, etc.)?",2.64,46.4,32.1,14.3,-14.3
Contribution type,All respondents,431,19,agreement,I consider myself to be a contributor to the WordPress open source project.,3.04,37.1,42.0,17.6,4.9
Contribution type,No contribution work,197,19,agreement,I consider myself to be a contributor to the WordPress open source project.,2.04,68.0,8.1,0.5,-59.9
Contribution type,Community and code work,112,19,agreement,I consider myself to be a contributor to the WordPress open source project.,4.28,5.4,86.6,49.1,81.2
Contribution type,Community work only,87,19,agreement,I consider myself to be a contributor to the WordPress open source project.,3.36,23.0,48.3,14.9,25.3
Contribution type,Code / project work only,35,19,agreement,I consider myself to be a contributor to the WordPress open source project.,3.94,0.0,74.3,20.0,74.3
Contribution type,All respondents,431,22,agreement,I consider myself to be a member of the WordPress community.,3.88,12.3,71.5,32.9,59.2
Contribution type,No contribution work,197,22,agreement,I consider myself to be a member of the WordPress community.,3.24,23.9,48.7,7.6,24.9
Contribution type,Community and code work,112,22,agreement,I consider myself to be a member of the WordPress community.,4.54,1.8,92.0,65.2,90.2
Contribution type,Community work only,87,22,agreement,I consider myself to be a member of the WordPress community.,4.4,2.3,92.0,50.6,89.7
Contribution type,Code / project work only,35,22,agreement,I consider myself to be a member of the WordPress community.,4.06,5.7,82.9,28.6,77.1
Contribution type,All respondents,431,28,sentiment,"Right now, how do you feel overall about the WordPress open source project?",2.87,38.1,32.7,4.6,-5.3
Contribution type,No contribution work,197,28,sentiment,"Right now, how do you feel overall about the WordPress open source project?",2.68,46.2,27.4,4.1,-18.8
Contribution type,Community and code work,112,28,sentiment,"Right now, how do you feel overall about the WordPress open source project?",3.1,28.6,41.1,5.4,12.5
Contribution type,Community work only,87,28,sentiment,"Right now, how do you feel overall about the WordPress open source project?",2.99,34.5,33.3,6.9,-1.1
Contribution type,Code / project work only,35,28,sentiment,"Right now, how do you feel overall about the WordPress open source project?",2.91,31.4,34.3,0.0,2.9
Contribution type,All respondents,431,31,sentiment,How do you feel about the future of the WordPress open source project?,2.8,39.0,24.4,5.1,-14.6
Contribution type,No contribution work,197,31,sentiment,How do you feel about the future of the WordPress open source project?,2.54,48.7,14.7,2.5,-34.0
Contribution type,Community and code work,112,31,sentiment,How do you feel about the future of the WordPress open source project?,3.1,25.9,38.4,6.2,12.5
Contribution type,Community work only,87,31,sentiment,How do you feel about the future of the WordPress open source project?,2.93,35.6,25.3,9.2,-10.3
Contribution type,Code / project work only,35,31,sentiment,How do you feel about the future of the WordPress open source project?,2.94,34.3,31.4,5.7,-2.9
Contribution type,All respondents,431,34,importance,WordPress open source software,4.58,1.4,94.0,65.4,92.6
Contribution type,No contribution work,197,34,importance,WordPress open source software,4.52,1.5,92.4,61.4,90.9
Contribution type,Community and code work,112,34,importance,WordPress open source software,4.67,0.9,96.4,72.3,95.5
Contribution type,Community work only,87,34,importance,WordPress open source software,4.59,2.3,93.1,67.8,90.8
Contribution type,Code / project work only,35,34,importance,WordPress open source software,4.57,0.0,97.1,60.0,97.1
Contribution type,All respondents,431,34,importance,The WordPress community,4.13,7.0,80.3,41.8,73.3
Contribution type,No contribution work,197,34,importance,The WordPress community,3.73,11.2,64.5,23.4,53.3
Contribution type,Community and code work,112,34,importance,The WordPress community,4.52,3.6,93.8,63.4,90.2
Contribution type,Community work only,87,34,importance,The WordPress community,4.47,2.3,93.1,56.3,90.8
Contribution type,Code / project work only,35,34,importance,The WordPress community,4.26,5.7,94.3,40.0,88.6
Contribution type,All respondents,431,34,importance,WordPress events and meetups,3.26,26.7,50.1,19.5,23.4
Contribution type,No contribution work,197,34,importance,WordPress events and meetups,2.59,42.1,26.9,4.6,-15.2
Contribution type,Community and code work,112,34,importance,WordPress events and meetups,3.98,11.6,76.8,38.4,65.2
Contribution type,Community work only,87,34,importance,WordPress events and meetups,3.72,16.1,62.1,31.0,46.0
Contribution type,Code / project work only,35,34,importance,WordPress events and meetups,3.51,14.3,65.7,14.3,51.4
Contribution type,All respondents,431,34,importance,Contributing to WordPress,3.31,18.8,45.7,13.9,26.9
Contribution type,No contribution work,197,34,importance,Contributing to WordPress,2.82,27.4,23.9,2.5,-3.6
Contribution type,Community and code work,112,34,importance,Contributing to WordPress,4.0,5.4,74.1,33.9,68.8
Contribution type,Community work only,87,34,importance,Contributing to WordPress,3.38,19.5,48.3,14.9,28.7
Contribution type,Code / project work only,35,34,importance,Contributing to WordPress,3.66,11.4,71.4,11.4,60.0
Contribution type,All respondents,431,34,importance,Open source values,4.48,2.6,90.7,61.9,88.2
Contribution type,No contribution work,197,34,importance,Open source values,4.45,2.5,90.4,58.4,87.8
Contribution type,Community and code work,112,34,importance,Open source values,4.63,1.8,95.5,70.5,93.8
Contribution type,Community work only,87,34,importance,Open source values,4.31,3.4,82.8,55.2,79.3
Contribution type,Code / project work only,35,34,importance,Open source values,4.63,2.9,97.1,71.4,94.3
Contribution type,All respondents,431,34,importance,AI in WordPress,2.47,52.7,29.0,12.8,-23.7
Contribution type,No contribution work,197,34,importance,AI in WordPress,2.05,67.0,18.8,11.2,-48.2
Contribution type,Community and code work,112,34,importance,AI in WordPress,2.96,37.5,42.9,14.3,5.4
Contribution type,Community work only,87,34,importance,AI in WordPress,2.78,40.2,35.6,13.8,-4.6
Contribution type,Code / project work only,35,34,importance,AI in WordPress,2.54,51.4,25.7,14.3,-25.7
Contribution type,All respondents,431,34,importance,Security in WordPress,4.68,1.4,95.1,75.6,93.7
Contribution type,No contribution work,197,34,importance,Security in WordPress,4.72,1.5,96.4,77.7,94.9
Contribution type,Community and code work,112,34,importance,Security in WordPress,4.68,0.9,94.6,75.0,93.8
Contribution type,Community work only,87,34,importance,Security in WordPress,4.64,1.1,92.0,74.7,90.8
Contribution type,Code / project work only,35,34,importance,Security in WordPress,4.6,2.9,97.1,68.6,94.3
Contribution type,All respondents,431,34,importance,Web standards and compliance,4.57,1.6,93.7,65.9,92.1
Contribution type,No contribution work,197,34,importance,Web standards and compliance,4.61,1.0,94.9,68.5,93.9
Contribution type,Community and code work,112,34,importance,Web standards and compliance,4.58,1.8,93.8,67.0,92.0
Contribution type,Community work only,87,34,importance,Web standards and compliance,4.52,2.3,93.1,62.1,90.8
Contribution type,Code / project work only,35,34,importance,Web standards and compliance,4.4,2.9,88.6,57.1,85.7
Contribution type,All respondents,431,34,importance,WordPress leadership,4.04,8.1,73.8,43.4,65.7
Contribution type,No contribution work,197,34,importance,WordPress leadership,3.9,8.1,67.0,37.1,58.9
Contribution type,Community and code work,112,34,importance,WordPress leadership,4.18,7.1,82.1,46.4,75.0
Contribution type,Community work only,87,34,importance,WordPress leadership,4.23,8.0,79.3,56.3,71.3
Contribution type,Code / project work only,35,34,importance,WordPress leadership,3.89,11.4,71.4,37.1,60.0
Contribution type,All respondents,431,34,importance,WordPress governance,4.17,5.8,76.6,50.8,70.8
Contribution type,No contribution work,197,34,importance,WordPress governance,4.08,6.1,73.6,46.2,67.5
Contribution type,Community and code work,112,34,importance,WordPress governance,4.26,5.4,81.2,53.6,75.9
Contribution type,Community work only,87,34,importance,WordPress governance,4.3,4.6,80.5,57.5,75.9
Contribution type,Code / project work only,35,34,importance,WordPress governance,4.06,8.6,68.6,51.4,60.0
Contribution type,All respondents,431,34,importance,"Business issues (mergers & acquisitions, product ecosystem, private equity investment, etc.)",3.14,25.5,41.5,12.5,16.0
Contribution type,No contribution work,197,34,importance,"Business issues (mergers & acquisitions, product ecosystem, private equity investment, etc.)",3.03,27.9,37.6,11.2,9.6
Contribution type,Community and code work,112,34,importance,"Business issues (mergers & acquisitions, product ecosystem, private equity investment, etc.)",3.14,26.8,41.1,12.5,14.3
Contribution type,Community work only,87,34,importance,"Business issues (mergers & acquisitions, product ecosystem, private equity investment, etc.)",3.4,17.2,51.7,16.1,34.5
Contribution type,Code / project work only,35,34,importance,"Business issues (mergers & acquisitions, product ecosystem, private equity investment, etc.)",3.09,28.6,40.0,11.4,11.4
Contribution type,All respondents,431,34,importance,Enterprise/scale issues,3.13,24.8,40.1,11.1,15.3
Contribution type,No contribution work,197,34,importance,Enterprise/scale issues,2.91,29.9,31.5,7.1,1.5
Contribution type,Community and code work,112,34,importance,Enterprise/scale issues,3.3,22.3,50.0,15.2,27.7
Contribution type,Community work only,87,34,importance,Enterprise/scale issues,3.29,19.5,43.7,14.9,24.1
Contribution type,Code / project work only,35,34,importance,Enterprise/scale issues,3.34,17.1,48.6,11.4,31.4
Contribution type,All respondents,431,34,importance,Collaboration with the greater open source ecosystem,3.82,8.8,67.7,26.0,58.9
Contribution type,No contribution work,197,34,importance,Collaboration with the greater open source ecosystem,3.76,9.1,65.0,23.9,55.8
Contribution type,Community and code work,112,34,importance,Collaboration with the greater open source ecosystem,3.97,8.9,75.0,33.0,66.1
Contribution type,Community work only,87,34,importance,Collaboration with the greater open source ecosystem,3.76,9.2,63.2,25.3,54.0
Contribution type,Code / project work only,35,34,importance,Collaboration with the greater open source ecosystem,3.8,5.7,71.4,17.1,65.7
Contribution type,All respondents,431,38,importance,Personal capacity,4.22,3.7,82.8,44.5,79.1
Contribution type,No contribution work,197,38,importance,Personal capacity,4.22,3.0,80.7,46.2,77.7
Contribution type,Community and code work,112,38,importance,Personal capacity,4.21,5.4,84.8,42.9,79.5
Contribution type,Community work only,87,38,importance,Personal capacity,4.22,3.4,83.9,42.5,80.5
Contribution type,Code / project work only,35,38,importance,Personal capacity,4.29,2.9,85.7,45.7,82.9
Contribution type,All respondents,431,38,importance,Financial incentives/restraints,3.05,27.4,33.6,11.8,6.3
Contribution type,No contribution work,197,38,importance,Financial incentives/restraints,2.94,29.9,25.9,12.2,-4.1
Contribution type,Community and code work,112,38,importance,Financial incentives/restraints,3.04,28.6,35.7,8.0,7.1
Contribution type,Community work only,87,38,importance,Financial incentives/restraints,3.34,19.5,49.4,16.1,29.9
Contribution type,Code / project work only,35,38,importance,Financial incentives/restraints,3.0,28.6,31.4,11.4,2.9
Contribution type,All respondents,431,38,importance,Impact of my contributions to the project,3.4,14.4,47.8,12.8,33.4
Contribution type,No contribution work,197,38,importance,Impact of my contributions to the project,3.21,16.8,36.5,10.2,19.8
Contribution type,Community and code work,112,38,importance,Impact of my contributions to the project,3.61,12.5,58.0,19.6,45.5
Contribution type,Community work only,87,38,importance,Impact of my contributions to the project,3.49,12.6,54.0,10.3,41.4
Contribution type,Code / project work only,35,38,importance,Impact of my contributions to the project,3.6,11.4,62.9,11.4,51.4
Contribution type,All respondents,431,38,importance,Impact of my participation on my professional or personal life,3.6,9.5,58.5,15.3,49.0
Contribution type,No contribution work,197,38,importance,Impact of my participation on my professional or personal life,3.42,11.2,47.2,12.2,36.0
Contribution type,Community and code work,112,38,importance,Impact of my participation on my professional or personal life,3.71,8.0,67.0,15.2,58.9
Contribution type,Community work only,87,38,importance,Impact of my participation on my professional or personal life,3.84,6.9,71.3,20.7,64.4
Contribution type,Code / project work only,35,38,importance,Impact of my participation on my professional or personal life,3.66,11.4,62.9,20.0,51.4
Contribution type,All respondents,431,38,importance,Understanding how to participate,3.59,10.7,59.6,16.2,49.0
Contribution type,No contribution work,197,38,importance,Understanding how to participate,3.64,8.6,61.4,17.3,52.8
Contribution type,Community and code work,112,38,importance,Understanding how to participate,3.49,16.1,57.1,17.0,41.1
Contribution type,Community work only,87,38,importance,Understanding how to participate,3.6,6.9,57.5,12.6,50.6
Contribution type,Code / project work only,35,38,importance,Understanding how to participate,3.6,14.3,62.9,17.1,48.6
Contribution type,All respondents,431,38,importance,Mentorship or guidance,3.08,23.9,33.4,7.4,9.5
Contribution type,No contribution work,197,38,importance,Mentorship or guidance,3.13,20.8,31.5,8.6,10.7
Contribution type,Community and code work,112,38,importance,Mentorship or guidance,3.11,22.3,39.3,7.1,17.0
Contribution type,Community work only,87,38,importance,Mentorship or guidance,3.0,26.4,31.0,5.7,4.6
Contribution type,Code / project work only,35,38,importance,Mentorship or guidance,2.86,40.0,31.4,5.7,-8.6
Contribution type,All respondents,431,38,importance,Project roadmap,3.43,17.2,51.7,14.2,34.6
Contribution type,No contribution work,197,38,importance,Project roadmap,3.48,13.7,50.8,16.8,37.1
Contribution type,Community and code work,112,38,importance,Project roadmap,3.53,16.1,55.4,17.0,39.3
Contribution type,Community work only,87,38,importance,Project roadmap,3.21,25.3,46.0,9.2,20.7
Contribution type,Code / project work only,35,38,importance,Project roadmap,3.37,20.0,60.0,2.9,40.0
Contribution type,All respondents,431,38,importance,Project leadership,3.83,12.5,67.3,32.7,54.8
Contribution type,No contribution work,197,38,importance,Project leadership,3.89,9.1,67.0,35.5,57.9
Contribution type,Community and code work,112,38,importance,Project leadership,3.77,13.4,66.1,26.8,52.7
Contribution type,Community work only,87,38,importance,Project leadership,3.82,17.2,69.0,37.9,51.7
Contribution type,Code / project work only,35,38,importance,Project leadership,3.69,17.1,68.6,22.9,51.4
Contribution type,All respondents,431,38,importance,Project governance/policies,3.85,10.4,66.4,32.7,55.9
Contribution type,No contribution work,197,38,importance,Project governance/policies,3.92,7.1,67.5,35.5,60.4
Contribution type,Community and code work,112,38,importance,Project governance/policies,3.68,13.4,60.7,25.0,47.3
Contribution type,Community work only,87,38,importance,Project governance/policies,3.91,13.8,71.3,36.8,57.5
Contribution type,Code / project work only,35,38,importance,Project governance/policies,3.83,11.4,65.7,31.4,54.3
Contribution type,All respondents,431,38,importance,"Advocacy on behalf of web standards (accessibility, privacy, etc.)",3.99,7.7,75.6,33.6,68.0
Contribution type,No contribution work,197,38,importance,"Advocacy on behalf of web standards (accessibility, privacy, etc.)",4.04,6.1,74.6,37.6,68.5
Contribution type,Community and code work,112,38,importance,"Advocacy on behalf of web standards (accessibility, privacy, etc.)",4.04,5.4,81.2,29.5,75.9
Contribution type,Community work only,87,38,importance,"Advocacy on behalf of web standards (accessibility, privacy, etc.)",3.9,10.3,74.7,27.6,64.4
Contribution type,Code / project work only,35,38,importance,"Advocacy on behalf of web standards (accessibility, privacy, etc.)",3.86,17.1,65.7,40.0,48.6
Contribution type,All respondents,431,38,importance,Participation in the WordPress community,3.52,10.0,53.4,15.3,43.4
Contribution type,No contribution work,197,38,importance,Participation in the WordPress community,3.12,15.2,31.5,5.1,16.2
Contribution type,Community and code work,112,38,importance,Participation in the WordPress community,3.94,4.5,75.9,25.9,71.4
Contribution type,Community work only,87,38,importance,Participation in the WordPress community,3.92,4.6,74.7,24.1,70.1
Contribution type,Code / project work only,35,38,importance,Participation in the WordPress community,3.49,11.4,51.4,17.1,40.0
Contribution type,All respondents,431,38,importance,Feeling welcome/included,4.06,5.8,76.3,39.2,70.5
Contribution type,No contribution work,197,38,importance,Feeling welcome/included,3.88,7.6,66.5,33.5,58.9
Contribution type,Community and code work,112,38,importance,Feeling welcome/included,4.22,3.6,83.9,43.8,80.4
Contribution type,Community work only,87,38,importance,Feeling welcome/included,4.37,2.3,89.7,50.6,87.4
Contribution type,Code / project work only,35,38,importance,Feeling welcome/included,3.83,11.4,74.3,28.6,62.9
Contribution type,All respondents,431,38,importance,Participating in a language other than English,2.46,45.2,19.7,6.3,-25.5
Contribution type,No contribution work,197,38,importance,Participating in a language other than English,2.3,46.7,12.2,2.5,-34.5
Contribution type,Community and code work,112,38,importance,Participating in a language other than English,2.61,44.6,28.6,10.7,-16.1
Contribution type,Community work only,87,38,importance,Participating in a language other than English,2.68,40.2,26.4,11.5,-13.8
Contribution type,Code / project work only,35,38,importance,Participating in a language other than English,2.37,51.4,17.1,0.0,-34.3
Contribution type,All respondents,431,38,importance,Working asynchronously,3.61,11.6,55.5,24.1,43.9
Contribution type,No contribution work,197,38,importance,Working asynchronously,3.5,12.7,50.3,20.8,37.6
Contribution type,Community and code work,112,38,importance,Working asynchronously,3.79,8.9,62.5,32.1,53.6
Contribution type,Community work only,87,38,importance,Working asynchronously,3.59,10.3,55.2,19.5,44.8
Contribution type,Code / project work only,35,38,importance,Working asynchronously,3.69,17.1,62.9,28.6,45.7
Contribution type,All respondents,431,50,agreement,Attending in-person WordPress-related events is important to me.,3.13,35.3,46.6,21.3,11.4
Contribution type,No contribution work,197,50,agreement,Attending in-person WordPress-related events is important to me.,2.37,56.3,21.3,4.1,-35.0
Contribution type,Community and code work,112,50,agreement,Attending in-person WordPress-related events is important to me.,4.04,11.6,76.8,46.4,65.2
Contribution type,Community work only,87,50,agreement,Attending in-person WordPress-related events is important to me.,3.69,18.4,63.2,32.2,44.8
Contribution type,Code / project work only,35,50,agreement,Attending in-person WordPress-related events is important to me.,3.14,34.3,51.4,11.4,17.1
Contribution type,All respondents,431,57,importance,A location local to you,3.73,13.9,65.9,27.8,52.0
Contribution type,No contribution work,197,57,importance,A location local to you,3.77,13.2,67.0,30.5,53.8
Contribution type,Community and code work,112,57,importance,A location local to you,3.58,15.2,58.0,22.3,42.9
Contribution type,Community work only,87,57,importance,A location local to you,3.78,12.6,71.3,23.0,58.6
Contribution type,Code / project work only,35,57,importance,A location local to you,3.89,17.1,71.4,42.9,54.3
Contribution type,All respondents,431,57,importance,A regional/destination location,3.42,16.7,54.3,13.9,37.6
Contribution type,No contribution work,197,57,importance,A regional/destination location,3.37,15.7,51.8,10.7,36.0
Contribution type,Community and code work,112,57,importance,A regional/destination location,3.35,19.6,50.0,15.2,30.4
Contribution type,Community work only,87,57,importance,A regional/destination location,3.61,13.8,62.1,19.5,48.3
Contribution type,Code / project work only,35,57,importance,A regional/destination location,3.43,20.0,62.9,14.3,42.9
Contribution type,All respondents,431,57,importance,Events with smaller attendance,2.91,24.8,25.1,3.9,0.2
Contribution type,No contribution work,197,57,importance,Events with smaller attendance,3.11,18.3,32.5,6.1,14.2
Contribution type,Community and code work,112,57,importance,Events with smaller attendance,2.62,35.7,14.3,2.7,-21.4
Contribution type,Community work only,87,57,importance,Events with smaller attendance,2.86,26.4,20.7,2.3,-5.7
Contribution type,Code / project work only,35,57,importance,Events with smaller attendance,2.86,22.9,28.6,0.0,5.7
Contribution type,All respondents,431,57,importance,Events with larger attendance,2.72,31.6,16.9,2.8,-14.6
Contribution type,No contribution work,197,57,importance,Events with larger attendance,2.61,36.0,12.2,2.5,-23.9
Contribution type,Community and code work,112,57,importance,Events with larger attendance,2.71,30.4,17.9,0.9,-12.5
Contribution type,Community work only,87,57,importance,Events with larger attendance,2.93,25.3,24.1,5.7,-1.1
Contribution type,Code / project work only,35,57,importance,Events with larger attendance,2.86,25.7,22.9,2.9,-2.9
Contribution type,All respondents,431,57,importance,"Hard skill development (technical instruction, workshops, etc.)",3.37,18.1,52.9,11.8,34.8
Contribution type,No contribution work,197,57,importance,"Hard skill development (technical instruction, workshops, etc.)",3.48,12.7,57.9,11.2,45.2
Contribution type,Community and code work,112,57,importance,"Hard skill development (technical instruction, workshops, etc.)",3.21,22.3,46.4,8.9,24.1
Contribution type,Community work only,87,57,importance,"Hard skill development (technical instruction, workshops, etc.)",3.26,26.4,49.4,14.9,23.0
Contribution type,Code / project work only,35,57,importance,"Hard skill development (technical instruction, workshops, etc.)",3.51,14.3,54.3,17.1,40.0
Contribution type,All respondents,431,57,importance,"Soft skill development (business development, personal development, etc.)",3.08,24.8,38.5,6.7,13.7
Contribution type,No contribution work,197,57,importance,"Soft skill development (business development, personal development, etc.)",3.01,25.9,34.5,5.6,8.6
Contribution type,Community and code work,112,57,importance,"Soft skill development (business development, personal development, etc.)",3.04,26.8,37.5,5.4,10.7
Contribution type,Community work only,87,57,importance,"Soft skill development (business development, personal development, etc.)",3.28,19.5,47.1,10.3,27.6
Contribution type,Code / project work only,35,57,importance,"Soft skill development (business development, personal development, etc.)",3.14,25.7,42.9,8.6,17.1
Contribution type,All respondents,431,57,importance,Topics of sessions / panels,3.69,11.1,67.3,18.6,56.1
Contribution type,No contribution work,197,57,importance,Topics of sessions / panels,3.8,8.6,71.6,22.8,62.9
Contribution type,Community and code work,112,57,importance,Topics of sessions / panels,3.52,14.3,61.6,11.6,47.3
Contribution type,Community work only,87,57,importance,Topics of sessions / panels,3.7,12.6,65.5,21.8,52.9
Contribution type,Code / project work only,35,57,importance,Topics of sessions / panels,3.57,11.4,65.7,8.6,54.3
Contribution type,All respondents,431,57,importance,Particular speakers / keynotes,3.14,21.8,38.7,7.7,16.9
Contribution type,No contribution work,197,57,importance,Particular speakers / keynotes,3.1,23.9,35.0,9.6,11.2
Contribution type,Community and code work,112,57,importance,Particular speakers / keynotes,3.16,19.6,39.3,6.2,19.6
Contribution type,Community work only,87,57,importance,Particular speakers / keynotes,3.29,17.2,48.3,8.0,31.0
Contribution type,Code / project work only,35,57,importance,Particular speakers / keynotes,2.91,28.6,34.3,0.0,5.7
Contribution type,All respondents,431,57,importance,Meeting professional development requirements,2.83,32.0,28.8,7.0,-3.2
Contribution type,No contribution work,197,57,importance,Meeting professional development requirements,2.7,36.5,24.4,5.6,-12.2
Contribution type,Community and code work,112,57,importance,Meeting professional development requirements,3.02,25.9,33.9,8.0,8.0
Contribution type,Community work only,87,57,importance,Meeting professional development requirements,2.82,32.2,28.7,8.0,-3.4
Contribution type,Code / project work only,35,57,importance,Meeting professional development requirements,3.0,25.7,37.1,8.6,11.4
Contribution type,All respondents,431,57,importance,Networking opportunities,3.65,14.2,60.6,25.1,46.4
Contribution type,No contribution work,197,57,importance,Networking opportunities,3.28,20.3,44.7,14.7,24.4
Contribution type,Community and code work,112,57,importance,Networking opportunities,4.01,8.9,78.6,34.8,69.6
Contribution type,Community work only,87,57,importance,Networking opportunities,3.92,9.2,70.1,35.6,60.9
Contribution type,Code / project work only,35,57,importance,Networking opportunities,3.83,8.6,68.6,25.7,60.0
Contribution type,All respondents,431,57,importance,Community development/engagement,3.61,11.8,61.5,18.3,49.7
Contribution type,No contribution work,197,57,importance,Community development/engagement,3.27,18.3,48.2,7.1,29.9
Contribution type,Community and code work,112,57,importance,Community development/engagement,4.03,6.2,76.8,35.7,70.5
Contribution type,Community work only,87,57,importance,Community development/engagement,3.9,4.6,73.6,23.0,69.0
Contribution type,Code / project work only,35,57,importance,Community development/engagement,3.49,11.4,57.1,14.3,45.7
Contribution type,All respondents,431,57,importance,Cost of ticket,3.44,19.5,54.5,17.6,35.0
Contribution type,No contribution work,197,57,importance,Cost of ticket,3.69,12.2,61.9,24.4,49.7
Contribution type,Community and code work,112,57,importance,Cost of ticket,3.14,25.9,43.8,8.9,17.9
Contribution type,Community work only,87,57,importance,Cost of ticket,3.4,20.7,52.9,17.2,32.2
Contribution type,Code / project work only,35,57,importance,Cost of ticket,3.09,37.1,51.4,8.6,14.3
Contribution type,All respondents,431,57,importance,"Cost of attendance (travel, housing, etc.)",3.9,11.4,72.4,34.3,61.0
Contribution type,No contribution work,197,57,importance,"Cost of attendance (travel, housing, etc.)",3.99,9.1,75.6,37.6,66.5
Contribution type,Community and code work,112,57,importance,"Cost of attendance (travel, housing, etc.)",3.7,16.1,65.2,27.7,49.1
Contribution type,Community work only,87,57,importance,"Cost of attendance (travel, housing, etc.)",4.05,6.9,75.9,36.8,69.0
Contribution type,Code / project work only,35,57,importance,"Cost of attendance (travel, housing, etc.)",3.71,20.0,68.6,31.4,48.6
Contribution type,All respondents,431,59,sentiment,"Right now, how do you generally feel about open source software?",4.16,3.9,81.7,39.4,77.7
Contribution type,No contribution work,197,59,sentiment,"Right now, how do you generally feel about open source software?",4.15,4.6,81.2,40.6,76.6
Contribution type,Community and code work,112,59,sentiment,"Right now, how do you generally feel about open source software?",4.21,3.6,83.9,40.2,80.4
Contribution type,Community work only,87,59,sentiment,"Right now, how do you generally feel about open source software?",4.21,1.1,82.8,39.1,81.6
Contribution type,Code / project work only,35,59,sentiment,"Right now, how do you generally feel about open source software?",3.97,8.6,74.3,31.4,65.7
Contribution type,All respondents,431,62,importance,Open source software,4.59,1.2,93.5,68.0,92.3
Contribution type,No contribution work,197,62,importance,Open source software,4.59,0.5,92.9,67.0,92.4
Contribution type,Community and code work,112,62,importance,Open source software,4.66,0.9,95.5,72.3,94.6
Contribution type,Community work only,87,62,importance,Open source software,4.52,2.3,92.0,63.2,89.7
Contribution type,Code / project work only,35,62,importance,Open source software,4.6,2.9,94.3,71.4,91.4
Contribution type,All respondents,431,62,importance,Open source values (whatever that means to you)required,4.51,3.2,91.9,64.3,88.6
Contribution type,No contribution work,197,62,importance,Open source values (whatever that means to you)required,4.52,2.0,91.9,62.9,89.8
Contribution type,Community and code work,112,62,importance,Open source values (whatever that means to you)required,4.56,3.6,92.9,68.8,89.3
Contribution type,Community work only,87,62,importance,Open source values (whatever that means to you)required,4.38,5.7,88.5,57.5,82.8
Contribution type,Code / project work only,35,62,importance,Open source values (whatever that means to you)required,4.66,2.9,97.1,74.3,94.3
Contribution type,All respondents,431,62,importance,The sustainability of open source projects,4.58,1.2,93.3,66.6,92.1
Contribution type,No contribution work,197,62,importance,The sustainability of open source projects,4.59,1.0,93.9,67.5,92.9
Contribution type,Community and code work,112,62,importance,The sustainability of open source projects,4.62,1.8,95.5,69.6,93.8
Contribution type,Community work only,87,62,importance,The sustainability of open source projects,4.45,0.0,87.4,57.5,87.4
Contribution type,Code / project work only,35,62,importance,The sustainability of open source projects,4.66,2.9,97.1,74.3,94.3
Contribution type,All respondents,431,62,importance,Open source in WordPress,4.51,2.8,92.1,63.1,89.3
Contribution type,No contribution work,197,62,importance,Open source in WordPress,4.42,3.0,89.8,56.9,86.8
Contribution type,Community and code work,112,62,importance,Open source in WordPress,4.62,1.8,95.5,69.6,93.8
Contribution type,Community work only,87,62,importance,Open source in WordPress,4.51,3.4,90.8,65.5,87.4
Contribution type,Code / project work only,35,62,importance,Open source in WordPress,4.63,2.9,97.1,71.4,94.3
Contribution type,All respondents,431,62,importance,Open source in AI,3.24,29.2,50.1,27.4,20.9
Contribution type,No contribution work,197,62,importance,Open source in AI,2.83,39.6,37.1,19.8,-2.5
Contribution type,Community and code work,112,62,importance,Open source in AI,3.63,19.6,60.7,35.7,41.1
Contribution type,Community work only,87,62,importance,Open source in AI,3.63,19.5,63.2,34.5,43.7
Contribution type,Code / project work only,35,62,importance,Open source in AI,3.34,25.7,57.1,25.7,31.4
Contribution type,All respondents,431,67,sentiment,"Right now, how do you generally feel about AI in the tech industry?",2.6,46.2,31.1,10.0,-15.1
Contribution type,No contribution work,197,67,sentiment,"Right now, how do you generally feel about AI in the tech industry?",2.13,62.4,21.3,7.6,-41.1
Contribution type,Community and code work,112,67,sentiment,"Right now, how do you generally feel about AI in the tech industry?",3.07,29.5,42.0,10.7,12.5
Contribution type,Community work only,87,67,sentiment,"Right now, how do you generally feel about AI in the tech industry?",3.05,29.9,42.5,12.6,12.6
Contribution type,Code / project work only,35,67,sentiment,"Right now, how do you generally feel about AI in the tech industry?",2.66,48.6,22.9,14.3,-25.7
Contribution type,All respondents,431,68,sentiment,"Right now, how do you generally feel about AI in WordPress?",2.35,49.9,16.9,3.9,-32.9
Contribution type,No contribution work,197,68,sentiment,"Right now, how do you generally feel about AI in WordPress?",1.83,68.5,6.1,2.0,-62.4
Contribution type,Community and code work,112,68,sentiment,"Right now, how do you generally feel about AI in WordPress?",2.84,31.2,26.8,5.4,-4.5
Contribution type,Community work only,87,68,sentiment,"Right now, how do you generally feel about AI in WordPress?",2.78,34.5,26.4,6.9,-8.0
Contribution type,Code / project work only,35,68,sentiment,"Right now, how do you generally feel about AI in WordPress?",2.6,42.9,22.9,2.9,-20.0
Contribution type,All respondents,431,69,sentiment,"Right now, how do you generally feel about AI in web development (vibe coding, agentic development, etc.)?",2.7,44.8,34.6,12.5,-10.2
Contribution type,No contribution work,197,69,sentiment,"Right now, how do you generally feel about AI in web development (vibe coding, agentic development, etc.)?",2.16,60.4,20.8,6.6,-39.6
Contribution type,Community and code work,112,69,sentiment,"Right now, how do you generally feel about AI in web development (vibe coding, agentic development, etc.)?",3.27,27.7,50.0,18.8,22.3
Contribution type,Community work only,87,69,sentiment,"Right now, how do you generally feel about AI in web development (vibe coding, agentic development, etc.)?",3.14,33.3,47.1,18.4,13.8
Contribution type,Code / project work only,35,69,sentiment,"Right now, how do you generally feel about AI in web development (vibe coding, agentic development, etc.)?",2.83,40.0,31.4,11.4,-8.6
Contributor identity,All respondents,431,22,agreement,I consider myself to be a member of the WordPress community.,3.88,12.3,71.5,32.9,59.2
Contributor identity,Agree,105,22,agreement,I consider myself to be a member of the WordPress community.,4.29,1.0,90.5,39.0,89.5
Contributor identity,Neutral,90,22,agreement,I consider myself to be a member of the WordPress community.,3.92,5.6,73.3,24.4,67.8
Contributor identity,Disagree,81,22,agreement,I consider myself to be a member of the WordPress community.,3.49,16.0,60.5,6.2,44.4
Contributor identity,Strongly disagree,79,22,agreement,I consider myself to be a member of the WordPress community.,2.77,43.0,31.6,8.9,-11.4
Contributor identity,Strongly agree,76,22,agreement,I consider myself to be a member of the WordPress community.,4.84,0.0,96.1,88.2,96.1
Contributor identity,All respondents,431,28,sentiment,"Right now, how do you feel overall about the WordPress open source project?",2.87,38.1,32.7,4.6,-5.3
Contributor identity,Agree,105,28,sentiment,"Right now, how do you feel overall about the WordPress open source project?",2.98,31.4,32.4,3.8,1.0
Contributor identity,Neutral,90,28,sentiment,"Right now, how do you feel overall about the WordPress open source project?",3.0,34.4,35.6,10.0,1.1
Contributor identity,Disagree,81,28,sentiment,"Right now, how do you feel overall about the WordPress open source project?",2.68,45.7,29.6,2.5,-16.0
Contributor identity,Strongly disagree,79,28,sentiment,"Right now, how do you feel overall about the WordPress open source project?",2.48,51.9,21.5,0.0,-30.4
Contributor identity,Strongly agree,76,28,sentiment,"Right now, how do you feel overall about the WordPress open source project?",3.17,28.9,44.7,6.6,15.8
Contributor identity,All respondents,431,31,sentiment,How do you feel about the future of the WordPress open source project?,2.8,39.0,24.4,5.1,-14.6
Contributor identity,Agree,105,31,sentiment,How do you feel about the future of the WordPress open source project?,2.93,32.4,28.6,6.7,-3.8
Contributor identity,Neutral,90,31,sentiment,How do you feel about the future of the WordPress open source project?,2.94,34.4,26.7,7.8,-7.8
Contributor identity,Disagree,81,31,sentiment,How do you feel about the future of the WordPress open source project?,2.42,54.3,9.9,1.2,-44.4
Contributor identity,Strongly disagree,79,31,sentiment,How do you feel about the future of the WordPress open source project?,2.39,53.2,11.4,0.0,-41.8
Contributor identity,Strongly agree,76,31,sentiment,How do you feel about the future of the WordPress open source project?,3.25,22.4,44.7,9.2,22.4
Contributor identity,All respondents,431,34,importance,WordPress open source software,4.58,1.4,94.0,65.4,92.6
Contributor identity,Agree,105,34,importance,WordPress open source software,4.67,0.0,98.1,68.6,98.1
Contributor identity,Neutral,90,34,importance,WordPress open source software,4.44,0.0,92.2,52.2,92.2
Contributor identity,Disagree,81,34,importance,WordPress open source software,4.52,2.5,95.1,59.3,92.6
Contributor identity,Strongly disagree,79,34,importance,WordPress open source software,4.39,5.1,84.8,62.0,79.7
Contributor identity,Strongly agree,76,34,importance,WordPress open source software,4.86,0.0,98.7,86.8,98.7
Contributor identity,All respondents,431,34,importance,The WordPress community,4.13,7.0,80.3,41.8,73.3
Contributor identity,Agree,105,34,importance,The WordPress community,4.47,1.0,94.3,53.3,93.3
Contributor identity,Neutral,90,34,importance,The WordPress community,4.08,6.7,78.9,37.8,72.2
Contributor identity,Disagree,81,34,importance,The WordPress community,3.7,13.6,65.4,21.0,51.9
Contributor identity,Strongly disagree,79,34,importance,The WordPress community,3.61,15.2,60.8,22.8,45.6
Contributor identity,Strongly agree,76,34,importance,The WordPress community,4.71,0.0,98.7,72.4,98.7
Contributor identity,All respondents,431,34,importance,WordPress events and meetups,3.26,26.7,50.1,19.5,23.4
Contributor identity,Agree,105,34,importance,WordPress events and meetups,3.8,12.4,71.4,24.8,59.0
Contributor identity,Neutral,90,34,importance,WordPress events and meetups,3.22,25.6,47.8,14.4,22.2
Contributor identity,Disagree,81,34,importance,WordPress events and meetups,2.59,42.0,24.7,3.7,-17.3
Contributor identity,Strongly disagree,79,34,importance,WordPress events and meetups,2.28,51.9,19.0,1.3,-32.9
Contributor identity,Strongly agree,76,34,importance,WordPress events and meetups,4.28,5.3,82.9,53.9,77.6
Contributor identity,All respondents,431,34,importance,Contributing to WordPress,3.31,18.8,45.7,13.9,26.9
Contributor identity,Agree,105,34,importance,Contributing to WordPress,3.65,7.6,62.9,12.4,55.2
Contributor identity,Neutral,90,34,importance,Contributing to WordPress,3.13,18.9,32.2,4.4,13.3
Contributor identity,Disagree,81,34,importance,Contributing to WordPress,2.77,27.2,17.3,0.0,-9.9
Contributor identity,Strongly disagree,79,34,importance,Contributing to WordPress,2.53,41.8,24.1,3.8,-17.7
Contributor identity,Strongly agree,76,34,importance,Contributing to WordPress,4.42,1.3,90.8,52.6,89.5
Contributor identity,All respondents,431,34,importance,Open source values,4.48,2.6,90.7,61.9,88.2
Contributor identity,Agree,105,34,importance,Open source values,4.54,2.9,92.4,66.7,89.5
Contributor identity,Neutral,90,34,importance,Open source values,4.27,4.4,86.7,47.8,82.2
Contributor identity,Disagree,81,34,importance,Open source values,4.43,1.2,90.1,54.3,88.9
Contributor identity,Strongly disagree,79,34,importance,Open source values,4.42,3.8,89.9,59.5,86.1
Contributor identity,Strongly agree,76,34,importance,Open source values,4.78,0.0,94.7,82.9,94.7
Contributor identity,All respondents,431,34,importance,AI in WordPress,2.47,52.7,29.0,12.8,-23.7
Contributor identity,Agree,105,34,importance,AI in WordPress,2.7,47.6,30.5,17.1,-17.1
Contributor identity,Neutral,90,34,importance,AI in WordPress,2.54,46.7,31.1,8.9,-15.6
Contributor identity,Disagree,81,34,importance,AI in WordPress,1.98,66.7,16.0,6.2,-50.6
Contributor identity,Strongly disagree,79,34,importance,AI in WordPress,1.89,72.2,15.2,11.4,-57.0
Contributor identity,Strongly agree,76,34,importance,AI in WordPress,3.2,31.6,52.6,19.7,21.1
Contributor identity,All respondents,431,34,importance,Security in WordPress,4.68,1.4,95.1,75.6,93.7
Contributor identity,Agree,105,34,importance,Security in WordPress,4.67,1.0,97.1,71.4,96.2
Contributor identity,Neutral,90,34,importance,Security in WordPress,4.71,1.1,95.6,77.8,94.4
Contributor identity,Disagree,81,34,importance,Security in WordPress,4.72,0.0,95.1,76.5,95.1
Contributor identity,Strongly disagree,79,34,importance,Security in WordPress,4.58,5.1,89.9,77.2,84.8
Contributor identity,Strongly agree,76,34,importance,Security in WordPress,4.74,0.0,97.4,76.3,97.4
Contributor identity,All respondents,431,34,importance,Web standards and compliance,4.57,1.6,93.7,65.9,92.1
Contributor identity,Agree,105,34,importance,Web standards and compliance,4.52,1.0,92.4,61.9,91.4
Contributor identity,Neutral,90,34,importance,Web standards and compliance,4.58,2.2,96.7,64.4,94.4
Contributor identity,Disagree,81,34,importance,Web standards and compliance,4.57,0.0,92.6,64.2,92.6
Contributor identity,Strongly disagree,79,34,importance,Web standards and compliance,4.58,3.8,92.4,73.4,88.6
Contributor identity,Strongly agree,76,34,importance,Web standards and compliance,4.61,1.3,94.7,67.1,93.4
Contributor identity,All respondents,431,34,importance,WordPress leadership,4.04,8.1,73.8,43.4,65.7
Contributor identity,Agree,105,34,importance,WordPress leadership,4.08,8.6,77.1,42.9,68.6
Contributor identity,Neutral,90,34,importance,WordPress leadership,4.07,8.9,73.3,48.9,64.4
Contributor identity,Disagree,81,34,importance,WordPress leadership,3.85,9.9,66.7,34.6,56.8
Contributor identity,Strongly disagree,79,34,importance,WordPress leadership,3.97,6.3,68.4,40.5,62.0
Contributor identity,Strongly agree,76,34,importance,WordPress leadership,4.22,6.6,82.9,50.0,76.3
Contributor identity,All respondents,431,34,importance,WordPress governance,4.17,5.8,76.6,50.8,70.8
Contributor identity,Agree,105,34,importance,WordPress governance,4.26,4.8,78.1,55.2,73.3
Contributor identity,Neutral,90,34,importance,WordPress governance,4.01,7.8,67.8,47.8,60.0
Contributor identity,Disagree,81,34,importance,WordPress governance,4.16,4.9,80.2,45.7,75.3
Contributor identity,Strongly disagree,79,34,importance,WordPress governance,4.13,7.6,75.9,50.6,68.4
Contributor identity,Strongly agree,76,34,importance,WordPress governance,4.29,3.9,81.6,53.9,77.6
Contributor identity,All respondents,431,34,importance,"Business issues (mergers & acquisitions, product ecosystem, private equity investment, etc.)",3.14,25.5,41.5,12.5,16.0
Contributor identity,Agree,105,34,importance,"Business issues (mergers & acquisitions, product ecosystem, private equity investment, etc.)",3.24,21.0,43.8,9.5,22.9
Contributor identity,Neutral,90,34,importance,"Business issues (mergers & acquisitions, product ecosystem, private equity investment, etc.)",3.24,17.8,42.2,13.3,24.4
Contributor identity,Disagree,81,34,importance,"Business issues (mergers & acquisitions, product ecosystem, private equity investment, etc.)",3.02,32.1,42.0,9.9,9.9
Contributor identity,Strongly disagree,79,34,importance,"Business issues (mergers & acquisitions, product ecosystem, private equity investment, etc.)",2.86,34.2,30.4,12.7,-3.8
Contributor identity,Strongly agree,76,34,importance,"Business issues (mergers & acquisitions, product ecosystem, private equity investment, etc.)",3.28,25.0,48.7,18.4,23.7
Contributor identity,All respondents,431,34,importance,Enterprise/scale issues,3.13,24.8,40.1,11.1,15.3
Contributor identity,Agree,105,34,importance,Enterprise/scale issues,3.36,21.0,50.5,16.2,29.5
Contributor identity,Neutral,90,34,importance,Enterprise/scale issues,3.19,17.8,35.6,10.0,17.8
Contributor identity,Disagree,81,34,importance,Enterprise/scale issues,2.91,32.1,37.0,6.2,4.9
Contributor identity,Strongly disagree,79,34,importance,Enterprise/scale issues,2.85,34.2,29.1,10.1,-5.1
Contributor identity,Strongly agree,76,34,importance,Enterprise/scale issues,3.24,21.1,46.1,11.8,25.0
Contributor identity,All respondents,431,34,importance,Collaboration with the greater open source ecosystem,3.82,8.8,67.7,26.0,58.9
Contributor identity,Agree,105,34,importance,Collaboration with the greater open source ecosystem,3.81,8.6,67.6,23.8,59.0
Contributor identity,Neutral,90,34,importance,Collaboration with the greater open source ecosystem,3.73,8.9,60.0,24.4,51.1
Contributor identity,Disagree,81,34,importance,Collaboration with the greater open source ecosystem,3.81,8.6,66.7,23.5,58.0
Contributor identity,Strongly disagree,79,34,importance,Collaboration with the greater open source ecosystem,3.62,13.9,65.8,21.5,51.9
Contributor identity,Strongly agree,76,34,importance,Collaboration with the greater open source ecosystem,4.13,3.9,80.3,38.2,76.3
Contributor identity,All respondents,431,38,importance,Personal capacity,4.22,3.7,82.8,44.5,79.1
Contributor identity,Agree,105,38,importance,Personal capacity,4.14,4.8,84.8,35.2,80.0
Contributor identity,Neutral,90,38,importance,Personal capacity,4.19,2.2,78.9,43.3,76.7
Contributor identity,Disagree,81,38,importance,Personal capacity,4.3,2.5,85.2,46.9,82.7
Contributor identity,Strongly disagree,79,38,importance,Personal capacity,4.2,3.8,78.5,49.4,74.7
Contributor identity,Strongly agree,76,38,importance,Personal capacity,4.3,5.3,86.8,51.3,81.6
Contributor identity,All respondents,431,38,importance,Financial incentives/restraints,3.05,27.4,33.6,11.8,6.3
Contributor identity,Agree,105,38,importance,Financial incentives/restraints,3.08,27.6,33.3,8.6,5.7
Contributor identity,Neutral,90,38,importance,Financial incentives/restraints,3.28,17.8,42.2,14.4,24.4
Contributor identity,Disagree,81,38,importance,Financial incentives/restraints,3.05,27.2,29.6,12.3,2.5
Contributor identity,Strongly disagree,79,38,importance,Financial incentives/restraints,2.75,36.7,21.5,12.7,-15.2
Contributor identity,Strongly agree,76,38,importance,Financial incentives/restraints,3.07,28.9,40.8,11.8,11.8
Contributor identity,All respondents,431,38,importance,Impact of my contributions to the project,3.4,14.4,47.8,12.8,33.4
Contributor identity,Agree,105,38,importance,Impact of my contributions to the project,3.49,11.4,54.3,8.6,42.9
Contributor identity,Neutral,90,38,importance,Impact of my contributions to the project,3.3,14.4,43.3,7.8,28.9
Contributor identity,Disagree,81,38,importance,Impact of my contributions to the project,3.25,13.6,34.6,7.4,21.0
Contributor identity,Strongly disagree,79,38,importance,Impact of my contributions to the project,3.16,22.8,38.0,13.9,15.2
Contributor identity,Strongly agree,76,38,importance,Impact of my contributions to the project,3.83,10.5,68.4,28.9,57.9
Contributor identity,All respondents,431,38,importance,Impact of my participation on my professional or personal life,3.6,9.5,58.5,15.3,49.0
Contributor identity,Agree,105,38,importance,Impact of my participation on my professional or personal life,3.6,10.5,62.9,11.4,52.4
Contributor identity,Neutral,90,38,importance,Impact of my participation on my professional or personal life,3.6,6.7,55.6,14.4,48.9
Contributor identity,Disagree,81,38,importance,Impact of my participation on my professional or personal life,3.56,6.2,54.3,8.6,48.1
Contributor identity,Strongly disagree,79,38,importance,Impact of my participation on my professional or personal life,3.43,15.2,49.4,19.0,34.2
Contributor identity,Strongly agree,76,38,importance,Impact of my participation on my professional or personal life,3.83,9.2,69.7,25.0,60.5
Contributor identity,All respondents,431,38,importance,Understanding how to participate,3.59,10.7,59.6,16.2,49.0
Contributor identity,Agree,105,38,importance,Understanding how to participate,3.58,11.4,60.0,14.3,48.6
Contributor identity,Neutral,90,38,importance,Understanding how to participate,3.59,6.7,53.3,14.4,46.7
Contributor identity,Disagree,81,38,importance,Understanding how to participate,3.65,7.4,63.0,12.3,55.6
Contributor identity,Strongly disagree,79,38,importance,Understanding how to participate,3.65,11.4,63.3,22.8,51.9
Contributor identity,Strongly agree,76,38,importance,Understanding how to participate,3.49,17.1,59.2,18.4,42.1
Contributor identity,All respondents,431,38,importance,Mentorship or guidance,3.08,23.9,33.4,7.4,9.5
Contributor identity,Agree,105,38,importance,Mentorship or guidance,3.17,22.9,41.0,6.7,18.1
Contributor identity,Neutral,90,38,importance,Mentorship or guidance,2.99,26.7,26.7,7.8,0.0
Contributor identity,Disagree,81,38,importance,Mentorship or guidance,2.96,27.2,24.7,4.9,-2.5
Contributor identity,Strongly disagree,79,38,importance,Mentorship or guidance,3.13,19.0,31.6,8.9,12.7
Contributor identity,Strongly agree,76,38,importance,Mentorship or guidance,3.12,23.7,42.1,9.2,18.4
Contributor identity,All respondents,431,38,importance,Project roadmap,3.43,17.2,51.7,14.2,34.6
Contributor identity,Agree,105,38,importance,Project roadmap,3.42,20.0,52.4,12.4,32.4
Contributor identity,Neutral,90,38,importance,Project roadmap,3.26,17.8,40.0,12.2,22.2
Contributor identity,Disagree,81,38,importance,Project roadmap,3.44,17.3,53.1,12.3,35.8
Contributor identity,Strongly disagree,79,38,importance,Project roadmap,3.41,15.2,50.6,15.2,35.4
Contributor identity,Strongly agree,76,38,importance,Project roadmap,3.64,14.5,64.5,19.7,50.0
Contributor identity,All respondents,431,38,importance,Project leadership,3.83,12.5,67.3,32.7,54.8
Contributor identity,Agree,105,38,importance,Project leadership,3.8,17.1,68.6,32.4,51.4
Contributor identity,Neutral,90,38,importance,Project leadership,3.76,12.2,62.2,32.2,50.0
Contributor identity,Disagree,81,38,importance,Project leadership,3.88,11.1,70.4,33.3,59.3
Contributor identity,Strongly disagree,79,38,importance,Project leadership,3.87,10.1,65.8,38.0,55.7
Contributor identity,Strongly agree,76,38,importance,Project leadership,3.84,10.5,69.7,27.6,59.2
Contributor identity,All respondents,431,38,importance,Project governance/policies,3.85,10.4,66.4,32.7,55.9
Contributor identity,Agree,105,38,importance,Project governance/policies,3.9,13.3,67.6,37.1,54.3
Contributor identity,Neutral,90,38,importance,Project governance/policies,3.79,11.1,63.3,31.1,52.2
Contributor identity,Disagree,81,38,importance,Project governance/policies,3.98,6.2,72.8,33.3,66.7
Contributor identity,Strongly disagree,79,38,importance,Project governance/policies,3.85,8.9,65.8,35.4,57.0
Contributor identity,Strongly agree,76,38,importance,Project governance/policies,3.72,11.8,61.8,25.0,50.0
Contributor identity,All respondents,431,38,importance,"Advocacy on behalf of web standards (accessibility, privacy, etc.)",3.99,7.7,75.6,33.6,68.0
Contributor identity,Agree,105,38,importance,"Advocacy on behalf of web standards (accessibility, privacy, etc.)",3.99,7.6,73.3,34.3,65.7
Contributor identity,Neutral,90,38,importance,"Advocacy on behalf of web standards (accessibility, privacy, etc.)",3.76,13.3,67.8,23.3,54.4
Contributor identity,Disagree,81,38,importance,"Advocacy on behalf of web standards (accessibility, privacy, etc.)",4.14,2.5,82.7,34.6,80.2
Contributor identity,Strongly disagree,79,38,importance,"Advocacy on behalf of web standards (accessibility, privacy, etc.)",4.1,6.3,75.9,45.6,69.6
Contributor identity,Strongly agree,76,38,importance,"Advocacy on behalf of web standards (accessibility, privacy, etc.)",4.01,7.9,80.3,31.6,72.4
Contributor identity,All respondents,431,38,importance,Participation in the WordPress community,3.52,10.0,53.4,15.3,43.4
Contributor identity,Agree,105,38,importance,Participation in the WordPress community,3.83,3.8,71.4,19.0,67.6
Contributor identity,Neutral,90,38,importance,Participation in the WordPress community,3.47,6.7,50.0,8.9,43.3
Contributor identity,Disagree,81,38,importance,Participation in the WordPress community,3.15,14.8,29.6,3.7,14.8
Contributor identity,Strongly disagree,79,38,importance,Participation in the WordPress community,2.96,22.8,29.1,6.3,6.3
Contributor identity,Strongly agree,76,38,importance,Participation in the WordPress community,4.16,3.9,82.9,39.5,78.9
Contributor identity,All respondents,431,38,importance,Feeling welcome/included,4.06,5.8,76.3,39.2,70.5
Contributor identity,Agree,105,38,importance,Feeling welcome/included,4.23,3.8,83.8,45.7,80.0
Contributor identity,Neutral,90,38,importance,Feeling welcome/included,3.98,7.8,76.7,34.4,68.9
Contributor identity,Disagree,81,38,importance,Feeling welcome/included,3.94,6.2,69.1,32.1,63.0
Contributor identity,Strongly disagree,79,38,importance,Feeling welcome/included,3.87,6.3,63.3,35.4,57.0
Contributor identity,Strongly agree,76,38,importance,Feeling welcome/included,4.26,5.3,86.8,47.4,81.6
Contributor identity,All respondents,431,38,importance,Participating in a language other than English,2.46,45.2,19.7,6.3,-25.5
Contributor identity,Agree,105,38,importance,Participating in a language other than English,2.56,45.7,24.8,8.6,-21.0
Contributor identity,Neutral,90,38,importance,Participating in a language other than English,2.32,47.8,11.1,2.2,-36.7
Contributor identity,Disagree,81,38,importance,Participating in a language other than English,2.41,45.7,14.8,4.9,-30.9
Contributor identity,Strongly disagree,79,38,importance,Participating in a language other than English,2.1,53.2,11.4,1.3,-41.8
Contributor identity,Strongly agree,76,38,importance,Participating in a language other than English,2.92,32.9,36.8,14.5,3.9
Contributor identity,All respondents,431,38,importance,Working asynchronously,3.61,11.6,55.5,24.1,43.9
Contributor identity,Agree,105,38,importance,Working asynchronously,3.69,10.5,57.1,26.7,46.7
Contributor identity,Neutral,90,38,importance,Working asynchronously,3.52,13.3,55.6,16.7,42.2
Contributor identity,Disagree,81,38,importance,Working asynchronously,3.52,9.9,48.1,17.3,38.3
Contributor identity,Strongly disagree,79,38,importance,Working asynchronously,3.43,15.2,49.4,24.1,34.2
Contributor identity,Strongly agree,76,38,importance,Working asynchronously,3.88,9.2,67.1,36.8,57.9
Contributor identity,All respondents,431,50,agreement,Attending in-person WordPress-related events is important to me.,3.13,35.3,46.6,21.3,11.4
Contributor identity,Agree,105,50,agreement,Attending in-person WordPress-related events is important to me.,3.7,16.2,66.7,26.7,50.5
Contributor identity,Neutral,90,50,agreement,Attending in-person WordPress-related events is important to me.,3.13,31.1,44.4,14.4,13.3
Contributor identity,Disagree,81,50,agreement,Attending in-person WordPress-related events is important to me.,2.37,60.5,24.7,6.2,-35.8
Contributor identity,Strongly disagree,79,50,agreement,Attending in-person WordPress-related events is important to me.,2.13,63.3,13.9,2.5,-49.4
Contributor identity,Strongly agree,76,50,agreement,Attending in-person WordPress-related events is important to me.,4.21,10.5,78.9,57.9,68.4
Contributor identity,All respondents,431,57,importance,A location local to you,3.73,13.9,65.9,27.8,52.0
Contributor identity,Agree,105,57,importance,A location local to you,3.73,15.2,69.5,23.8,54.3
Contributor identity,Neutral,90,57,importance,A location local to you,3.76,14.4,65.6,32.2,51.1
Contributor identity,Disagree,81,57,importance,A location local to you,3.9,8.6,71.6,32.1,63.0
Contributor identity,Strongly disagree,79,57,importance,A location local to you,3.73,15.2,67.1,30.4,51.9
Contributor identity,Strongly agree,76,57,importance,A location local to you,3.53,15.8,53.9,21.1,38.2
Contributor identity,All respondents,431,57,importance,A regional/destination location,3.42,16.7,54.3,13.9,37.6
Contributor identity,Agree,105,57,importance,A regional/destination location,3.5,15.2,61.0,12.4,45.7
Contributor identity,Neutral,90,57,importance,A regional/destination location,3.46,16.7,56.7,17.8,40.0
Contributor identity,Disagree,81,57,importance,A regional/destination location,3.32,18.5,51.9,8.6,33.3
Contributor identity,Strongly disagree,79,57,importance,A regional/destination location,3.25,17.7,43.0,11.4,25.3
Contributor identity,Strongly agree,76,57,importance,A regional/destination location,3.51,15.8,56.6,19.7,40.8
Contributor identity,All respondents,431,57,importance,Events with smaller attendance,2.91,24.8,25.1,3.9,0.2
Contributor identity,Agree,105,57,importance,Events with smaller attendance,2.83,23.8,21.0,1.9,-2.9
Contributor identity,Neutral,90,57,importance,Events with smaller attendance,2.81,28.9,24.4,3.3,-4.4
Contributor identity,Disagree,81,57,importance,Events with smaller attendance,3.17,17.3,33.3,7.4,16.0
Contributor identity,Strongly disagree,79,57,importance,Events with smaller attendance,3.08,20.3,32.9,5.1,12.7
Contributor identity,Strongly agree,76,57,importance,Events with smaller attendance,2.68,34.2,14.5,2.6,-19.7
Contributor identity,All respondents,431,57,importance,Events with larger attendance,2.72,31.6,16.9,2.8,-14.6
Contributor identity,Agree,105,57,importance,Events with larger attendance,2.88,23.8,21.9,3.8,-1.9
Contributor identity,Neutral,90,57,importance,Events with larger attendance,2.66,32.2,13.3,4.4,-18.9
Contributor identity,Disagree,81,57,importance,Events with larger attendance,2.69,33.3,14.8,1.2,-18.5
Contributor identity,Strongly disagree,79,57,importance,Events with larger attendance,2.51,41.8,11.4,1.3,-30.4
Contributor identity,Strongly agree,76,57,importance,Events with larger attendance,2.84,28.9,22.4,2.6,-6.6
Contributor identity,All respondents,431,57,importance,"Hard skill development (technical instruction, workshops, etc.)",3.37,18.1,52.9,11.8,34.8
Contributor identity,Agree,105,57,importance,"Hard skill development (technical instruction, workshops, etc.)",3.26,23.8,49.5,10.5,25.7
Contributor identity,Neutral,90,57,importance,"Hard skill development (technical instruction, workshops, etc.)",3.43,14.4,55.6,14.4,41.1
Contributor identity,Disagree,81,57,importance,"Hard skill development (technical instruction, workshops, etc.)",3.53,11.1,58.0,12.3,46.9
Contributor identity,Strongly disagree,79,57,importance,"Hard skill development (technical instruction, workshops, etc.)",3.52,15.2,63.3,13.9,48.1
Contributor identity,Strongly agree,76,57,importance,"Hard skill development (technical instruction, workshops, etc.)",3.12,25.0,38.2,7.9,13.2
Contributor identity,All respondents,431,57,importance,"Soft skill development (business development, personal development, etc.)",3.08,24.8,38.5,6.7,13.7
Contributor identity,Agree,105,57,importance,"Soft skill development (business development, personal development, etc.)",3.15,23.8,41.0,5.7,17.1
Contributor identity,Neutral,90,57,importance,"Soft skill development (business development, personal development, etc.)",2.97,24.4,30.0,7.8,5.6
Contributor identity,Disagree,81,57,importance,"Soft skill development (business development, personal development, etc.)",3.05,27.2,40.7,4.9,13.6
Contributor identity,Strongly disagree,79,57,importance,"Soft skill development (business development, personal development, etc.)",3.1,24.1,40.5,6.3,16.5
Contributor identity,Strongly agree,76,57,importance,"Soft skill development (business development, personal development, etc.)",3.12,25.0,40.8,9.2,15.8
Contributor identity,All respondents,431,57,importance,Topics of sessions / panels,3.69,11.1,67.3,18.6,56.1
Contributor identity,Agree,105,57,importance,Topics of sessions / panels,3.73,9.5,70.5,17.1,61.0
Contributor identity,Neutral,90,57,importance,Topics of sessions / panels,3.62,11.1,64.4,15.6,53.3
Contributor identity,Disagree,81,57,importance,Topics of sessions / panels,3.86,7.4,71.6,24.7,64.2
Contributor identity,Strongly disagree,79,57,importance,Topics of sessions / panels,3.86,11.4,75.9,30.4,64.6
Contributor identity,Strongly agree,76,57,importance,Topics of sessions / panels,3.33,17.1,52.6,5.3,35.5
Contributor identity,All respondents,431,57,importance,Particular speakers / keynotes,3.14,21.8,38.7,7.7,16.9
Contributor identity,Agree,105,57,importance,Particular speakers / keynotes,3.15,19.0,41.0,1.9,21.9
Contributor identity,Neutral,90,57,importance,Particular speakers / keynotes,3.21,18.9,43.3,8.9,24.4
Contributor identity,Disagree,81,57,importance,Particular speakers / keynotes,3.21,19.8,38.3,9.9,18.5
Contributor identity,Strongly disagree,79,57,importance,Particular speakers / keynotes,2.99,30.4,31.6,12.7,1.3
Contributor identity,Strongly agree,76,57,importance,Particular speakers / keynotes,3.12,22.4,38.2,6.6,15.8
Contributor identity,All respondents,431,57,importance,Meeting professional development requirements,2.83,32.0,28.8,7.0,-3.2
Contributor identity,Agree,105,57,importance,Meeting professional development requirements,2.81,30.5,25.7,5.7,-4.8
Contributor identity,Neutral,90,57,importance,Meeting professional development requirements,2.92,25.6,27.8,8.9,2.2
Contributor identity,Disagree,81,57,importance,Meeting professional development requirements,2.6,39.5,21.0,1.2,-18.5
Contributor identity,Strongly disagree,79,57,importance,Meeting professional development requirements,2.72,39.2,30.4,8.9,-8.9
Contributor identity,Strongly agree,76,57,importance,Meeting professional development requirements,3.09,26.3,40.8,10.5,14.5
Contributor identity,All respondents,431,57,importance,Networking opportunities,3.65,14.2,60.6,25.1,46.4
Contributor identity,Agree,105,57,importance,Networking opportunities,3.84,11.4,71.4,27.6,60.0
Contributor identity,Neutral,90,57,importance,Networking opportunities,3.64,12.2,56.7,27.8,44.4
Contributor identity,Disagree,81,57,importance,Networking opportunities,3.25,21.0,44.4,12.3,23.5
Contributor identity,Strongly disagree,79,57,importance,Networking opportunities,3.34,21.5,48.1,16.5,26.6
Contributor identity,Strongly agree,76,57,importance,Networking opportunities,4.12,5.3,80.3,40.8,75.0
Contributor identity,All respondents,431,57,importance,Community development/engagement,3.61,11.8,61.5,18.3,49.7
Contributor identity,Agree,105,57,importance,Community development/engagement,3.9,6.7,76.2,24.8,69.5
Contributor identity,Neutral,90,57,importance,Community development/engagement,3.5,14.4,57.8,14.4,43.3
Contributor identity,Disagree,81,57,importance,Community development/engagement,3.3,13.6,45.7,3.7,32.1
Contributor identity,Strongly disagree,79,57,importance,Community development/engagement,3.16,22.8,46.8,6.3,24.1
Contributor identity,Strongly agree,76,57,importance,Community development/engagement,4.14,2.6,77.6,42.1,75.0
Contributor identity,All respondents,431,57,importance,Cost of ticket,3.44,19.5,54.5,17.6,35.0
Contributor identity,Agree,105,57,importance,Cost of ticket,3.3,21.9,51.4,9.5,29.5
Contributor identity,Neutral,90,57,importance,Cost of ticket,3.39,18.9,54.4,14.4,35.6
Contributor identity,Disagree,81,57,importance,Cost of ticket,3.77,12.3,69.1,24.7,56.8
Contributor identity,Strongly disagree,79,57,importance,Cost of ticket,3.68,13.9,62.0,29.1,48.1
Contributor identity,Strongly agree,76,57,importance,Cost of ticket,3.08,30.3,35.5,13.2,5.3
Contributor identity,All respondents,431,57,importance,"Cost of attendance (travel, housing, etc.)",3.9,11.4,72.4,34.3,61.0
Contributor identity,Agree,105,57,importance,"Cost of attendance (travel, housing, etc.)",3.85,10.5,70.5,27.6,60.0
Contributor identity,Neutral,90,57,importance,"Cost of attendance (travel, housing, etc.)",3.87,12.2,73.3,33.3,61.1
Contributor identity,Disagree,81,57,importance,"Cost of attendance (travel, housing, etc.)",4.05,8.6,80.2,37.0,71.6
Contributor identity,Strongly disagree,79,57,importance,"Cost of attendance (travel, housing, etc.)",4.03,11.4,73.4,46.8,62.0
Contributor identity,Strongly agree,76,57,importance,"Cost of attendance (travel, housing, etc.)",3.74,14.5,64.5,28.9,50.0
Contributor identity,All respondents,431,59,sentiment,"Right now, how do you generally feel about open source software?",4.16,3.9,81.7,39.4,77.7
Contributor identity,Agree,105,59,sentiment,"Right now, how do you generally feel about open source software?",4.1,2.9,78.1,34.3,75.2
Contributor identity,Neutral,90,59,sentiment,"Right now, how do you generally feel about open source software?",4.11,4.4,77.8,38.9,73.3
Contributor identity,Disagree,81,59,sentiment,"Right now, how do you generally feel about open source software?",4.11,4.9,81.5,35.8,76.5
Contributor identity,Strongly disagree,79,59,sentiment,"Right now, how do you generally feel about open source software?",4.2,3.8,87.3,39.2,83.5
Contributor identity,Strongly agree,76,59,sentiment,"Right now, how do you generally feel about open source software?",4.33,3.9,85.5,51.3,81.6
Contributor identity,All respondents,431,62,importance,Open source software,4.59,1.2,93.5,68.0,92.3
Contributor identity,Agree,105,62,importance,Open source software,4.57,1.0,92.4,65.7,91.4
Contributor identity,Neutral,90,62,importance,Open source software,4.48,3.3,93.3,61.1,90.0
Contributor identity,Disagree,81,62,importance,Open source software,4.6,0.0,93.8,66.7,93.8
Contributor identity,Strongly disagree,79,62,importance,Open source software,4.56,1.3,91.1,67.1,89.9
Contributor identity,Strongly agree,76,62,importance,Open source software,4.79,0.0,97.4,81.6,97.4
Contributor identity,All respondents,431,62,importance,Open source values (whatever that means to you)required,4.51,3.2,91.9,64.3,88.6
Contributor identity,Agree,105,62,importance,Open source values (whatever that means to you)required,4.49,3.8,90.5,63.8,86.7
Contributor identity,Neutral,90,62,importance,Open source values (whatever that means to you)required,4.42,4.4,92.2,57.8,87.8
Contributor identity,Disagree,81,62,importance,Open source values (whatever that means to you)required,4.49,1.2,91.4,59.3,90.1
Contributor identity,Strongly disagree,79,62,importance,Open source values (whatever that means to you)required,4.48,3.8,91.1,63.3,87.3
Contributor identity,Strongly agree,76,62,importance,Open source values (whatever that means to you)required,4.71,2.6,94.7,78.9,92.1
Contributor identity,All respondents,431,62,importance,The sustainability of open source projects,4.58,1.2,93.3,66.6,92.1
Contributor identity,Agree,105,62,importance,The sustainability of open source projects,4.51,0.0,92.4,59.0,92.4
Contributor identity,Neutral,90,62,importance,The sustainability of open source projects,4.49,3.3,92.2,63.3,88.9
Contributor identity,Disagree,81,62,importance,The sustainability of open source projects,4.58,0.0,92.6,65.4,92.6
Contributor identity,Strongly disagree,79,62,importance,The sustainability of open source projects,4.62,1.3,94.9,69.6,93.7
Contributor identity,Strongly agree,76,62,importance,The sustainability of open source projects,4.72,1.3,94.7,78.9,93.4
Contributor identity,All respondents,431,62,importance,Open source in WordPress,4.51,2.8,92.1,63.1,89.3
Contributor identity,Agree,105,62,importance,Open source in WordPress,4.61,1.9,95.2,69.5,93.3
Contributor identity,Neutral,90,62,importance,Open source in WordPress,4.39,3.3,90.0,54.4,86.7
Contributor identity,Disagree,81,62,importance,Open source in WordPress,4.47,0.0,93.8,53.1,93.8
Contributor identity,Strongly disagree,79,62,importance,Open source in WordPress,4.29,8.9,83.5,59.5,74.7
Contributor identity,Strongly agree,76,62,importance,Open source in WordPress,4.76,0.0,97.4,78.9,97.4
Contributor identity,All respondents,431,62,importance,Open source in AI,3.24,29.2,50.1,27.4,20.9
Contributor identity,Agree,105,62,importance,Open source in AI,3.49,21.9,58.1,29.5,36.2
Contributor identity,Neutral,90,62,importance,Open source in AI,3.33,26.7,52.2,27.8,25.6
Contributor identity,Disagree,81,62,importance,Open source in AI,2.59,49.4,35.8,16.0,-13.6
Contributor identity,Strongly disagree,79,62,importance,Open source in AI,2.85,36.7,34.2,22.8,-2.5
Contributor identity,Strongly agree,76,62,importance,Open source in AI,3.89,13.2,68.4,40.8,55.3
Contributor identity,All respondents,431,67,sentiment,"Right now, how do you generally feel about AI in the tech industry?",2.6,46.2,31.1,10.0,-15.1
Contributor identity,Agree,105,67,sentiment,"Right now, how do you generally feel about AI in the tech industry?",2.97,32.4,40.0,9.5,7.6
Contributor identity,Neutral,90,67,sentiment,"Right now, how do you generally feel about AI in the tech industry?",2.73,41.1,30.0,15.6,-11.1
Contributor identity,Disagree,81,67,sentiment,"Right now, how do you generally feel about AI in the tech industry?",2.01,64.2,18.5,1.2,-45.7
Contributor identity,Strongly disagree,79,67,sentiment,"Right now, how do you generally feel about AI in the tech industry?",1.92,70.9,17.7,5.1,-53.2
Contributor identity,Strongly agree,76,67,sentiment,"Right now, how do you generally feel about AI in the tech industry?",3.28,26.3,47.4,18.4,21.1
Contributor identity,All respondents,431,68,sentiment,"Right now, how do you generally feel about AI in WordPress?",2.35,49.9,16.9,3.9,-32.9
Contributor identity,Agree,105,68,sentiment,"Right now, how do you generally feel about AI in WordPress?",2.68,40.0,22.9,4.8,-17.1
Contributor identity,Neutral,90,68,sentiment,"Right now, how do you generally feel about AI in WordPress?",2.51,42.2,21.1,5.6,-21.1
Contributor identity,Disagree,81,68,sentiment,"Right now, how do you generally feel about AI in WordPress?",1.78,70.4,3.7,0.0,-66.7
Contributor identity,Strongly disagree,79,68,sentiment,"Right now, how do you generally feel about AI in WordPress?",1.65,73.4,2.5,0.0,-70.9
Contributor identity,Strongly agree,76,68,sentiment,"Right now, how do you generally feel about AI in WordPress?",3.03,26.3,32.9,9.2,6.6
Contributor identity,All respondents,431,69,sentiment,"Right now, how do you generally feel about AI in web development (vibe coding, agentic development, etc.)?",2.7,44.8,34.6,12.5,-10.2
Contributor identity,Agree,105,69,sentiment,"Right now, how do you generally feel about AI in web development (vibe coding, agentic development, etc.)?",3.17,33.3,47.6,19.0,14.3
Contributor identity,Neutral,90,69,sentiment,"Right now, how do you generally feel about AI in web development (vibe coding, agentic development, etc.)?",2.83,38.9,33.3,15.6,-5.6
Contributor identity,Disagree,81,69,sentiment,"Right now, how do you generally feel about AI in web development (vibe coding, agentic development, etc.)?",2.15,56.8,19.8,2.5,-37.0
Contributor identity,Strongly disagree,79,69,sentiment,"Right now, how do you generally feel about AI in web development (vibe coding, agentic development, etc.)?",1.92,70.9,19.0,5.1,-51.9
Contributor identity,Strongly agree,76,69,sentiment,"Right now, how do you generally feel about AI in web development (vibe coding, agentic development, etc.)?",3.28,27.6,50.0,18.4,22.4
Community membership,All respondents,431,19,agreement,I consider myself to be a contributor to the WordPress open source project.,3.04,37.1,42.0,17.6,4.9
Community membership,Agree,166,19,agreement,I consider myself to be a contributor to the WordPress open source project.,2.92,37.3,36.1,3.6,-1.2
Community membership,Strongly agree,142,19,agreement,I consider myself to be a contributor to the WordPress open source project.,4.1,8.5,76.1,47.2,67.6
Community membership,Neutral,70,19,agreement,I consider myself to be a contributor to the WordPress open source project.,2.37,55.7,17.1,4.3,-38.6
Community membership,Disagree,36,19,agreement,I consider myself to be a contributor to the WordPress open source project.,1.69,83.3,2.8,0.0,-80.6
Community membership,Strongly disagree,17,19,agreement,I consider myself to be a contributor to the WordPress open source project.,1.06,100.0,0.0,0.0,-100.0
Community membership,All respondents,431,28,sentiment,"Right now, how do you feel overall about the WordPress open source project?",2.87,38.1,32.7,4.6,-5.3
Community membership,Agree,166,28,sentiment,"Right now, how do you feel overall about the WordPress open source project?",2.86,39.2,31.9,4.8,-7.2
Community membership,Strongly agree,142,28,sentiment,"Right now, how do you feel overall about the WordPress open source project?",3.25,22.5,46.5,6.3,23.9
Community membership,Neutral,70,28,sentiment,"Right now, how do you feel overall about the WordPress open source project?",2.51,52.9,20.0,2.9,-32.9
Community membership,Disagree,36,28,sentiment,"Right now, how do you feel overall about the WordPress open source project?",2.5,50.0,19.4,2.8,-30.6
Community membership,Strongly disagree,17,28,sentiment,"Right now, how do you feel overall about the WordPress open source project?",2.06,70.6,5.9,0.0,-64.7
Community membership,All respondents,431,31,sentiment,How do you feel about the future of the WordPress open source project?,2.8,39.0,24.4,5.1,-14.6
Community membership,Agree,166,31,sentiment,How do you feel about the future of the WordPress open source project?,2.71,41.0,18.7,4.2,-22.3
Community membership,Strongly agree,142,31,sentiment,How do you feel about the future of the WordPress open source project?,3.23,22.5,42.3,8.5,19.7
Community membership,Neutral,70,31,sentiment,How do you feel about the future of the WordPress open source project?,2.53,50.0,15.7,2.9,-34.3
Community membership,Disagree,36,31,sentiment,How do you feel about the future of the WordPress open source project?,2.44,55.6,8.3,2.8,-47.2
Community membership,Strongly disagree,17,31,sentiment,How do you feel about the future of the WordPress open source project?,1.88,76.5,0.0,0.0,-76.5
Community membership,All respondents,431,34,importance,WordPress open source software,4.58,1.4,94.0,65.4,92.6
Community membership,Agree,166,34,importance,WordPress open source software,4.54,1.2,95.2,59.6,94.0
Community membership,Strongly agree,142,34,importance,WordPress open source software,4.8,0.7,98.6,81.7,97.9
Community membership,Neutral,70,34,importance,WordPress open source software,4.44,0.0,90.0,54.3,90.0
Community membership,Disagree,36,34,importance,WordPress open source software,4.47,2.8,88.9,61.1,86.1
Community membership,Strongly disagree,17,34,importance,WordPress open source software,3.88,11.8,70.6,41.2,58.8
Community membership,All respondents,431,34,importance,The WordPress community,4.13,7.0,80.3,41.8,73.3
Community membership,Agree,166,34,importance,The WordPress community,4.14,2.4,84.3,31.9,81.9
Community membership,Strongly agree,142,34,importance,The WordPress community,4.7,0.0,100.0,70.4,100.0
Community membership,Neutral,70,34,importance,The WordPress community,3.64,12.9,55.7,25.7,42.9
Community membership,Disagree,36,34,importance,The WordPress community,3.33,27.8,52.8,16.7,25.0
Community membership,Strongly disagree,17,34,importance,The WordPress community,2.88,41.2,35.3,17.6,-5.9
Community membership,All respondents,431,34,importance,WordPress events and meetups,3.26,26.7,50.1,19.5,23.4
Community membership,Agree,166,34,importance,WordPress events and meetups,3.25,20.5,50.0,7.2,29.5
Community membership,Strongly agree,142,34,importance,WordPress events and meetups,4.18,7.0,81.0,47.2,73.9
Community membership,Neutral,70,34,importance,WordPress events and meetups,2.51,45.7,20.0,5.7,-25.7
Community membership,Disagree,36,34,importance,WordPress events and meetups,1.89,72.2,8.3,2.8,-63.9
Community membership,Strongly disagree,17,34,importance,WordPress events and meetups,1.59,76.5,5.9,0.0,-70.6
Community membership,All respondents,431,34,importance,Contributing to WordPress,3.31,18.8,45.7,13.9,26.9
Community membership,Agree,166,34,importance,Contributing to WordPress,3.25,15.1,44.0,3.0,28.9
Community membership,Strongly agree,142,34,importance,Contributing to WordPress,4.01,6.3,72.5,35.9,66.2
Community membership,Neutral,70,34,importance,Contributing to WordPress,2.81,27.1,20.0,4.3,-7.1
Community membership,Disagree,36,34,importance,Contributing to WordPress,2.39,47.2,13.9,0.0,-33.3
Community membership,Strongly disagree,17,34,importance,Contributing to WordPress,2.0,64.7,11.8,5.9,-52.9
Community membership,All respondents,431,34,importance,Open source values,4.48,2.6,90.7,61.9,88.2
Community membership,Agree,166,34,importance,Open source values,4.46,1.2,92.2,56.0,91.0
Community membership,Strongly agree,142,34,importance,Open source values,4.61,2.1,92.3,72.5,90.1
Community membership,Neutral,70,34,importance,Open source values,4.43,4.3,88.6,60.0,84.3
Community membership,Disagree,36,34,importance,Open source values,4.36,2.8,86.1,55.6,83.3
Community membership,Strongly disagree,17,34,importance,Open source values,4.12,11.8,82.4,52.9,70.6
Community membership,All respondents,431,34,importance,AI in WordPress,2.47,52.7,29.0,12.8,-23.7
Community membership,Agree,166,34,importance,AI in WordPress,2.36,56.6,24.1,9.6,-32.5
Community membership,Strongly agree,142,34,importance,AI in WordPress,3.21,30.3,49.3,21.1,19.0
Community membership,Neutral,70,34,importance,AI in WordPress,1.91,68.6,14.3,8.6,-54.3
Community membership,Disagree,36,34,importance,AI in WordPress,1.69,77.8,13.9,8.3,-63.9
Community membership,Strongly disagree,17,34,importance,AI in WordPress,1.35,82.4,0.0,0.0,-82.4
Community membership,All respondents,431,34,importance,Security in WordPress,4.68,1.4,95.1,75.6,93.7
Community membership,Agree,166,34,importance,Security in WordPress,4.7,0.0,97.0,72.9,97.0
Community membership,Strongly agree,142,34,importance,Security in WordPress,4.71,0.7,95.1,77.5,94.4
Community membership,Neutral,70,34,importance,Security in WordPress,4.71,1.4,95.7,78.6,94.3
Community membership,Disagree,36,34,importance,Security in WordPress,4.75,2.8,97.2,80.6,94.4
Community membership,Strongly disagree,17,34,importance,Security in WordPress,4.0,17.6,70.6,64.7,52.9
Community membership,All respondents,431,34,importance,Web standards and compliance,4.57,1.6,93.7,65.9,92.1
Community membership,Agree,166,34,importance,Web standards and compliance,4.63,0.0,96.4,66.9,96.4
Community membership,Strongly agree,142,34,importance,Web standards and compliance,4.53,2.1,93.7,62.0,91.5
Community membership,Neutral,70,34,importance,Web standards and compliance,4.56,1.4,92.9,65.7,91.4
Community membership,Disagree,36,34,importance,Web standards and compliance,4.72,0.0,94.4,77.8,94.4
Community membership,Strongly disagree,17,34,importance,Web standards and compliance,4.0,17.6,70.6,64.7,52.9
Community membership,All respondents,431,34,importance,WordPress leadership,4.04,8.1,73.8,43.4,65.7
Community membership,Agree,166,34,importance,WordPress leadership,4.08,6.6,75.9,42.8,69.3
Community membership,Strongly agree,142,34,importance,WordPress leadership,4.14,8.5,79.6,47.2,71.1
Community membership,Neutral,70,34,importance,WordPress leadership,3.9,10.0,62.9,42.9,52.9
Community membership,Disagree,36,34,importance,WordPress leadership,3.92,5.6,69.4,33.3,63.9
Community membership,Strongly disagree,17,34,importance,WordPress leadership,3.65,17.6,58.8,41.2,41.2
Community membership,All respondents,431,34,importance,WordPress governance,4.17,5.8,76.6,50.8,70.8
Community membership,Agree,166,34,importance,WordPress governance,4.29,4.2,83.1,53.0,78.9
Community membership,Strongly agree,142,34,importance,WordPress governance,4.22,4.2,76.8,52.8,72.5
Community membership,Neutral,70,34,importance,WordPress governance,4.0,8.6,68.6,47.1,60.0
Community membership,Disagree,36,34,importance,WordPress governance,3.97,8.3,69.4,41.7,61.1
Community membership,Strongly disagree,17,34,importance,WordPress governance,3.71,17.6,58.8,47.1,41.2
Community membership,All respondents,431,34,importance,"Business issues (mergers & acquisitions, product ecosystem, private equity investment, etc.)",3.14,25.5,41.5,12.5,16.0
Community membership,Agree,166,34,importance,"Business issues (mergers & acquisitions, product ecosystem, private equity investment, etc.)",3.2,24.1,44.0,11.4,19.9
Community membership,Strongly agree,142,34,importance,"Business issues (mergers & acquisitions, product ecosystem, private equity investment, etc.)",3.35,19.0,48.6,14.1,29.6
Community membership,Neutral,70,34,importance,"Business issues (mergers & acquisitions, product ecosystem, private equity investment, etc.)",2.94,30.0,34.3,10.0,4.3
Community membership,Disagree,36,34,importance,"Business issues (mergers & acquisitions, product ecosystem, private equity investment, etc.)",2.92,30.6,30.6,16.7,0.0
Community membership,Strongly disagree,17,34,importance,"Business issues (mergers & acquisitions, product ecosystem, private equity investment, etc.)",2.06,64.7,11.8,11.8,-52.9
Community membership,All respondents,431,34,importance,Enterprise/scale issues,3.13,24.8,40.1,11.1,15.3
Community membership,Agree,166,34,importance,Enterprise/scale issues,3.13,25.3,42.2,8.4,16.9
Community membership,Strongly agree,142,34,importance,Enterprise/scale issues,3.42,15.5,50.0,16.2,34.5
Community membership,Neutral,70,34,importance,Enterprise/scale issues,2.89,27.1,22.9,5.7,-4.3
Community membership,Disagree,36,34,importance,Enterprise/scale issues,2.78,44.4,38.9,13.9,-5.6
Community membership,Strongly disagree,17,34,importance,Enterprise/scale issues,2.35,47.1,11.8,11.8,-35.3
Community membership,All respondents,431,34,importance,Collaboration with the greater open source ecosystem,3.82,8.8,67.7,26.0,58.9
Community membership,Agree,166,34,importance,Collaboration with the greater open source ecosystem,3.93,5.4,74.1,24.7,68.7
Community membership,Strongly agree,142,34,importance,Collaboration with the greater open source ecosystem,3.83,8.5,66.2,28.2,57.7
Community membership,Neutral,70,34,importance,Collaboration with the greater open source ecosystem,3.7,10.0,62.9,20.0,52.9
Community membership,Disagree,36,34,importance,Collaboration with the greater open source ecosystem,3.69,16.7,61.1,33.3,44.4
Community membership,Strongly disagree,17,34,importance,Collaboration with the greater open source ecosystem,3.35,23.5,52.9,29.4,29.4
Community membership,All respondents,431,38,importance,Personal capacity,4.22,3.7,82.8,44.5,79.1
Community membership,Agree,166,38,importance,Personal capacity,4.22,2.4,84.9,40.4,82.5
Community membership,Strongly agree,142,38,importance,Personal capacity,4.28,3.5,85.2,47.2,81.7
Community membership,Neutral,70,38,importance,Personal capacity,4.19,4.3,80.0,47.1,75.7
Community membership,Disagree,36,38,importance,Personal capacity,4.17,8.3,77.8,50.0,69.4
Community membership,Strongly disagree,17,38,importance,Personal capacity,3.94,5.9,64.7,41.2,58.8
Community membership,All respondents,431,38,importance,Financial incentives/restraints,3.05,27.4,33.6,11.8,6.3
Community membership,Agree,166,38,importance,Financial incentives/restraints,3.01,25.3,30.1,7.8,4.8
Community membership,Strongly agree,142,38,importance,Financial incentives/restraints,3.18,23.9,40.8,13.4,16.9
Community membership,Neutral,70,38,importance,Financial incentives/restraints,3.09,25.7,31.4,15.7,5.7
Community membership,Disagree,36,38,importance,Financial incentives/restraints,2.58,55.6,25.0,13.9,-30.6
Community membership,Strongly disagree,17,38,importance,Financial incentives/restraints,3.18,23.5,35.3,17.6,11.8
Community membership,All respondents,431,38,importance,Impact of my contributions to the project,3.4,14.4,47.8,12.8,33.4
Community membership,Agree,166,38,importance,Impact of my contributions to the project,3.25,16.9,39.2,6.6,22.3
Community membership,Strongly agree,142,38,importance,Impact of my contributions to the project,3.65,11.3,59.9,20.4,48.6
Community membership,Neutral,70,38,importance,Impact of my contributions to the project,3.47,10.0,50.0,14.3,40.0
Community membership,Disagree,36,38,importance,Impact of my contributions to the project,3.36,13.9,50.0,11.1,36.1
Community membership,Strongly disagree,17,38,importance,Impact of my contributions to the project,2.65,35.3,17.6,5.9,-17.6
Community membership,All respondents,431,38,importance,Impact of my participation on my professional or personal life,3.6,9.5,58.5,15.3,49.0
Community membership,Agree,166,38,importance,Impact of my participation on my professional or personal life,3.6,7.2,57.2,12.7,50.0
Community membership,Strongly agree,142,38,importance,Impact of my participation on my professional or personal life,3.75,9.2,67.6,18.3,58.5
Community membership,Neutral,70,38,importance,Impact of my participation on my professional or personal life,3.46,11.4,48.6,17.1,37.1
Community membership,Disagree,36,38,importance,Impact of my participation on my professional or personal life,3.56,8.3,58.3,11.1,50.0
Community membership,Strongly disagree,17,38,importance,Impact of my participation on my professional or personal life,3.0,29.4,35.3,17.6,5.9
Community membership,All respondents,431,38,importance,Understanding how to participate,3.59,10.7,59.6,16.2,49.0
Community membership,Agree,166,38,importance,Understanding how to participate,3.68,6.6,65.1,13.3,58.4
Community membership,Strongly agree,142,38,importance,Understanding how to participate,3.56,12.0,57.7,16.9,45.8
Community membership,Neutral,70,38,importance,Understanding how to participate,3.51,12.9,52.9,20.0,40.0
Community membership,Disagree,36,38,importance,Understanding how to participate,3.61,13.9,63.9,16.7,50.0
Community membership,Strongly disagree,17,38,importance,Understanding how to participate,3.24,23.5,41.2,23.5,17.6
Community membership,All respondents,431,38,importance,Mentorship or guidance,3.08,23.9,33.4,7.4,9.5
Community membership,Agree,166,38,importance,Mentorship or guidance,3.09,24.7,34.3,6.0,9.6
Community membership,Strongly agree,142,38,importance,Mentorship or guidance,3.13,21.1,36.6,8.5,15.5
Community membership,Neutral,70,38,importance,Mentorship or guidance,3.13,20.0,31.4,10.0,11.4
Community membership,Disagree,36,38,importance,Mentorship or guidance,2.92,33.3,30.6,8.3,-2.8
Community membership,Strongly disagree,17,38,importance,Mentorship or guidance,2.59,35.3,11.8,0.0,-23.5
Community membership,All respondents,431,38,importance,Project roadmap,3.43,17.2,51.7,14.2,34.6
Community membership,Agree,166,38,importance,Project roadmap,3.31,19.3,49.4,8.4,30.1
Community membership,Strongly agree,142,38,importance,Project roadmap,3.58,13.4,57.0,16.9,43.7
Community membership,Neutral,70,38,importance,Project roadmap,3.46,18.6,48.6,21.4,30.0
Community membership,Disagree,36,38,importance,Project roadmap,3.31,19.4,47.2,13.9,27.8
Community membership,Strongly disagree,17,38,importance,Project roadmap,3.35,17.6,52.9,17.6,35.3
Community membership,All respondents,431,38,importance,Project leadership,3.83,12.5,67.3,32.7,54.8
Community membership,Agree,166,38,importance,Project leadership,3.84,11.4,69.3,30.7,57.8
Community membership,Strongly agree,142,38,importance,Project leadership,3.78,12.7,64.8,28.9,52.1
Community membership,Neutral,70,38,importance,Project leadership,3.83,15.7,65.7,38.6,50.0
Community membership,Disagree,36,38,importance,Project leadership,3.92,11.1,72.2,38.9,61.1
Community membership,Strongly disagree,17,38,importance,Project leadership,3.88,11.8,64.7,47.1,52.9
Community membership,All respondents,431,38,importance,Project governance/policies,3.85,10.4,66.4,32.7,55.9
Community membership,Agree,166,38,importance,Project governance/policies,3.93,9.0,69.9,34.3,60.8
Community membership,Strongly agree,142,38,importance,Project governance/policies,3.73,12.7,62.0,26.8,49.3
Community membership,Neutral,70,38,importance,Project governance/policies,3.83,10.0,62.9,35.7,52.9
Community membership,Disagree,36,38,importance,Project governance/policies,4.03,8.3,77.8,38.9,69.4
Community membership,Strongly disagree,17,38,importance,Project governance/policies,3.76,11.8,58.8,41.2,47.1
Community membership,All respondents,431,38,importance,"Advocacy on behalf of web standards (accessibility, privacy, etc.)",3.99,7.7,75.6,33.6,68.0
Community membership,Agree,166,38,importance,"Advocacy on behalf of web standards (accessibility, privacy, etc.)",4.01,7.2,74.7,34.3,67.5
Community membership,Strongly agree,142,38,importance,"Advocacy on behalf of web standards (accessibility, privacy, etc.)",3.92,8.5,74.6,27.5,66.2
Community membership,Neutral,70,38,importance,"Advocacy on behalf of web standards (accessibility, privacy, etc.)",4.03,5.7,78.6,32.9,72.9
Community membership,Disagree,36,38,importance,"Advocacy on behalf of web standards (accessibility, privacy, etc.)",4.25,8.3,86.1,52.8,77.8
Community membership,Strongly disagree,17,38,importance,"Advocacy on behalf of web standards (accessibility, privacy, etc.)",3.76,11.8,58.8,41.2,47.1
Community membership,All respondents,431,38,importance,Participation in the WordPress community,3.52,10.0,53.4,15.3,43.4
Community membership,Agree,166,38,importance,Participation in the WordPress community,3.42,9.6,48.8,7.2,39.2
Community membership,Strongly agree,142,38,importance,Participation in the WordPress community,4.18,0.7,85.9,33.8,85.2
Community membership,Neutral,70,38,importance,Participation in the WordPress community,3.04,15.7,25.7,8.6,10.0
Community membership,Disagree,36,38,importance,Participation in the WordPress community,2.81,25.0,19.4,0.0,-5.6
Community membership,Strongly disagree,17,38,importance,Participation in the WordPress community,2.53,35.3,11.8,0.0,-23.5
Community membership,All respondents,431,38,importance,Feeling welcome/included,4.06,5.8,76.3,39.2,70.5
Community membership,Agree,166,38,importance,Feeling welcome/included,4.05,4.8,74.7,36.7,69.9
Community membership,Strongly agree,142,38,importance,Feeling welcome/included,4.32,3.5,88.7,48.6,85.2
Community membership,Neutral,70,38,importance,Feeling welcome/included,3.79,8.6,65.7,28.6,57.1
Community membership,Disagree,36,38,importance,Feeling welcome/included,3.78,11.1,66.7,30.6,55.6
Community membership,Strongly disagree,17,38,importance,Feeling welcome/included,3.82,11.8,52.9,47.1,41.2
Community membership,All respondents,431,38,importance,Participating in a language other than English,2.46,45.2,19.7,6.3,-25.5
Community membership,Agree,166,38,importance,Participating in a language other than English,2.34,48.8,13.3,3.6,-35.5
Community membership,Strongly agree,142,38,importance,Participating in a language other than English,2.82,36.6,33.1,13.4,-3.5
Community membership,Neutral,70,38,importance,Participating in a language other than English,2.44,40.0,14.3,1.4,-25.7
Community membership,Disagree,36,38,importance,Participating in a language other than English,1.67,75.0,8.3,0.0,-66.7
Community membership,Strongly disagree,17,38,importance,Participating in a language other than English,2.41,41.2,17.6,5.9,-23.5
Community membership,All respondents,431,38,importance,Working asynchronously,3.61,11.6,55.5,24.1,43.9
Community membership,Agree,166,38,importance,Working asynchronously,3.54,10.2,50.6,19.3,40.4
Community membership,Strongly agree,142,38,importance,Working asynchronously,3.86,7.7,66.9,30.3,59.2
Community membership,Neutral,70,38,importance,Working asynchronously,3.39,15.7,47.1,20.0,31.4
Community membership,Disagree,36,38,importance,Working asynchronously,3.47,22.2,58.3,25.0,36.1
Community membership,Strongly disagree,17,38,importance,Working asynchronously,3.35,17.6,35.3,35.3,17.6
Community membership,All respondents,431,50,agreement,Attending in-person WordPress-related events is important to me.,3.13,35.3,46.6,21.3,11.4
Community membership,Agree,166,50,agreement,Attending in-person WordPress-related events is important to me.,3.09,30.7,42.8,11.4,12.0
Community membership,Strongly agree,142,50,agreement,Attending in-person WordPress-related events is important to me.,4.17,9.9,81.0,50.7,71.1
Community membership,Neutral,70,50,agreement,Attending in-person WordPress-related events is important to me.,2.17,61.4,15.7,0.0,-45.7
Community membership,Disagree,36,50,agreement,Attending in-person WordPress-related events is important to me.,1.83,83.3,11.1,2.8,-72.2
Community membership,Strongly disagree,17,50,agreement,Attending in-person WordPress-related events is important to me.,1.59,82.4,0.0,0.0,-82.4
Community membership,All respondents,431,57,importance,A location local to you,3.73,13.9,65.9,27.8,52.0
Community membership,Agree,166,57,importance,A location local to you,3.75,14.5,69.9,26.5,55.4
Community membership,Strongly agree,142,57,importance,A location local to you,3.68,14.8,63.4,25.4,48.6
Community membership,Neutral,70,57,importance,A location local to you,3.74,12.9,61.4,34.3,48.6
Community membership,Disagree,36,57,importance,A location local to you,3.83,11.1,66.7,30.6,55.6
Community membership,Strongly disagree,17,57,importance,A location local to you,3.71,11.8,64.7,29.4,52.9
Community membership,All respondents,431,57,importance,A regional/destination location,3.42,16.7,54.3,13.9,37.6
Community membership,Agree,166,57,importance,A regional/destination location,3.43,18.1,57.8,12.7,39.8
Community membership,Strongly agree,142,57,importance,A regional/destination location,3.57,14.1,59.2,19.0,45.1
Community membership,Neutral,70,57,importance,A regional/destination location,3.23,15.7,42.9,10.0,27.1
Community membership,Disagree,36,57,importance,A regional/destination location,3.33,16.7,55.6,8.3,38.9
Community membership,Strongly disagree,17,57,importance,A regional/destination location,2.88,29.4,23.5,11.8,-5.9
Community membership,All respondents,431,57,importance,Events with smaller attendance,2.91,24.8,25.1,3.9,0.2
Community membership,Agree,166,57,importance,Events with smaller attendance,2.92,25.3,27.1,3.0,1.8
Community membership,Strongly agree,142,57,importance,Events with smaller attendance,2.77,28.9,19.0,2.1,-9.9
Community membership,Neutral,70,57,importance,Events with smaller attendance,2.91,21.4,21.4,4.3,0.0
Community membership,Disagree,36,57,importance,Events with smaller attendance,3.28,11.1,36.1,8.3,25.0
Community membership,Strongly disagree,17,57,importance,Events with smaller attendance,3.18,29.4,47.1,17.6,17.6
Community membership,All respondents,431,57,importance,Events with larger attendance,2.72,31.6,16.9,2.8,-14.6
Community membership,Agree,166,57,importance,Events with larger attendance,2.7,31.9,15.1,2.4,-16.9
Community membership,Strongly agree,142,57,importance,Events with larger attendance,2.96,22.5,25.4,3.5,2.8
Community membership,Neutral,70,57,importance,Events with larger attendance,2.47,40.0,7.1,1.4,-32.9
Community membership,Disagree,36,57,importance,Events with larger attendance,2.58,38.9,13.9,0.0,-25.0
Community membership,Strongly disagree,17,57,importance,Events with larger attendance,2.29,52.9,11.8,11.8,-41.2
Community membership,All respondents,431,57,importance,"Hard skill development (technical instruction, workshops, etc.)",3.37,18.1,52.9,11.8,34.8
Community membership,Agree,166,57,importance,"Hard skill development (technical instruction, workshops, etc.)",3.42,15.7,55.4,10.8,39.8
Community membership,Strongly agree,142,57,importance,"Hard skill development (technical instruction, workshops, etc.)",3.27,23.9,46.5,13.4,22.5
Community membership,Neutral,70,57,importance,"Hard skill development (technical instruction, workshops, etc.)",3.44,11.4,57.1,8.6,45.7
Community membership,Disagree,36,57,importance,"Hard skill development (technical instruction, workshops, etc.)",3.42,19.4,58.3,13.9,38.9
Community membership,Strongly disagree,17,57,importance,"Hard skill development (technical instruction, workshops, etc.)",3.35,17.6,52.9,17.6,35.3
Community membership,All respondents,431,57,importance,"Soft skill development (business development, personal development, etc.)",3.08,24.8,38.5,6.7,13.7
Community membership,Agree,166,57,importance,"Soft skill development (business development, personal development, etc.)",3.06,25.9,38.6,5.4,12.7
Community membership,Strongly agree,142,57,importance,"Soft skill development (business development, personal development, etc.)",3.19,22.5,43.7,8.5,21.1
Community membership,Neutral,70,57,importance,"Soft skill development (business development, personal development, etc.)",3.13,18.6,35.7,5.7,17.1
Community membership,Disagree,36,57,importance,"Soft skill development (business development, personal development, etc.)",2.89,30.6,33.3,5.6,2.8
Community membership,Strongly disagree,17,57,importance,"Soft skill development (business development, personal development, etc.)",2.53,47.1,17.6,11.8,-29.4
Community membership,All respondents,431,57,importance,Topics of sessions / panels,3.69,11.1,67.3,18.6,56.1
Community membership,Agree,166,57,importance,Topics of sessions / panels,3.84,7.8,74.1,21.1,66.3
Community membership,Strongly agree,142,57,importance,Topics of sessions / panels,3.53,14.1,59.9,12.7,45.8
Community membership,Neutral,70,57,importance,Topics of sessions / panels,3.63,11.4,62.9,21.4,51.4
Community membership,Disagree,36,57,importance,Topics of sessions / panels,3.78,11.1,75.0,19.4,63.9
Community membership,Strongly disagree,17,57,importance,Topics of sessions / panels,3.59,17.6,64.7,29.4,47.1
Community membership,All respondents,431,57,importance,Particular speakers / keynotes,3.14,21.8,38.7,7.7,16.9
Community membership,Agree,166,57,importance,Particular speakers / keynotes,3.12,21.7,38.0,7.2,16.3
Community membership,Strongly agree,142,57,importance,Particular speakers / keynotes,3.25,18.3,44.4,5.6,26.1
Community membership,Neutral,70,57,importance,Particular speakers / keynotes,3.19,20.0,40.0,10.0,20.0
Community membership,Disagree,36,57,importance,Particular speakers / keynotes,3.0,27.8,30.6,11.1,2.8
Community membership,Strongly disagree,17,57,importance,Particular speakers / keynotes,2.47,47.1,11.8,11.8,-35.3
Community membership,All respondents,431,57,importance,Meeting professional development requirements,2.83,32.0,28.8,7.0,-3.2
Community membership,Agree,166,57,importance,Meeting professional development requirements,2.66,35.5,22.3,4.8,-13.3
Community membership,Strongly agree,142,57,importance,Meeting professional development requirements,3.05,26.1,36.6,9.2,10.6
Community membership,Neutral,70,57,importance,Meeting professional development requirements,2.74,31.4,24.3,2.9,-7.1
Community membership,Disagree,36,57,importance,Meeting professional development requirements,2.86,38.9,33.3,11.1,-5.6
Community membership,Strongly disagree,17,57,importance,Meeting professional development requirements,2.88,35.3,35.3,17.6,0.0
Community membership,All respondents,431,57,importance,Networking opportunities,3.65,14.2,60.6,25.1,46.4
Community membership,Agree,166,57,importance,Networking opportunities,3.54,14.5,56.0,18.7,41.6
Community membership,Strongly agree,142,57,importance,Networking opportunities,4.13,4.9,79.6,39.4,74.6
Community membership,Neutral,70,57,importance,Networking opportunities,3.3,20.0,45.7,15.7,25.7
Community membership,Disagree,36,57,importance,Networking opportunities,3.22,25.0,47.2,16.7,22.2
Community membership,Strongly disagree,17,57,importance,Networking opportunities,3.0,41.2,35.3,23.5,-5.9
Community membership,All respondents,431,57,importance,Community development/engagement,3.61,11.8,61.5,18.3,49.7
Community membership,Agree,166,57,importance,Community development/engagement,3.48,12.7,56.0,11.4,43.4
Community membership,Strongly agree,142,57,importance,Community development/engagement,4.15,1.4,83.1,35.2,81.7
Community membership,Neutral,70,57,importance,Community development/engagement,3.3,20.0,50.0,10.0,30.0
Community membership,Disagree,36,57,importance,Community development/engagement,3.0,25.0,38.9,2.8,13.9
Community membership,Strongly disagree,17,57,importance,Community development/engagement,2.94,29.4,29.4,11.8,0.0
Community membership,All respondents,431,57,importance,Cost of ticket,3.44,19.5,54.5,17.6,35.0
Community membership,Agree,166,57,importance,Cost of ticket,3.55,13.9,60.2,13.9,46.4
Community membership,Strongly agree,142,57,importance,Cost of ticket,3.19,28.2,45.1,13.4,16.9
Community membership,Neutral,70,57,importance,Cost of ticket,3.53,18.6,55.7,25.7,37.1
Community membership,Disagree,36,57,importance,Cost of ticket,3.61,13.9,58.3,25.0,44.4
Community membership,Strongly disagree,17,57,importance,Cost of ticket,3.71,17.6,64.7,41.2,47.1
Community membership,All respondents,431,57,importance,"Cost of attendance (travel, housing, etc.)",3.9,11.4,72.4,34.3,61.0
Community membership,Agree,166,57,importance,"Cost of attendance (travel, housing, etc.)",3.98,7.2,78.3,31.3,71.1
Community membership,Strongly agree,142,57,importance,"Cost of attendance (travel, housing, etc.)",3.83,14.1,69.0,31.7,54.9
Community membership,Neutral,70,57,importance,"Cost of attendance (travel, housing, etc.)",3.81,14.3,64.3,40.0,50.0
Community membership,Disagree,36,57,importance,"Cost of attendance (travel, housing, etc.)",4.03,11.1,77.8,41.7,66.7
Community membership,Strongly disagree,17,57,importance,"Cost of attendance (travel, housing, etc.)",3.82,17.6,64.7,47.1,47.1
Community membership,All respondents,431,59,sentiment,"Right now, how do you generally feel about open source software?",4.16,3.9,81.7,39.4,77.7
Community membership,Agree,166,59,sentiment,"Right now, how do you generally feel about open source software?",4.07,5.4,80.1,33.7,74.7
Community membership,Strongly agree,142,59,sentiment,"Right now, how do you generally feel about open source software?",4.37,0.7,88.0,50.0,87.3
Community membership,Neutral,70,59,sentiment,"Right now, how do you generally feel about open source software?",3.97,4.3,72.9,30.0,68.6
Community membership,Disagree,36,59,sentiment,"Right now, how do you generally feel about open source software?",4.19,5.6,83.3,41.7,77.8
Community membership,Strongly disagree,17,59,sentiment,"Right now, how do you generally feel about open source software?",4.0,11.8,76.5,41.2,64.7
Community membership,All respondents,431,62,importance,Open source software,4.59,1.2,93.5,68.0,92.3
Community membership,Agree,166,62,importance,Open source software,4.6,0.6,94.0,66.3,93.4
Community membership,Strongly agree,142,62,importance,Open source software,4.7,1.4,97.9,75.4,96.5
Community membership,Neutral,70,62,importance,Open source software,4.41,1.4,88.6,55.7,87.1
Community membership,Disagree,36,62,importance,Open source software,4.67,0.0,91.7,75.0,91.7
Community membership,Strongly disagree,17,62,importance,Open source software,4.24,5.9,76.5,58.8,70.6
Community membership,All respondents,431,62,importance,Open source values (whatever that means to you)required,4.51,3.2,91.9,64.3,88.6
Community membership,Agree,166,62,importance,Open source values (whatever that means to you)required,4.54,1.8,92.2,63.3,90.4
Community membership,Strongly agree,142,62,importance,Open source values (whatever that means to you)required,4.58,3.5,93.7,69.7,90.1
Community membership,Neutral,70,62,importance,Open source values (whatever that means to you)required,4.39,4.3,88.6,57.1,84.3
Community membership,Disagree,36,62,importance,Open source values (whatever that means to you)required,4.53,2.8,94.4,61.1,91.7
Community membership,Strongly disagree,17,62,importance,Open source values (whatever that means to you)required,4.24,11.8,82.4,64.7,70.6
Community membership,All respondents,431,62,importance,The sustainability of open source projects,4.58,1.2,93.3,66.6,92.1
Community membership,Agree,166,62,importance,The sustainability of open source projects,4.59,0.6,94.0,66.3,93.4
Community membership,Strongly agree,142,62,importance,The sustainability of open source projects,4.61,1.4,93.7,69.0,92.3
Community membership,Neutral,70,62,importance,The sustainability of open source projects,4.53,1.4,92.9,62.9,91.4
Community membership,Disagree,36,62,importance,The sustainability of open source projects,4.53,0.0,91.7,61.1,91.7
Community membership,Strongly disagree,17,62,importance,The sustainability of open source projects,4.53,5.9,88.2,76.5,82.4
Community membership,All respondents,431,62,importance,Open source in WordPress,4.51,2.8,92.1,63.1,89.3
Community membership,Agree,166,62,importance,Open source in WordPress,4.51,1.2,94.0,59.0,92.8
Community membership,Strongly agree,142,62,importance,Open source in WordPress,4.69,0.7,96.5,73.9,95.8
Community membership,Neutral,70,62,importance,Open source in WordPress,4.34,4.3,87.1,54.3,82.9
Community membership,Disagree,36,62,importance,Open source in WordPress,4.42,5.6,88.9,58.3,83.3
Community membership,Strongly disagree,17,62,importance,Open source in WordPress,3.82,23.5,64.7,58.8,41.2
Community membership,All respondents,431,62,importance,Open source in AI,3.24,29.2,50.1,27.4,20.9
Community membership,Agree,166,62,importance,Open source in AI,3.1,33.7,46.4,25.9,12.7
Community membership,Strongly agree,142,62,importance,Open source in AI,3.9,12.0,69.7,38.7,57.7
Community membership,Neutral,70,62,importance,Open source in AI,2.7,44.3,35.7,15.7,-8.6
Community membership,Disagree,36,62,importance,Open source in AI,2.69,41.7,33.3,19.4,-8.3
Community membership,Strongly disagree,17,62,importance,Open source in AI,2.47,41.2,17.6,11.8,-23.5
Community membership,All respondents,431,67,sentiment,"Right now, how do you generally feel about AI in the tech industry?",2.6,46.2,31.1,10.0,-15.1
Community membership,Agree,166,67,sentiment,"Right now, how do you generally feel about AI in the tech industry?",2.4,51.2,24.7,4.2,-26.5
Community membership,Strongly agree,142,67,sentiment,"Right now, how do you generally feel about AI in the tech industry?",3.39,21.8,51.4,19.0,29.6
Community membership,Neutral,70,67,sentiment,"Right now, how do you generally feel about AI in the tech industry?",1.96,65.7,12.9,5.7,-52.9
Community membership,Disagree,36,67,sentiment,"Right now, how do you generally feel about AI in the tech industry?",2.03,69.4,22.2,11.1,-47.2
Community membership,Strongly disagree,17,67,sentiment,"Right now, how do you generally feel about AI in the tech industry?",1.88,70.6,17.6,5.9,-52.9
Community membership,All respondents,431,68,sentiment,"Right now, how do you generally feel about AI in WordPress?",2.35,49.9,16.9,3.9,-32.9
Community membership,Agree,166,68,sentiment,"Right now, how do you generally feel about AI in WordPress?",2.24,53.6,13.3,2.4,-40.4
Community membership,Strongly agree,142,68,sentiment,"Right now, how do you generally feel about AI in WordPress?",3.06,26.1,33.8,8.5,7.7
Community membership,Neutral,70,68,sentiment,"Right now, how do you generally feel about AI in WordPress?",1.76,67.1,4.3,1.4,-62.9
Community membership,Disagree,36,68,sentiment,"Right now, how do you generally feel about AI in WordPress?",1.58,77.8,0.0,0.0,-77.8
Community membership,Strongly disagree,17,68,sentiment,"Right now, how do you generally feel about AI in WordPress?",1.41,82.4,0.0,0.0,-82.4
Community membership,All respondents,431,69,sentiment,"Right now, how do you generally feel about AI in web development (vibe coding, agentic development, etc.)?",2.7,44.8,34.6,12.5,-10.2
Community membership,Agree,166,69,sentiment,"Right now, how do you generally feel about AI in web development (vibe coding, agentic development, etc.)?",2.57,47.0,31.3,7.8,-15.7
Community membership,Strongly agree,142,69,sentiment,"Right now, how do you generally feel about AI in web development (vibe coding, agentic development, etc.)?",3.45,21.8,52.8,22.5,31.0
Community membership,Neutral,70,69,sentiment,"Right now, how do you generally feel about AI in web development (vibe coding, agentic development, etc.)?",2.04,67.1,18.6,5.7,-48.6
Community membership,Disagree,36,69,sentiment,"Right now, how do you generally feel about AI in web development (vibe coding, agentic development, etc.)?",2.06,69.4,22.2,11.1,-47.2
Community membership,Strongly disagree,17,69,sentiment,"Right now, how do you generally feel about AI in web development (vibe coding, agentic development, etc.)?",1.71,70.6,5.9,5.9,-64.7
Uses AI at work,All respondents,431,19,agreement,I consider myself to be a contributor to the WordPress open source project.,3.04,37.1,42.0,17.6,4.9
Uses AI at work,Uses AI,308,19,agreement,I consider myself to be a contributor to the WordPress open source project.,3.31,27.3,50.0,21.4,22.7
Uses AI at work,Does not use AI,123,19,agreement,I consider myself to be a contributor to the WordPress open source project.,2.37,61.8,22.0,8.1,-39.8
Uses AI at work,All respondents,431,22,agreement,I consider myself to be a member of the WordPress community.,3.88,12.3,71.5,32.9,59.2
Uses AI at work,Uses AI,308,22,agreement,I consider myself to be a member of the WordPress community.,4.1,8.8,79.5,41.2,70.8
Uses AI at work,Does not use AI,123,22,agreement,I consider myself to be a member of the WordPress community.,3.34,21.1,51.2,12.2,30.1
Uses AI at work,All respondents,431,28,sentiment,"Right now, how do you feel overall about the WordPress open source project?",2.87,38.1,32.7,4.6,-5.3
Uses AI at work,Uses AI,308,28,sentiment,"Right now, how do you feel overall about the WordPress open source project?",3.02,31.5,37.3,5.8,5.8
Uses AI at work,Does not use AI,123,28,sentiment,"Right now, how do you feel overall about the WordPress open source project?",2.49,54.5,21.1,1.6,-33.3
Uses AI at work,All respondents,431,31,sentiment,How do you feel about the future of the WordPress open source project?,2.8,39.0,24.4,5.1,-14.6
Uses AI at work,Uses AI,308,31,sentiment,How do you feel about the future of the WordPress open source project?,2.99,31.2,30.5,6.8,-0.6
Uses AI at work,Does not use AI,123,31,sentiment,How do you feel about the future of the WordPress open source project?,2.3,58.5,8.9,0.8,-49.6
Uses AI at work,All respondents,431,34,importance,WordPress open source software,4.58,1.4,94.0,65.4,92.6
Uses AI at work,Uses AI,308,34,importance,WordPress open source software,4.58,1.3,94.2,65.9,92.9
Uses AI at work,Does not use AI,123,34,importance,WordPress open source software,4.55,1.6,93.5,64.2,91.9
Uses AI at work,All respondents,431,34,importance,The WordPress community,4.13,7.0,80.3,41.8,73.3
Uses AI at work,Uses AI,308,34,importance,The WordPress community,4.25,6.8,84.4,49.7,77.6
Uses AI at work,Does not use AI,123,34,importance,The WordPress community,3.83,7.3,69.9,22.0,62.6
Uses AI at work,All respondents,431,34,importance,WordPress events and meetups,3.26,26.7,50.1,19.5,23.4
Uses AI at work,Uses AI,308,34,importance,WordPress events and meetups,3.56,19.5,61.0,25.0,41.6
Uses AI at work,Does not use AI,123,34,importance,WordPress events and meetups,2.51,44.7,22.8,5.7,-22.0
Uses AI at work,All respondents,431,34,importance,Contributing to WordPress,3.31,18.8,45.7,13.9,26.9
Uses AI at work,Uses AI,308,34,importance,Contributing to WordPress,3.44,16.6,51.0,17.5,34.4
Uses AI at work,Does not use AI,123,34,importance,Contributing to WordPress,2.98,24.4,32.5,4.9,8.1
Uses AI at work,All respondents,431,34,importance,Open source values,4.48,2.6,90.7,61.9,88.2
Uses AI at work,Uses AI,308,34,importance,Open source values,4.43,3.2,89.3,59.4,86.0
Uses AI at work,Does not use AI,123,34,importance,Open source values,4.61,0.8,94.3,68.3,93.5
Uses AI at work,All respondents,431,34,importance,AI in WordPress,2.47,52.7,29.0,12.8,-23.7
Uses AI at work,Uses AI,308,34,importance,AI in WordPress,2.85,40.3,37.0,14.6,-3.2
Uses AI at work,Does not use AI,123,34,importance,AI in WordPress,1.52,83.7,8.9,8.1,-74.8
Uses AI at work,All respondents,431,34,importance,Security in WordPress,4.68,1.4,95.1,75.6,93.7
Uses AI at work,Uses AI,308,34,importance,Security in WordPress,4.65,1.6,94.2,74.0,92.5
Uses AI at work,Does not use AI,123,34,importance,Security in WordPress,4.76,0.8,97.6,79.7,96.7
Uses AI at work,All respondents,431,34,importance,Web standards and compliance,4.57,1.6,93.7,65.9,92.1
Uses AI at work,Uses AI,308,34,importance,Web standards and compliance,4.54,1.9,92.5,64.3,90.6
Uses AI at work,Does not use AI,123,34,importance,Web standards and compliance,4.65,0.8,96.7,69.9,95.9
Uses AI at work,All respondents,431,34,importance,WordPress leadership,4.04,8.1,73.8,43.4,65.7
Uses AI at work,Uses AI,308,34,importance,WordPress leadership,4.12,7.5,76.0,48.4,68.5
Uses AI at work,Does not use AI,123,34,importance,WordPress leadership,3.84,9.8,68.3,30.9,58.5
Uses AI at work,All respondents,431,34,importance,WordPress governance,4.17,5.8,76.6,50.8,70.8
Uses AI at work,Uses AI,308,34,importance,WordPress governance,4.19,5.5,76.9,51.6,71.4
Uses AI at work,Does not use AI,123,34,importance,WordPress governance,4.12,6.5,75.6,48.8,69.1
Uses AI at work,All respondents,431,34,importance,"Business issues (mergers & acquisitions, product ecosystem, private equity investment, etc.)",3.14,25.5,41.5,12.5,16.0
Uses AI at work,Uses AI,308,34,importance,"Business issues (mergers & acquisitions, product ecosystem, private equity investment, etc.)",3.29,20.1,46.8,14.3,26.6
Uses AI at work,Does not use AI,123,34,importance,"Business issues (mergers & acquisitions, product ecosystem, private equity investment, etc.)",2.75,39.0,28.5,8.1,-10.6
Uses AI at work,All respondents,431,34,importance,Enterprise/scale issues,3.13,24.8,40.1,11.1,15.3
Uses AI at work,Uses AI,308,34,importance,Enterprise/scale issues,3.35,16.9,47.4,14.3,30.5
Uses AI at work,Does not use AI,123,34,importance,Enterprise/scale issues,2.55,44.7,22.0,3.3,-22.8
Uses AI at work,All respondents,431,34,importance,Collaboration with the greater open source ecosystem,3.82,8.8,67.7,26.0,58.9
Uses AI at work,Uses AI,308,34,importance,Collaboration with the greater open source ecosystem,3.78,9.4,65.9,25.0,56.5
Uses AI at work,Does not use AI,123,34,importance,Collaboration with the greater open source ecosystem,3.9,7.3,72.4,28.5,65.0
Uses AI at work,All respondents,431,38,importance,Personal capacity,4.22,3.7,82.8,44.5,79.1
Uses AI at work,Uses AI,308,38,importance,Personal capacity,4.27,3.6,84.1,47.7,80.5
Uses AI at work,Does not use AI,123,38,importance,Personal capacity,4.09,4.1,79.7,36.6,75.6
Uses AI at work,All respondents,431,38,importance,Financial incentives/restraints,3.05,27.4,33.6,11.8,6.3
Uses AI at work,Uses AI,308,38,importance,Financial incentives/restraints,3.19,23.7,39.6,14.0,15.9
Uses AI at work,Does not use AI,123,38,importance,Financial incentives/restraints,2.69,36.6,18.7,6.5,-17.9
Uses AI at work,All respondents,431,38,importance,Impact of my contributions to the project,3.4,14.4,47.8,12.8,33.4
Uses AI at work,Uses AI,308,38,importance,Impact of my contributions to the project,3.48,13.6,51.6,14.9,38.0
Uses AI at work,Does not use AI,123,38,importance,Impact of my contributions to the project,3.2,16.3,38.2,7.3,22.0
Uses AI at work,All respondents,431,38,importance,Impact of my participation on my professional or personal life,3.6,9.5,58.5,15.3,49.0
Uses AI at work,Uses AI,308,38,importance,Impact of my participation on my professional or personal life,3.7,7.5,63.6,16.9,56.2
Uses AI at work,Does not use AI,123,38,importance,Impact of my participation on my professional or personal life,3.36,14.6,45.5,11.4,30.9
Uses AI at work,All respondents,431,38,importance,Understanding how to participate,3.59,10.7,59.6,16.2,49.0
Uses AI at work,Uses AI,308,38,importance,Understanding how to participate,3.62,10.7,60.1,18.5,49.4
Uses AI at work,Does not use AI,123,38,importance,Understanding how to participate,3.52,10.6,58.5,10.6,48.0
Uses AI at work,All respondents,431,38,importance,Mentorship or guidance,3.08,23.9,33.4,7.4,9.5
Uses AI at work,Uses AI,308,38,importance,Mentorship or guidance,3.11,23.4,35.7,8.1,12.3
Uses AI at work,Does not use AI,123,38,importance,Mentorship or guidance,2.99,25.2,27.6,5.7,2.4
Uses AI at work,All respondents,431,38,importance,Project roadmap,3.43,17.2,51.7,14.2,34.6
Uses AI at work,Uses AI,308,38,importance,Project roadmap,3.45,17.5,52.6,15.6,35.1
Uses AI at work,Does not use AI,123,38,importance,Project roadmap,3.37,16.3,49.6,10.6,33.3
Uses AI at work,All respondents,431,38,importance,Project leadership,3.83,12.5,67.3,32.7,54.8
Uses AI at work,Uses AI,308,38,importance,Project leadership,3.83,13.0,67.5,33.4,54.5
Uses AI at work,Does not use AI,123,38,importance,Project leadership,3.8,11.4,66.7,30.9,55.3
Uses AI at work,All respondents,431,38,importance,Project governance/policies,3.85,10.4,66.4,32.7,55.9
Uses AI at work,Uses AI,308,38,importance,Project governance/policies,3.77,12.3,63.3,30.5,51.0
Uses AI at work,Does not use AI,123,38,importance,Project governance/policies,4.04,5.7,74.0,38.2,68.3
Uses AI at work,All respondents,431,38,importance,"Advocacy on behalf of web standards (accessibility, privacy, etc.)",3.99,7.7,75.6,33.6,68.0
Uses AI at work,Uses AI,308,38,importance,"Advocacy on behalf of web standards (accessibility, privacy, etc.)",3.94,8.8,73.4,31.2,64.6
Uses AI at work,Does not use AI,123,38,importance,"Advocacy on behalf of web standards (accessibility, privacy, etc.)",4.13,4.9,81.3,39.8,76.4
Uses AI at work,All respondents,431,38,importance,Participation in the WordPress community,3.52,10.0,53.4,15.3,43.4
Uses AI at work,Uses AI,308,38,importance,Participation in the WordPress community,3.67,7.8,61.7,18.8,53.9
Uses AI at work,Does not use AI,123,38,importance,Participation in the WordPress community,3.15,15.4,32.5,6.5,17.1
Uses AI at work,All respondents,431,38,importance,Feeling welcome/included,4.06,5.8,76.3,39.2,70.5
Uses AI at work,Uses AI,308,38,importance,Feeling welcome/included,4.12,4.9,79.9,40.9,75.0
Uses AI at work,Does not use AI,123,38,importance,Feeling welcome/included,3.91,8.1,67.5,35.0,59.3
Uses AI at work,All respondents,431,38,importance,Participating in a language other than English,2.46,45.2,19.7,6.3,-25.5
Uses AI at work,Uses AI,308,38,importance,Participating in a language other than English,2.47,46.8,21.1,7.1,-25.6
Uses AI at work,Does not use AI,123,38,importance,Participating in a language other than English,2.43,41.5,16.3,4.1,-25.2
Uses AI at work,All respondents,431,38,importance,Working asynchronously,3.61,11.6,55.5,24.1,43.9
Uses AI at work,Uses AI,308,38,importance,Working asynchronously,3.66,11.4,57.8,26.0,46.4
Uses AI at work,Does not use AI,123,38,importance,Working asynchronously,3.47,12.2,49.6,19.5,37.4
Uses AI at work,All respondents,431,50,agreement,Attending in-person WordPress-related events is important to me.,3.13,35.3,46.6,21.3,11.4
Uses AI at work,Uses AI,308,50,agreement,Attending in-person WordPress-related events is important to me.,3.51,23.4,59.7,27.6,36.4
Uses AI at work,Does not use AI,123,50,agreement,Attending in-person WordPress-related events is important to me.,2.18,65.0,13.8,5.7,-51.2
Uses AI at work,All respondents,431,57,importance,A location local to you,3.73,13.9,65.9,27.8,52.0
Uses AI at work,Uses AI,308,57,importance,A location local to you,3.69,14.6,64.0,25.6,49.4
Uses AI at work,Does not use AI,123,57,importance,A location local to you,3.84,12.2,70.7,33.3,58.5
Uses AI at work,All respondents,431,57,importance,A regional/destination location,3.42,16.7,54.3,13.9,37.6
Uses AI at work,Uses AI,308,57,importance,A regional/destination location,3.47,15.6,56.5,14.9,40.9
Uses AI at work,Does not use AI,123,57,importance,A regional/destination location,3.28,19.5,48.8,11.4,29.3
Uses AI at work,All respondents,431,57,importance,Events with smaller attendance,2.91,24.8,25.1,3.9,0.2
Uses AI at work,Uses AI,308,57,importance,Events with smaller attendance,2.85,26.9,22.7,3.6,-4.2
Uses AI at work,Does not use AI,123,57,importance,Events with smaller attendance,3.07,19.5,30.9,4.9,11.4
Uses AI at work,All respondents,431,57,importance,Events with larger attendance,2.72,31.6,16.9,2.8,-14.6
Uses AI at work,Uses AI,308,57,importance,Events with larger attendance,2.83,28.2,21.8,3.9,-6.5
Uses AI at work,Does not use AI,123,57,importance,Events with larger attendance,2.44,39.8,4.9,0.0,-35.0
Uses AI at work,All respondents,431,57,importance,"Hard skill development (technical instruction, workshops, etc.)",3.37,18.1,52.9,11.8,34.8
Uses AI at work,Uses AI,308,57,importance,"Hard skill development (technical instruction, workshops, etc.)",3.38,18.8,52.9,13.0,34.1
Uses AI at work,Does not use AI,123,57,importance,"Hard skill development (technical instruction, workshops, etc.)",3.34,16.3,52.8,8.9,36.6
Uses AI at work,All respondents,431,57,importance,"Soft skill development (business development, personal development, etc.)",3.08,24.8,38.5,6.7,13.7
Uses AI at work,Uses AI,308,57,importance,"Soft skill development (business development, personal development, etc.)",3.17,22.7,42.5,8.8,19.8
Uses AI at work,Does not use AI,123,57,importance,"Soft skill development (business development, personal development, etc.)",2.86,30.1,28.5,1.6,-1.6
Uses AI at work,All respondents,431,57,importance,Topics of sessions / panels,3.69,11.1,67.3,18.6,56.1
Uses AI at work,Uses AI,308,57,importance,Topics of sessions / panels,3.67,11.7,66.6,17.9,54.9
Uses AI at work,Does not use AI,123,57,importance,Topics of sessions / panels,3.72,9.8,69.1,20.3,59.3
Uses AI at work,All respondents,431,57,importance,Particular speakers / keynotes,3.14,21.8,38.7,7.7,16.9
Uses AI at work,Uses AI,308,57,importance,Particular speakers / keynotes,3.18,20.5,40.3,8.1,19.8
Uses AI at work,Does not use AI,123,57,importance,Particular speakers / keynotes,3.04,25.2,35.0,6.5,9.8
Uses AI at work,All respondents,431,57,importance,Meeting professional development requirements,2.83,32.0,28.8,7.0,-3.2
Uses AI at work,Uses AI,308,57,importance,Meeting professional development requirements,3.0,27.3,35.4,9.1,8.1
Uses AI at work,Does not use AI,123,57,importance,Meeting professional development requirements,2.41,43.9,12.2,1.6,-31.7
Uses AI at work,All respondents,431,57,importance,Networking opportunities,3.65,14.2,60.6,25.1,46.4
Uses AI at work,Uses AI,308,57,importance,Networking opportunities,3.87,9.7,68.2,32.1,58.4
Uses AI at work,Does not use AI,123,57,importance,Networking opportunities,3.09,25.2,41.5,7.3,16.3
Uses AI at work,All respondents,431,57,importance,Community development/engagement,3.61,11.8,61.5,18.3,49.7
Uses AI at work,Uses AI,308,57,importance,Community development/engagement,3.77,8.8,68.2,22.4,59.4
Uses AI at work,Does not use AI,123,57,importance,Community development/engagement,3.22,19.5,44.7,8.1,25.2
Uses AI at work,All respondents,431,57,importance,Cost of ticket,3.44,19.5,54.5,17.6,35.0
Uses AI at work,Uses AI,308,57,importance,Cost of ticket,3.33,22.1,50.3,14.3,28.2
Uses AI at work,Does not use AI,123,57,importance,Cost of ticket,3.72,13.0,65.0,26.0,52.0
Uses AI at work,All respondents,431,57,importance,"Cost of attendance (travel, housing, etc.)",3.9,11.4,72.4,34.3,61.0
Uses AI at work,Uses AI,308,57,importance,"Cost of attendance (travel, housing, etc.)",3.86,12.0,70.8,32.5,58.8
Uses AI at work,Does not use AI,123,57,importance,"Cost of attendance (travel, housing, etc.)",4.0,9.8,76.4,39.0,66.7
Uses AI at work,All respondents,431,59,sentiment,"Right now, how do you generally feel about open source software?",4.16,3.9,81.7,39.4,77.7
Uses AI at work,Uses AI,308,59,sentiment,"Right now, how do you generally feel about open source software?",4.17,1.9,81.8,37.3,79.9
Uses AI at work,Does not use AI,123,59,sentiment,"Right now, how do you generally feel about open source software?",4.14,8.9,81.3,44.7,72.4
Uses AI at work,All respondents,431,62,importance,Open source software,4.59,1.2,93.5,68.0,92.3
Uses AI at work,Uses AI,308,62,importance,Open source software,4.52,1.6,91.6,63.0,89.9
Uses AI at work,Does not use AI,123,62,importance,Open source software,4.79,0.0,98.4,80.5,98.4
Uses AI at work,All respondents,431,62,importance,Open source values (whatever that means to you)required,4.51,3.2,91.9,64.3,88.6
Uses AI at work,Uses AI,308,62,importance,Open source values (whatever that means to you)required,4.42,4.5,90.3,58.8,85.7
Uses AI at work,Does not use AI,123,62,importance,Open source values (whatever that means to you)required,4.74,0.0,95.9,78.0,95.9
Uses AI at work,All respondents,431,62,importance,The sustainability of open source projects,4.58,1.2,93.3,66.6,92.1
Uses AI at work,Uses AI,308,62,importance,The sustainability of open source projects,4.5,1.6,91.9,61.4,90.3
Uses AI at work,Does not use AI,123,62,importance,The sustainability of open source projects,4.76,0.0,96.7,79.7,96.7
Uses AI at work,All respondents,431,62,importance,Open source in WordPress,4.51,2.8,92.1,63.1,89.3
Uses AI at work,Uses AI,308,62,importance,Open source in WordPress,4.46,3.2,91.2,60.1,88.0
Uses AI at work,Does not use AI,123,62,importance,Open source in WordPress,4.62,1.6,94.3,70.7,92.7
Uses AI at work,All respondents,431,62,importance,Open source in AI,3.24,29.2,50.1,27.4,20.9
Uses AI at work,Uses AI,308,62,importance,Open source in AI,3.76,13.0,63.3,33.8,50.3
Uses AI at work,Does not use AI,123,62,importance,Open source in AI,1.95,69.9,17.1,11.4,-52.8
Uses AI at work,All respondents,431,67,sentiment,"Right now, how do you generally feel about AI in the tech industry?",2.6,46.2,31.1,10.0,-15.1
Uses AI at work,Uses AI,308,67,sentiment,"Right now, how do you generally feel about AI in the tech industry?",3.17,26.6,43.5,14.0,16.9
Uses AI at work,Does not use AI,123,67,sentiment,"Right now, how do you generally feel about AI in the tech industry?",1.18,95.1,0.0,0.0,-95.1
Uses AI at work,All respondents,431,68,sentiment,"Right now, how do you generally feel about AI in WordPress?",2.35,49.9,16.9,3.9,-32.9
Uses AI at work,Uses AI,308,68,sentiment,"Right now, how do you generally feel about AI in WordPress?",2.81,32.1,23.7,5.5,-8.4
Uses AI at work,Does not use AI,123,68,sentiment,"Right now, how do you generally feel about AI in WordPress?",1.2,94.3,0.0,0.0,-94.3
Uses AI at work,All respondents,431,69,sentiment,"Right now, how do you generally feel about AI in web development (vibe coding, agentic development, etc.)?",2.7,44.8,34.6,12.5,-10.2
Uses AI at work,Uses AI,308,69,sentiment,"Right now, how do you generally feel about AI in web development (vibe coding, agentic development, etc.)?",3.3,24.7,48.4,17.5,23.7
Uses AI at work,Does not use AI,123,69,sentiment,"Right now, how do you generally feel about AI in web development (vibe coding, agentic development, etc.)?",1.19,95.1,0.0,0.0,-95.1
Contributes to open source elsewhere,All respondents,431,19,agreement,I consider myself to be a contributor to the WordPress open source project.,3.04,37.1,42.0,17.6,4.9
Contributes to open source elsewhere,Yes,228,19,agreement,I consider myself to be a contributor to the WordPress open source project.,3.19,32.5,46.9,21.5,14.5
Contributes to open source elsewhere,No,203,19,agreement,I consider myself to be a contributor to the WordPress open source project.,2.87,42.4,36.5,13.3,-5.9
Contributes to open source elsewhere,All respondents,431,22,agreement,I consider myself to be a member of the WordPress community.,3.88,12.3,71.5,32.9,59.2
Contributes to open source elsewhere,Yes,228,22,agreement,I consider myself to be a member of the WordPress community.,3.89,11.4,69.7,33.8,58.3
Contributes to open source elsewhere,No,203,22,agreement,I consider myself to be a member of the WordPress community.,3.88,13.3,73.4,32.0,60.1
Contributes to open source elsewhere,All respondents,431,28,sentiment,"Right now, how do you feel overall about the WordPress open source project?",2.87,38.1,32.7,4.6,-5.3
Contributes to open source elsewhere,Yes,228,28,sentiment,"Right now, how do you feel overall about the WordPress open source project?",2.68,46.5,28.1,3.5,-18.4
Contributes to open source elsewhere,No,203,28,sentiment,"Right now, how do you feel overall about the WordPress open source project?",3.08,28.6,37.9,5.9,9.4
Contributes to open source elsewhere,All respondents,431,31,sentiment,How do you feel about the future of the WordPress open source project?,2.8,39.0,24.4,5.1,-14.6
Contributes to open source elsewhere,Yes,228,31,sentiment,How do you feel about the future of the WordPress open source project?,2.62,48.2,20.2,6.1,-28.1
Contributes to open source elsewhere,No,203,31,sentiment,How do you feel about the future of the WordPress open source project?,2.99,28.6,29.1,3.9,0.5
Contributes to open source elsewhere,All respondents,431,34,importance,WordPress open source software,4.58,1.4,94.0,65.4,92.6
Contributes to open source elsewhere,Yes,228,34,importance,WordPress open source software,4.55,1.8,93.0,64.5,91.2
Contributes to open source elsewhere,No,203,34,importance,WordPress open source software,4.61,1.0,95.1,66.5,94.1
Contributes to open source elsewhere,All respondents,431,34,importance,The WordPress community,4.13,7.0,80.3,41.8,73.3
Contributes to open source elsewhere,Yes,228,34,importance,The WordPress community,4.04,8.8,78.9,37.7,70.2
Contributes to open source elsewhere,No,203,34,importance,The WordPress community,4.22,4.9,81.8,46.3,76.8
Contributes to open source elsewhere,All respondents,431,34,importance,WordPress events and meetups,3.26,26.7,50.1,19.5,23.4
Contributes to open source elsewhere,Yes,228,34,importance,WordPress events and meetups,3.14,31.6,46.1,18.0,14.5
Contributes to open source elsewhere,No,203,34,importance,WordPress events and meetups,3.39,21.2,54.7,21.2,33.5
Contributes to open source elsewhere,All respondents,431,34,importance,Contributing to WordPress,3.31,18.8,45.7,13.9,26.9
Contributes to open source elsewhere,Yes,228,34,importance,Contributing to WordPress,3.37,17.5,47.8,14.9,30.3
Contributes to open source elsewhere,No,203,34,importance,Contributing to WordPress,3.24,20.2,43.3,12.8,23.2
Contributes to open source elsewhere,All respondents,431,34,importance,Open source values,4.48,2.6,90.7,61.9,88.2
Contributes to open source elsewhere,Yes,228,34,importance,Open source values,4.59,1.8,94.3,67.5,92.5
Contributes to open source elsewhere,No,203,34,importance,Open source values,4.36,3.4,86.7,55.7,83.3
Contributes to open source elsewhere,All respondents,431,34,importance,AI in WordPress,2.47,52.7,29.0,12.8,-23.7
Contributes to open source elsewhere,Yes,228,34,importance,AI in WordPress,2.26,61.0,25.0,11.4,-36.0
Contributes to open source elsewhere,No,203,34,importance,AI in WordPress,2.71,43.3,33.5,14.3,-9.9
Contributes to open source elsewhere,All respondents,431,34,importance,Security in WordPress,4.68,1.4,95.1,75.6,93.7
Contributes to open source elsewhere,Yes,228,34,importance,Security in WordPress,4.63,1.8,94.3,72.4,92.5
Contributes to open source elsewhere,No,203,34,importance,Security in WordPress,4.74,1.0,96.1,79.3,95.1
Contributes to open source elsewhere,All respondents,431,34,importance,Web standards and compliance,4.57,1.6,93.7,65.9,92.1
Contributes to open source elsewhere,Yes,228,34,importance,Web standards and compliance,4.54,2.2,93.9,64.0,91.7
Contributes to open source elsewhere,No,203,34,importance,Web standards and compliance,4.6,1.0,93.6,68.0,92.6
Contributes to open source elsewhere,All respondents,431,34,importance,WordPress leadership,4.04,8.1,73.8,43.4,65.7
Contributes to open source elsewhere,Yes,228,34,importance,WordPress leadership,3.91,11.8,71.5,39.5,59.6
Contributes to open source elsewhere,No,203,34,importance,WordPress leadership,4.18,3.9,76.4,47.8,72.4
Contributes to open source elsewhere,All respondents,431,34,importance,WordPress governance,4.17,5.8,76.6,50.8,70.8
Contributes to open source elsewhere,Yes,228,34,importance,WordPress governance,4.07,8.8,73.7,49.6,64.9
Contributes to open source elsewhere,No,203,34,importance,WordPress governance,4.28,2.5,79.8,52.2,77.3
Contributes to open source elsewhere,All respondents,431,34,importance,"Business issues (mergers & acquisitions, product ecosystem, private equity investment, etc.)",3.14,25.5,41.5,12.5,16.0
Contributes to open source elsewhere,Yes,228,34,importance,"Business issues (mergers & acquisitions, product ecosystem, private equity investment, etc.)",3.02,29.4,38.6,10.1,9.2
Contributes to open source elsewhere,No,203,34,importance,"Business issues (mergers & acquisitions, product ecosystem, private equity investment, etc.)",3.27,21.2,44.8,15.3,23.6
Contributes to open source elsewhere,All respondents,431,34,importance,Enterprise/scale issues,3.13,24.8,40.1,11.1,15.3
Contributes to open source elsewhere,Yes,228,34,importance,Enterprise/scale issues,3.03,28.5,37.3,9.6,8.8
Contributes to open source elsewhere,No,203,34,importance,Enterprise/scale issues,3.23,20.7,43.3,12.8,22.7
Contributes to open source elsewhere,All respondents,431,34,importance,Collaboration with the greater open source ecosystem,3.82,8.8,67.7,26.0,58.9
Contributes to open source elsewhere,Yes,228,34,importance,Collaboration with the greater open source ecosystem,3.89,9.2,72.8,29.4,63.6
Contributes to open source elsewhere,No,203,34,importance,Collaboration with the greater open source ecosystem,3.73,8.4,62.1,22.2,53.7
Contributes to open source elsewhere,All respondents,431,38,importance,Personal capacity,4.22,3.7,82.8,44.5,79.1
Contributes to open source elsewhere,Yes,228,38,importance,Personal capacity,4.17,4.4,82.0,40.8,77.6
Contributes to open source elsewhere,No,203,38,importance,Personal capacity,4.28,3.0,83.7,48.8,80.8
Contributes to open source elsewhere,All respondents,431,38,importance,Financial incentives/restraints,3.05,27.4,33.6,11.8,6.3
Contributes to open source elsewhere,Yes,228,38,importance,Financial incentives/restraints,2.94,30.7,29.4,9.2,-1.3
Contributes to open source elsewhere,No,203,38,importance,Financial incentives/restraints,3.18,23.6,38.4,14.8,14.8
Contributes to open source elsewhere,All respondents,431,38,importance,Impact of my contributions to the project,3.4,14.4,47.8,12.8,33.4
Contributes to open source elsewhere,Yes,228,38,importance,Impact of my contributions to the project,3.39,14.9,46.9,13.6,32.0
Contributes to open source elsewhere,No,203,38,importance,Impact of my contributions to the project,3.41,13.8,48.8,11.8,35.0
Contributes to open source elsewhere,All respondents,431,38,importance,Impact of my participation on my professional or personal life,3.6,9.5,58.5,15.3,49.0
Contributes to open source elsewhere,Yes,228,38,importance,Impact of my participation on my professional or personal life,3.48,11.8,53.9,12.3,42.1
Contributes to open source elsewhere,No,203,38,importance,Impact of my participation on my professional or personal life,3.73,6.9,63.5,18.7,56.7
Contributes to open source elsewhere,All respondents,431,38,importance,Understanding how to participate,3.59,10.7,59.6,16.2,49.0
Contributes to open source elsewhere,Yes,228,38,importance,Understanding how to participate,3.48,14.0,57.5,12.7,43.4
Contributes to open source elsewhere,No,203,38,importance,Understanding how to participate,3.71,6.9,62.1,20.2,55.2
Contributes to open source elsewhere,All respondents,431,38,importance,Mentorship or guidance,3.08,23.9,33.4,7.4,9.5
Contributes to open source elsewhere,Yes,228,38,importance,Mentorship or guidance,2.93,28.5,28.5,3.9,0.0
Contributes to open source elsewhere,No,203,38,importance,Mentorship or guidance,3.25,18.7,38.9,11.3,20.2
Contributes to open source elsewhere,All respondents,431,38,importance,Project roadmap,3.43,17.2,51.7,14.2,34.6
Contributes to open source elsewhere,Yes,228,38,importance,Project roadmap,3.35,21.1,50.0,12.3,28.9
Contributes to open source elsewhere,No,203,38,importance,Project roadmap,3.52,12.8,53.7,16.3,40.9
Contributes to open source elsewhere,All respondents,431,38,importance,Project leadership,3.83,12.5,67.3,32.7,54.8
Contributes to open source elsewhere,Yes,228,38,importance,Project leadership,3.77,14.0,66.2,31.1,52.2
Contributes to open source elsewhere,No,203,38,importance,Project leadership,3.89,10.8,68.5,34.5,57.6
Contributes to open source elsewhere,All respondents,431,38,importance,Project governance/policies,3.85,10.4,66.4,32.7,55.9
Contributes to open source elsewhere,Yes,228,38,importance,Project governance/policies,3.83,11.8,66.7,32.9,54.8
Contributes to open source elsewhere,No,203,38,importance,Project governance/policies,3.87,8.9,66.0,32.5,57.1
Contributes to open source elsewhere,All respondents,431,38,importance,"Advocacy on behalf of web standards (accessibility, privacy, etc.)",3.99,7.7,75.6,33.6,68.0
Contributes to open source elsewhere,Yes,228,38,importance,"Advocacy on behalf of web standards (accessibility, privacy, etc.)",4.01,7.5,77.6,33.3,70.2
Contributes to open source elsewhere,No,203,38,importance,"Advocacy on behalf of web standards (accessibility, privacy, etc.)",3.97,7.9,73.4,34.0,65.5
Contributes to open source elsewhere,All respondents,431,38,importance,Participation in the WordPress community,3.52,10.0,53.4,15.3,43.4
Contributes to open source elsewhere,Yes,228,38,importance,Participation in the WordPress community,3.46,10.5,49.6,14.0,39.0
Contributes to open source elsewhere,No,203,38,importance,Participation in the WordPress community,3.6,9.4,57.6,16.7,48.3
Contributes to open source elsewhere,All respondents,431,38,importance,Feeling welcome/included,4.06,5.8,76.3,39.2,70.5
Contributes to open source elsewhere,Yes,228,38,importance,Feeling welcome/included,3.98,7.5,73.7,36.0,66.2
Contributes to open source elsewhere,No,203,38,importance,Feeling welcome/included,4.16,3.9,79.3,42.9,75.4
Contributes to open source elsewhere,All respondents,431,38,importance,Participating in a language other than English,2.46,45.2,19.7,6.3,-25.5
Contributes to open source elsewhere,Yes,228,38,importance,Participating in a language other than English,2.39,46.5,17.5,4.4,-28.9
Contributes to open source elsewhere,No,203,38,importance,Participating in a language other than English,2.54,43.8,22.2,8.4,-21.7
Contributes to open source elsewhere,All respondents,431,38,importance,Working asynchronously,3.61,11.6,55.5,24.1,43.9
Contributes to open source elsewhere,Yes,228,38,importance,Working asynchronously,3.68,11.4,60.1,26.8,48.7
Contributes to open source elsewhere,No,203,38,importance,Working asynchronously,3.53,11.8,50.2,21.2,38.4
Contributes to open source elsewhere,All respondents,431,50,agreement,Attending in-person WordPress-related events is important to me.,3.13,35.3,46.6,21.3,11.4
Contributes to open source elsewhere,Yes,228,50,agreement,Attending in-person WordPress-related events is important to me.,2.95,40.8,39.5,18.0,-1.3
Contributes to open source elsewhere,No,203,50,agreement,Attending in-person WordPress-related events is important to me.,3.34,29.1,54.7,25.1,25.6
Contributes to open source elsewhere,All respondents,431,57,importance,A location local to you,3.73,13.9,65.9,27.8,52.0
Contributes to open source elsewhere,Yes,228,57,importance,A location local to you,3.65,15.8,63.6,23.7,47.8
Contributes to open source elsewhere,No,203,57,importance,A location local to you,3.83,11.8,68.5,32.5,56.7
Contributes to open source elsewhere,All respondents,431,57,importance,A regional/destination location,3.42,16.7,54.3,13.9,37.6
Contributes to open source elsewhere,Yes,228,57,importance,A regional/destination location,3.38,17.5,53.1,11.8,35.5
Contributes to open source elsewhere,No,203,57,importance,A regional/destination location,3.45,15.8,55.7,16.3,39.9
Contributes to open source elsewhere,All respondents,431,57,importance,Events with smaller attendance,2.91,24.8,25.1,3.9,0.2
Contributes to open source elsewhere,Yes,228,57,importance,Events with smaller attendance,2.94,23.2,25.9,3.9,2.6
Contributes to open source elsewhere,No,203,57,importance,Events with smaller attendance,2.88,26.6,24.1,3.9,-2.5
Contributes to open source elsewhere,All respondents,431,57,importance,Events with larger attendance,2.72,31.6,16.9,2.8,-14.6
Contributes to open source elsewhere,Yes,228,57,importance,Events with larger attendance,2.69,32.9,16.7,2.6,-16.2
Contributes to open source elsewhere,No,203,57,importance,Events with larger attendance,2.75,30.0,17.2,3.0,-12.8
Contributes to open source elsewhere,All respondents,431,57,importance,"Hard skill development (technical instruction, workshops, etc.)",3.37,18.1,52.9,11.8,34.8
Contributes to open source elsewhere,Yes,228,57,importance,"Hard skill development (technical instruction, workshops, etc.)",3.29,20.6,50.9,11.0,30.3
Contributes to open source elsewhere,No,203,57,importance,"Hard skill development (technical instruction, workshops, etc.)",3.45,15.3,55.2,12.8,39.9
Contributes to open source elsewhere,All respondents,431,57,importance,"Soft skill development (business development, personal development, etc.)",3.08,24.8,38.5,6.7,13.7
Contributes to open source elsewhere,Yes,228,57,importance,"Soft skill development (business development, personal development, etc.)",2.95,28.9,33.3,5.7,4.4
Contributes to open source elsewhere,No,203,57,importance,"Soft skill development (business development, personal development, etc.)",3.22,20.2,44.3,7.9,24.1
Contributes to open source elsewhere,All respondents,431,57,importance,Topics of sessions / panels,3.69,11.1,67.3,18.6,56.1
Contributes to open source elsewhere,Yes,228,57,importance,Topics of sessions / panels,3.63,12.7,66.7,16.2,53.9
Contributes to open source elsewhere,No,203,57,importance,Topics of sessions / panels,3.75,9.4,68.0,21.2,58.6
Contributes to open source elsewhere,All respondents,431,57,importance,Particular speakers / keynotes,3.14,21.8,38.7,7.7,16.9
Contributes to open source elsewhere,Yes,228,57,importance,Particular speakers / keynotes,3.04,25.0,36.8,4.4,11.8
Contributes to open source elsewhere,No,203,57,importance,Particular speakers / keynotes,3.25,18.2,40.9,11.3,22.7
Contributes to open source elsewhere,All respondents,431,57,importance,Meeting professional development requirements,2.83,32.0,28.8,7.0,-3.2
Contributes to open source elsewhere,Yes,228,57,importance,Meeting professional development requirements,2.81,33.8,27.6,7.0,-6.1
Contributes to open source elsewhere,No,203,57,importance,Meeting professional development requirements,2.85,30.0,30.0,6.9,0.0
Contributes to open source elsewhere,All respondents,431,57,importance,Networking opportunities,3.65,14.2,60.6,25.1,46.4
Contributes to open source elsewhere,Yes,228,57,importance,Networking opportunities,3.57,15.8,58.8,21.9,43.0
Contributes to open source elsewhere,No,203,57,importance,Networking opportunities,3.73,12.3,62.6,28.6,50.2
Contributes to open source elsewhere,All respondents,431,57,importance,Community development/engagement,3.61,11.8,61.5,18.3,49.7
Contributes to open source elsewhere,Yes,228,57,importance,Community development/engagement,3.59,12.3,60.5,18.0,48.2
Contributes to open source elsewhere,No,203,57,importance,Community development/engagement,3.64,11.3,62.6,18.7,51.2
Contributes to open source elsewhere,All respondents,431,57,importance,Cost of ticket,3.44,19.5,54.5,17.6,35.0
Contributes to open source elsewhere,Yes,228,57,importance,Cost of ticket,3.36,21.9,52.6,15.8,30.7
Contributes to open source elsewhere,No,203,57,importance,Cost of ticket,3.53,16.7,56.7,19.7,39.9
Contributes to open source elsewhere,All respondents,431,57,importance,"Cost of attendance (travel, housing, etc.)",3.9,11.4,72.4,34.3,61.0
Contributes to open source elsewhere,Yes,228,57,importance,"Cost of attendance (travel, housing, etc.)",3.82,13.6,69.3,32.9,55.7
Contributes to open source elsewhere,No,203,57,importance,"Cost of attendance (travel, housing, etc.)",3.99,8.9,75.9,36.0,67.0
Contributes to open source elsewhere,All respondents,431,59,sentiment,"Right now, how do you generally feel about open source software?",4.16,3.9,81.7,39.4,77.7
Contributes to open source elsewhere,Yes,228,59,sentiment,"Right now, how do you generally feel about open source software?",4.23,5.7,83.3,46.5,77.6
Contributes to open source elsewhere,No,203,59,sentiment,"Right now, how do you generally feel about open source software?",4.09,2.0,79.8,31.5,77.8
Contributes to open source elsewhere,All respondents,431,62,importance,Open source software,4.59,1.2,93.5,68.0,92.3
Contributes to open source elsewhere,Yes,228,62,importance,Open source software,4.67,0.9,95.2,73.7,94.3
Contributes to open source elsewhere,No,203,62,importance,Open source software,4.51,1.5,91.6,61.6,90.1
Contributes to open source elsewhere,All respondents,431,62,importance,Open source values (whatever that means to you)required,4.51,3.2,91.9,64.3,88.6
Contributes to open source elsewhere,Yes,228,62,importance,Open source values (whatever that means to you)required,4.64,2.2,96.1,71.5,93.9
Contributes to open source elsewhere,No,203,62,importance,Open source values (whatever that means to you)required,4.36,4.4,87.2,56.2,82.8
Contributes to open source elsewhere,All respondents,431,62,importance,The sustainability of open source projects,4.58,1.2,93.3,66.6,92.1
Contributes to open source elsewhere,Yes,228,62,importance,The sustainability of open source projects,4.59,1.8,93.9,68.4,92.1
Contributes to open source elsewhere,No,203,62,importance,The sustainability of open source projects,4.56,0.5,92.6,64.5,92.1
Contributes to open source elsewhere,All respondents,431,62,importance,Open source in WordPress,4.51,2.8,92.1,63.1,89.3
Contributes to open source elsewhere,Yes,228,62,importance,Open source in WordPress,4.49,3.1,92.1,62.7,89.0
Contributes to open source elsewhere,No,203,62,importance,Open source in WordPress,4.52,2.5,92.1,63.5,89.7
Contributes to open source elsewhere,All respondents,431,62,importance,Open source in AI,3.24,29.2,50.1,27.4,20.9
Contributes to open source elsewhere,Yes,228,62,importance,Open source in AI,3.12,35.1,48.7,26.8,13.6
Contributes to open source elsewhere,No,203,62,importance,Open source in AI,3.37,22.7,51.7,28.1,29.1
Contributes to open source elsewhere,All respondents,431,67,sentiment,"Right now, how do you generally feel about AI in the tech industry?",2.6,46.2,31.1,10.0,-15.1
Contributes to open source elsewhere,Yes,228,67,sentiment,"Right now, how do you generally feel about AI in the tech industry?",2.43,53.5,28.1,10.5,-25.4
Contributes to open source elsewhere,No,203,67,sentiment,"Right now, how do you generally feel about AI in the tech industry?",2.8,37.9,34.5,9.4,-3.4
Contributes to open source elsewhere,All respondents,431,68,sentiment,"Right now, how do you generally feel about AI in WordPress?",2.35,49.9,16.9,3.9,-32.9
Contributes to open source elsewhere,Yes,228,68,sentiment,"Right now, how do you generally feel about AI in WordPress?",2.22,57.0,17.5,5.3,-39.5
Contributes to open source elsewhere,No,203,68,sentiment,"Right now, how do you generally feel about AI in WordPress?",2.49,41.9,16.3,2.5,-25.6
Contributes to open source elsewhere,All respondents,431,69,sentiment,"Right now, how do you generally feel about AI in web development (vibe coding, agentic development, etc.)?",2.7,44.8,34.6,12.5,-10.2
Contributes to open source elsewhere,Yes,228,69,sentiment,"Right now, how do you generally feel about AI in web development (vibe coding, agentic development, etc.)?",2.54,53.1,32.5,14.0,-20.6
Contributes to open source elsewhere,No,203,69,sentiment,"Right now, how do you generally feel about AI in web development (vibe coding, agentic development, etc.)?",2.87,35.5,36.9,10.8,1.5
Volunteers outside WordPress and open source,All respondents,431,19,agreement,I consider myself to be a contributor to the WordPress open source project.,3.04,37.1,42.0,17.6,4.9
Volunteers outside WordPress and open source,Yes,251,19,agreement,I consider myself to be a contributor to the WordPress open source project.,3.06,37.5,43.8,18.3,6.4
Volunteers outside WordPress and open source,No,180,19,agreement,I consider myself to be a contributor to the WordPress open source project.,3.01,36.7,39.4,16.7,2.8
Volunteers outside WordPress and open source,All respondents,431,22,agreement,I consider myself to be a member of the WordPress community.,3.88,12.3,71.5,32.9,59.2
Volunteers outside WordPress and open source,Yes,251,22,agreement,I consider myself to be a member of the WordPress community.,3.86,11.2,68.5,31.9,57.4
Volunteers outside WordPress and open source,No,180,22,agreement,I consider myself to be a member of the WordPress community.,3.92,13.9,75.6,34.4,61.7
Volunteers outside WordPress and open source,All respondents,431,28,sentiment,"Right now, how do you feel overall about the WordPress open source project?",2.87,38.1,32.7,4.6,-5.3
Volunteers outside WordPress and open source,Yes,251,28,sentiment,"Right now, how do you feel overall about the WordPress open source project?",2.77,43.0,30.7,4.0,-12.4
Volunteers outside WordPress and open source,No,180,28,sentiment,"Right now, how do you feel overall about the WordPress open source project?",3.01,31.1,35.6,5.6,4.4
Volunteers outside WordPress and open source,All respondents,431,31,sentiment,How do you feel about the future of the WordPress open source project?,2.8,39.0,24.4,5.1,-14.6
Volunteers outside WordPress and open source,Yes,251,31,sentiment,How do you feel about the future of the WordPress open source project?,2.68,44.6,20.7,5.6,-23.9
Volunteers outside WordPress and open source,No,180,31,sentiment,How do you feel about the future of the WordPress open source project?,2.96,31.1,29.4,4.4,-1.7
Volunteers outside WordPress and open source,All respondents,431,34,importance,WordPress open source software,4.58,1.4,94.0,65.4,92.6
Volunteers outside WordPress and open source,Yes,251,34,importance,WordPress open source software,4.57,1.6,93.6,65.7,92.0
Volunteers outside WordPress and open source,No,180,34,importance,WordPress open source software,4.58,1.1,94.4,65.0,93.3
Volunteers outside WordPress and open source,All respondents,431,34,importance,The WordPress community,4.13,7.0,80.3,41.8,73.3
Volunteers outside WordPress and open source,Yes,251,34,importance,The WordPress community,4.06,8.8,78.5,39.8,69.7
Volunteers outside WordPress and open source,No,180,34,importance,The WordPress community,4.22,4.4,82.8,44.4,78.3
Volunteers outside WordPress and open source,All respondents,431,34,importance,WordPress events and meetups,3.26,26.7,50.1,19.5,23.4
Volunteers outside WordPress and open source,Yes,251,34,importance,WordPress events and meetups,3.08,32.3,43.0,17.9,10.8
Volunteers outside WordPress and open source,No,180,34,importance,WordPress events and meetups,3.51,18.9,60.0,21.7,41.1
Volunteers outside WordPress and open source,All respondents,431,34,importance,Contributing to WordPress,3.31,18.8,45.7,13.9,26.9
Volunteers outside WordPress and open source,Yes,251,34,importance,Contributing to WordPress,3.24,20.3,41.0,14.7,20.7
Volunteers outside WordPress and open source,No,180,34,importance,Contributing to WordPress,3.39,16.7,52.2,12.8,35.6
Volunteers outside WordPress and open source,All respondents,431,34,importance,Open source values,4.48,2.6,90.7,61.9,88.2
Volunteers outside WordPress and open source,Yes,251,34,importance,Open source values,4.53,2.4,92.0,64.9,89.6
Volunteers outside WordPress and open source,No,180,34,importance,Open source values,4.42,2.8,88.9,57.8,86.1
Volunteers outside WordPress and open source,All respondents,431,34,importance,AI in WordPress,2.47,52.7,29.0,12.8,-23.7
Volunteers outside WordPress and open source,Yes,251,34,importance,AI in WordPress,2.24,61.4,24.3,11.2,-37.1
Volunteers outside WordPress and open source,No,180,34,importance,AI in WordPress,2.79,40.6,35.6,15.0,-5.0
Volunteers outside WordPress and open source,All respondents,431,34,importance,Security in WordPress,4.68,1.4,95.1,75.6,93.7
Volunteers outside WordPress and open source,Yes,251,34,importance,Security in WordPress,4.65,2.0,94.0,74.5,92.0
Volunteers outside WordPress and open source,No,180,34,importance,Security in WordPress,4.73,0.6,96.7,77.2,96.1
Volunteers outside WordPress and open source,All respondents,431,34,importance,Web standards and compliance,4.57,1.6,93.7,65.9,92.1
Volunteers outside WordPress and open source,Yes,251,34,importance,Web standards and compliance,4.55,2.4,92.8,66.1,90.4
Volunteers outside WordPress and open source,No,180,34,importance,Web standards and compliance,4.6,0.6,95.0,65.6,94.4
Volunteers outside WordPress and open source,All respondents,431,34,importance,WordPress leadership,4.04,8.1,73.8,43.4,65.7
Volunteers outside WordPress and open source,Yes,251,34,importance,WordPress leadership,3.94,10.8,71.3,40.2,60.6
Volunteers outside WordPress and open source,No,180,34,importance,WordPress leadership,4.18,4.4,77.2,47.8,72.8
Volunteers outside WordPress and open source,All respondents,431,34,importance,WordPress governance,4.17,5.8,76.6,50.8,70.8
Volunteers outside WordPress and open source,Yes,251,34,importance,WordPress governance,4.1,7.6,75.3,48.6,67.7
Volunteers outside WordPress and open source,No,180,34,importance,WordPress governance,4.26,3.3,78.3,53.9,75.0
Volunteers outside WordPress and open source,All respondents,431,34,importance,"Business issues (mergers & acquisitions, product ecosystem, private equity investment, etc.)",3.14,25.5,41.5,12.5,16.0
Volunteers outside WordPress and open source,Yes,251,34,importance,"Business issues (mergers & acquisitions, product ecosystem, private equity investment, etc.)",3.04,28.7,38.6,10.4,10.0
Volunteers outside WordPress and open source,No,180,34,importance,"Business issues (mergers & acquisitions, product ecosystem, private equity investment, etc.)",3.28,21.1,45.6,15.6,24.4
Volunteers outside WordPress and open source,All respondents,431,34,importance,Enterprise/scale issues,3.13,24.8,40.1,11.1,15.3
Volunteers outside WordPress and open source,Yes,251,34,importance,Enterprise/scale issues,3.02,29.5,37.1,11.6,7.6
Volunteers outside WordPress and open source,No,180,34,importance,Enterprise/scale issues,3.27,18.3,44.4,10.6,26.1
Volunteers outside WordPress and open source,All respondents,431,34,importance,Collaboration with the greater open source ecosystem,3.82,8.8,67.7,26.0,58.9
Volunteers outside WordPress and open source,Yes,251,34,importance,Collaboration with the greater open source ecosystem,3.87,9.6,71.3,29.1,61.8
Volunteers outside WordPress and open source,No,180,34,importance,Collaboration with the greater open source ecosystem,3.74,7.8,62.8,21.7,55.0
Volunteers outside WordPress and open source,All respondents,431,38,importance,Personal capacity,4.22,3.7,82.8,44.5,79.1
Volunteers outside WordPress and open source,Yes,251,38,importance,Personal capacity,4.22,4.8,82.5,46.2,77.7
Volunteers outside WordPress and open source,No,180,38,importance,Personal capacity,4.22,2.2,83.3,42.2,81.1
Volunteers outside WordPress and open source,All respondents,431,38,importance,Financial incentives/restraints,3.05,27.4,33.6,11.8,6.3
Volunteers outside WordPress and open source,Yes,251,38,importance,Financial incentives/restraints,3.03,28.3,31.5,13.1,3.2
Volunteers outside WordPress and open source,No,180,38,importance,Financial incentives/restraints,3.08,26.1,36.7,10.0,10.6
Volunteers outside WordPress and open source,All respondents,431,38,importance,Impact of my contributions to the project,3.4,14.4,47.8,12.8,33.4
Volunteers outside WordPress and open source,Yes,251,38,importance,Impact of my contributions to the project,3.34,16.3,43.4,14.3,27.1
Volunteers outside WordPress and open source,No,180,38,importance,Impact of my contributions to the project,3.49,11.7,53.9,10.6,42.2
Volunteers outside WordPress and open source,All respondents,431,38,importance,Impact of my participation on my professional or personal life,3.6,9.5,58.5,15.3,49.0
Volunteers outside WordPress and open source,Yes,251,38,importance,Impact of my participation on my professional or personal life,3.57,10.8,57.4,16.3,46.6
Volunteers outside WordPress and open source,No,180,38,importance,Impact of my participation on my professional or personal life,3.64,7.8,60.0,13.9,52.2
Volunteers outside WordPress and open source,All respondents,431,38,importance,Understanding how to participate,3.59,10.7,59.6,16.2,49.0
Volunteers outside WordPress and open source,Yes,251,38,importance,Understanding how to participate,3.57,12.4,59.4,16.7,47.0
Volunteers outside WordPress and open source,No,180,38,importance,Understanding how to participate,3.63,8.3,60.0,15.6,51.7
Volunteers outside WordPress and open source,All respondents,431,38,importance,Mentorship or guidance,3.08,23.9,33.4,7.4,9.5
Volunteers outside WordPress and open source,Yes,251,38,importance,Mentorship or guidance,3.08,23.1,33.5,7.2,10.4
Volunteers outside WordPress and open source,No,180,38,importance,Mentorship or guidance,3.07,25.0,33.3,7.8,8.3
Volunteers outside WordPress and open source,All respondents,431,38,importance,Project roadmap,3.43,17.2,51.7,14.2,34.6
Volunteers outside WordPress and open source,Yes,251,38,importance,Project roadmap,3.41,19.5,51.0,16.7,31.5
Volunteers outside WordPress and open source,No,180,38,importance,Project roadmap,3.46,13.9,52.8,10.6,38.9
Volunteers outside WordPress and open source,All respondents,431,38,importance,Project leadership,3.83,12.5,67.3,32.7,54.8
Volunteers outside WordPress and open source,Yes,251,38,importance,Project leadership,3.78,15.1,66.5,33.1,51.4
Volunteers outside WordPress and open source,No,180,38,importance,Project leadership,3.89,8.9,68.3,32.2,59.4
Volunteers outside WordPress and open source,All respondents,431,38,importance,Project governance/policies,3.85,10.4,66.4,32.7,55.9
Volunteers outside WordPress and open source,Yes,251,38,importance,Project governance/policies,3.84,12.0,66.5,33.9,54.6
Volunteers outside WordPress and open source,No,180,38,importance,Project governance/policies,3.87,8.3,66.1,31.1,57.8
Volunteers outside WordPress and open source,All respondents,431,38,importance,"Advocacy on behalf of web standards (accessibility, privacy, etc.)",3.99,7.7,75.6,33.6,68.0
Volunteers outside WordPress and open source,Yes,251,38,importance,"Advocacy on behalf of web standards (accessibility, privacy, etc.)",4.0,7.2,76.9,33.5,69.7
Volunteers outside WordPress and open source,No,180,38,importance,"Advocacy on behalf of web standards (accessibility, privacy, etc.)",3.98,8.3,73.9,33.9,65.6
Volunteers outside WordPress and open source,All respondents,431,38,importance,Participation in the WordPress community,3.52,10.0,53.4,15.3,43.4
Volunteers outside WordPress and open source,Yes,251,38,importance,Participation in the WordPress community,3.42,12.4,49.8,13.1,37.5
Volunteers outside WordPress and open source,No,180,38,importance,Participation in the WordPress community,3.67,6.7,58.3,18.3,51.7
Volunteers outside WordPress and open source,All respondents,431,38,importance,Feeling welcome/included,4.06,5.8,76.3,39.2,70.5
Volunteers outside WordPress and open source,Yes,251,38,importance,Feeling welcome/included,4.01,7.2,74.5,38.6,67.3
Volunteers outside WordPress and open source,No,180,38,importance,Feeling welcome/included,4.13,3.9,78.9,40.0,75.0
Volunteers outside WordPress and open source,All respondents,431,38,importance,Participating in a language other than English,2.46,45.2,19.7,6.3,-25.5
Volunteers outside WordPress and open source,Yes,251,38,importance,Participating in a language other than English,2.43,45.4,18.3,5.2,-27.1
Volunteers outside WordPress and open source,No,180,38,importance,Participating in a language other than English,2.51,45.0,21.7,7.8,-23.3
Volunteers outside WordPress and open source,All respondents,431,38,importance,Working asynchronously,3.61,11.6,55.5,24.1,43.9
Volunteers outside WordPress and open source,Yes,251,38,importance,Working asynchronously,3.58,13.5,55.8,24.7,42.2
Volunteers outside WordPress and open source,No,180,38,importance,Working asynchronously,3.65,8.9,55.0,23.3,46.1
Volunteers outside WordPress and open source,All respondents,431,50,agreement,Attending in-person WordPress-related events is important to me.,3.13,35.3,46.6,21.3,11.4
Volunteers outside WordPress and open source,Yes,251,50,agreement,Attending in-person WordPress-related events is important to me.,2.95,41.4,39.4,20.7,-2.0
Volunteers outside WordPress and open source,No,180,50,agreement,Attending in-person WordPress-related events is important to me.,3.39,26.7,56.7,22.2,30.0
Volunteers outside WordPress and open source,All respondents,431,57,importance,A location local to you,3.73,13.9,65.9,27.8,52.0
Volunteers outside WordPress and open source,Yes,251,57,importance,A location local to you,3.7,12.7,64.5,25.5,51.8
Volunteers outside WordPress and open source,No,180,57,importance,A location local to you,3.78,15.6,67.8,31.1,52.2
Volunteers outside WordPress and open source,All respondents,431,57,importance,A regional/destination location,3.42,16.7,54.3,13.9,37.6
Volunteers outside WordPress and open source,Yes,251,57,importance,A regional/destination location,3.35,18.3,52.2,12.0,33.9
Volunteers outside WordPress and open source,No,180,57,importance,A regional/destination location,3.51,14.4,57.2,16.7,42.8
Volunteers outside WordPress and open source,All respondents,431,57,importance,Events with smaller attendance,2.91,24.8,25.1,3.9,0.2
Volunteers outside WordPress and open source,Yes,251,57,importance,Events with smaller attendance,2.94,22.7,23.9,4.8,1.2
Volunteers outside WordPress and open source,No,180,57,importance,Events with smaller attendance,2.87,27.8,26.7,2.8,-1.1
Volunteers outside WordPress and open source,All respondents,431,57,importance,Events with larger attendance,2.72,31.6,16.9,2.8,-14.6
Volunteers outside WordPress and open source,Yes,251,57,importance,Events with larger attendance,2.65,32.7,14.3,1.6,-18.3
Volunteers outside WordPress and open source,No,180,57,importance,Events with larger attendance,2.82,30.0,20.6,4.4,-9.4
Volunteers outside WordPress and open source,All respondents,431,57,importance,"Hard skill development (technical instruction, workshops, etc.)",3.37,18.1,52.9,11.8,34.8
Volunteers outside WordPress and open source,Yes,251,57,importance,"Hard skill development (technical instruction, workshops, etc.)",3.4,17.5,55.0,12.0,37.5
Volunteers outside WordPress and open source,No,180,57,importance,"Hard skill development (technical instruction, workshops, etc.)",3.32,18.9,50.0,11.7,31.1
Volunteers outside WordPress and open source,All respondents,431,57,importance,"Soft skill development (business development, personal development, etc.)",3.08,24.8,38.5,6.7,13.7
Volunteers outside WordPress and open source,Yes,251,57,importance,"Soft skill development (business development, personal development, etc.)",3.11,24.7,38.2,8.0,13.5
Volunteers outside WordPress and open source,No,180,57,importance,"Soft skill development (business development, personal development, etc.)",3.03,25.0,38.9,5.0,13.9
Volunteers outside WordPress and open source,All respondents,431,57,importance,Topics of sessions / panels,3.69,11.1,67.3,18.6,56.1
Volunteers outside WordPress and open source,Yes,251,57,importance,Topics of sessions / panels,3.69,11.2,67.7,18.3,56.6
Volunteers outside WordPress and open source,No,180,57,importance,Topics of sessions / panels,3.69,11.1,66.7,18.9,55.6
Volunteers outside WordPress and open source,All respondents,431,57,importance,Particular speakers / keynotes,3.14,21.8,38.7,7.7,16.9
Volunteers outside WordPress and open source,Yes,251,57,importance,Particular speakers / keynotes,3.2,20.7,42.2,8.8,21.5
Volunteers outside WordPress and open source,No,180,57,importance,Particular speakers / keynotes,3.06,23.3,33.9,6.1,10.6
Volunteers outside WordPress and open source,All respondents,431,57,importance,Meeting professional development requirements,2.83,32.0,28.8,7.0,-3.2
Volunteers outside WordPress and open source,Yes,251,57,importance,Meeting professional development requirements,2.82,31.9,27.5,7.2,-4.4
Volunteers outside WordPress and open source,No,180,57,importance,Meeting professional development requirements,2.84,32.2,30.6,6.7,-1.7
Volunteers outside WordPress and open source,All respondents,431,57,importance,Networking opportunities,3.65,14.2,60.6,25.1,46.4
Volunteers outside WordPress and open source,Yes,251,57,importance,Networking opportunities,3.65,14.7,59.0,27.1,44.2
Volunteers outside WordPress and open source,No,180,57,importance,Networking opportunities,3.64,13.3,62.8,22.2,49.4
Volunteers outside WordPress and open source,All respondents,431,57,importance,Community development/engagement,3.61,11.8,61.5,18.3,49.7
Volunteers outside WordPress and open source,Yes,251,57,importance,Community development/engagement,3.6,13.9,62.2,20.3,48.2
Volunteers outside WordPress and open source,No,180,57,importance,Community development/engagement,3.63,8.9,60.6,15.6,51.7
Volunteers outside WordPress and open source,All respondents,431,57,importance,Cost of ticket,3.44,19.5,54.5,17.6,35.0
Volunteers outside WordPress and open source,Yes,251,57,importance,Cost of ticket,3.5,18.3,57.4,19.9,39.0
Volunteers outside WordPress and open source,No,180,57,importance,Cost of ticket,3.35,21.1,50.6,14.4,29.4
Volunteers outside WordPress and open source,All respondents,431,57,importance,"Cost of attendance (travel, housing, etc.)",3.9,11.4,72.4,34.3,61.0
Volunteers outside WordPress and open source,Yes,251,57,importance,"Cost of attendance (travel, housing, etc.)",3.91,12.7,72.9,36.7,60.2
Volunteers outside WordPress and open source,No,180,57,importance,"Cost of attendance (travel, housing, etc.)",3.89,9.4,71.7,31.1,62.2
Volunteers outside WordPress and open source,All respondents,431,59,sentiment,"Right now, how do you generally feel about open source software?",4.16,3.9,81.7,39.4,77.7
Volunteers outside WordPress and open source,Yes,251,59,sentiment,"Right now, how do you generally feel about open source software?",4.2,5.2,82.9,43.0,77.7
Volunteers outside WordPress and open source,No,180,59,sentiment,"Right now, how do you generally feel about open source software?",4.12,2.2,80.0,34.4,77.8
Volunteers outside WordPress and open source,All respondents,431,62,importance,Open source software,4.59,1.2,93.5,68.0,92.3
Volunteers outside WordPress and open source,Yes,251,62,importance,Open source software,4.65,0.8,95.6,71.3,94.8
Volunteers outside WordPress and open source,No,180,62,importance,Open source software,4.51,1.7,90.6,63.3,88.9
Volunteers outside WordPress and open source,All respondents,431,62,importance,Open source values (whatever that means to you)required,4.51,3.2,91.9,64.3,88.6
Volunteers outside WordPress and open source,Yes,251,62,importance,Open source values (whatever that means to you)required,4.61,2.8,95.6,70.1,92.8
Volunteers outside WordPress and open source,No,180,62,importance,Open source values (whatever that means to you)required,4.37,3.9,86.7,56.1,82.8
Volunteers outside WordPress and open source,All respondents,431,62,importance,The sustainability of open source projects,4.58,1.2,93.3,66.6,92.1
Volunteers outside WordPress and open source,Yes,251,62,importance,The sustainability of open source projects,4.63,1.2,94.4,71.3,93.2
Volunteers outside WordPress and open source,No,180,62,importance,The sustainability of open source projects,4.5,1.1,91.7,60.0,90.6
Volunteers outside WordPress and open source,All respondents,431,62,importance,Open source in WordPress,4.51,2.8,92.1,63.1,89.3
Volunteers outside WordPress and open source,Yes,251,62,importance,Open source in WordPress,4.51,3.6,93.2,64.9,89.6
Volunteers outside WordPress and open source,No,180,62,importance,Open source in WordPress,4.49,1.7,90.6,60.6,88.9
Volunteers outside WordPress and open source,All respondents,431,62,importance,Open source in AI,3.24,29.2,50.1,27.4,20.9
Volunteers outside WordPress and open source,Yes,251,62,importance,Open source in AI,3.09,35.1,46.6,27.1,11.6
Volunteers outside WordPress and open source,No,180,62,importance,Open source in AI,3.46,21.1,55.0,27.8,33.9
Volunteers outside WordPress and open source,All respondents,431,67,sentiment,"Right now, how do you generally feel about AI in the tech industry?",2.6,46.2,31.1,10.0,-15.1
Volunteers outside WordPress and open source,Yes,251,67,sentiment,"Right now, how do you generally feel about AI in the tech industry?",2.4,53.4,26.7,9.6,-26.7
Volunteers outside WordPress and open source,No,180,67,sentiment,"Right now, how do you generally feel about AI in the tech industry?",2.88,36.1,37.2,10.6,1.1
Volunteers outside WordPress and open source,All respondents,431,68,sentiment,"Right now, how do you generally feel about AI in WordPress?",2.35,49.9,16.9,3.9,-32.9
Volunteers outside WordPress and open source,Yes,251,68,sentiment,"Right now, how do you generally feel about AI in WordPress?",2.13,59.0,14.3,3.6,-44.6
Volunteers outside WordPress and open source,No,180,68,sentiment,"Right now, how do you generally feel about AI in WordPress?",2.64,37.2,20.6,4.4,-16.7
Volunteers outside WordPress and open source,All respondents,431,69,sentiment,"Right now, how do you generally feel about AI in web development (vibe coding, agentic development, etc.)?",2.7,44.8,34.6,12.5,-10.2
Volunteers outside WordPress and open source,Yes,251,69,sentiment,"Right now, how do you generally feel about AI in web development (vibe coding, agentic development, etc.)?",2.51,51.0,29.5,12.0,-21.5
Volunteers outside WordPress and open source,No,180,69,sentiment,"Right now, how do you generally feel about AI in web development (vibe coding, agentic development, etc.)?",2.96,36.1,41.7,13.3,5.6
Income depends on WordPress,All respondents,431,19,agreement,I consider myself to be a contributor to the WordPress open source project.,3.04,37.1,42.0,17.6,4.9
Income depends on WordPress,Yes,205,19,agreement,I consider myself to be a contributor to the WordPress open source project.,3.5,22.0,56.6,25.9,34.6
Income depends on WordPress,No,138,19,agreement,I consider myself to be a contributor to the WordPress open source project.,2.49,56.5,25.4,10.1,-31.2
Income depends on WordPress,Partially,82,19,agreement,I consider myself to be a contributor to the WordPress open source project.,2.79,42.7,32.9,8.5,-9.8
Income depends on WordPress,All respondents,431,22,agreement,I consider myself to be a member of the WordPress community.,3.88,12.3,71.5,32.9,59.2
Income depends on WordPress,Yes,205,22,agreement,I consider myself to be a member of the WordPress community.,4.29,4.4,84.9,49.8,80.5
Income depends on WordPress,No,138,22,agreement,I consider myself to be a member of the WordPress community.,3.41,23.9,56.5,16.7,32.6
Income depends on WordPress,Partially,82,22,agreement,I consider myself to be a member of the WordPress community.,3.66,12.2,63.4,18.3,51.2
Income depends on WordPress,All respondents,431,28,sentiment,"Right now, how do you feel overall about the WordPress open source project?",2.87,38.1,32.7,4.6,-5.3
Income depends on WordPress,Yes,205,28,sentiment,"Right now, how do you feel overall about the WordPress open source project?",3.01,32.2,37.6,4.9,5.4
Income depends on WordPress,No,138,28,sentiment,"Right now, how do you feel overall about the WordPress open source project?",2.83,40.6,32.6,5.8,-8.0
Income depends on WordPress,Partially,82,28,sentiment,"Right now, how do you feel overall about the WordPress open source project?",2.63,46.3,22.0,1.2,-24.4
Income depends on WordPress,All respondents,431,31,sentiment,How do you feel about the future of the WordPress open source project?,2.8,39.0,24.4,5.1,-14.6
Income depends on WordPress,Yes,205,31,sentiment,How do you feel about the future of the WordPress open source project?,2.95,33.2,30.2,5.9,-2.9
Income depends on WordPress,No,138,31,sentiment,How do you feel about the future of the WordPress open source project?,2.7,42.8,20.3,5.1,-22.5
Income depends on WordPress,Partially,82,31,sentiment,How do you feel about the future of the WordPress open source project?,2.61,46.3,17.1,2.4,-29.3
Income depends on WordPress,All respondents,431,34,importance,WordPress open source software,4.58,1.4,94.0,65.4,92.6
Income depends on WordPress,Yes,205,34,importance,WordPress open source software,4.67,0.5,95.6,71.7,95.1
Income depends on WordPress,No,138,34,importance,WordPress open source software,4.42,3.6,90.6,56.5,87.0
Income depends on WordPress,Partially,82,34,importance,WordPress open source software,4.59,0.0,95.1,63.4,95.1
Income depends on WordPress,All respondents,431,34,importance,The WordPress community,4.13,7.0,80.3,41.8,73.3
Income depends on WordPress,Yes,205,34,importance,The WordPress community,4.35,4.4,85.9,55.1,81.5
Income depends on WordPress,No,138,34,importance,The WordPress community,3.82,12.3,68.8,29.0,56.5
Income depends on WordPress,Partially,82,34,importance,The WordPress community,4.09,4.9,84.1,30.5,79.3
Income depends on WordPress,All respondents,431,34,importance,WordPress events and meetups,3.26,26.7,50.1,19.5,23.4
Income depends on WordPress,Yes,205,34,importance,WordPress events and meetups,3.62,19.5,63.9,29.8,44.4
Income depends on WordPress,No,138,34,importance,WordPress events and meetups,2.85,35.5,34.8,10.1,-0.7
Income depends on WordPress,Partially,82,34,importance,WordPress events and meetups,3.02,29.3,40.2,8.5,11.0
Income depends on WordPress,All respondents,431,34,importance,Contributing to WordPress,3.31,18.8,45.7,13.9,26.9
Income depends on WordPress,Yes,205,34,importance,Contributing to WordPress,3.49,16.1,54.1,19.0,38.0
Income depends on WordPress,No,138,34,importance,Contributing to WordPress,3.04,23.9,34.1,8.0,10.1
Income depends on WordPress,Partially,82,34,importance,Contributing to WordPress,3.28,17.1,43.9,9.8,26.8
Income depends on WordPress,All respondents,431,34,importance,Open source values,4.48,2.6,90.7,61.9,88.2
Income depends on WordPress,Yes,205,34,importance,Open source values,4.45,2.9,88.3,61.5,85.4
Income depends on WordPress,No,138,34,importance,Open source values,4.5,2.9,91.3,63.8,88.4
Income depends on WordPress,Partially,82,34,importance,Open source values,4.51,1.2,95.1,58.5,93.9
Income depends on WordPress,All respondents,431,34,importance,AI in WordPress,2.47,52.7,29.0,12.8,-23.7
Income depends on WordPress,Yes,205,34,importance,AI in WordPress,2.78,44.9,37.1,17.6,-7.8
Income depends on WordPress,No,138,34,importance,AI in WordPress,2.14,61.6,21.0,8.7,-40.6
Income depends on WordPress,Partially,82,34,importance,AI in WordPress,2.26,57.3,23.2,7.3,-34.1
Income depends on WordPress,All respondents,431,34,importance,Security in WordPress,4.68,1.4,95.1,75.6,93.7
Income depends on WordPress,Yes,205,34,importance,Security in WordPress,4.69,1.0,95.6,75.1,94.6
Income depends on WordPress,No,138,34,importance,Security in WordPress,4.65,2.2,93.5,75.4,91.3
Income depends on WordPress,Partially,82,34,importance,Security in WordPress,4.71,1.2,96.3,76.8,95.1
Income depends on WordPress,All respondents,431,34,importance,Web standards and compliance,4.57,1.6,93.7,65.9,92.1
Income depends on WordPress,Yes,205,34,importance,Web standards and compliance,4.56,1.5,93.2,64.9,91.7
Income depends on WordPress,No,138,34,importance,Web standards and compliance,4.57,2.2,94.9,65.2,92.8
Income depends on WordPress,Partially,82,34,importance,Web standards and compliance,4.6,1.2,93.9,68.3,92.7
Income depends on WordPress,All respondents,431,34,importance,WordPress leadership,4.04,8.1,73.8,43.4,65.7
Income depends on WordPress,Yes,205,34,importance,WordPress leadership,4.15,9.3,77.6,50.7,68.3
Income depends on WordPress,No,138,34,importance,WordPress leadership,3.91,8.0,69.6,35.5,61.6
Income depends on WordPress,Partially,82,34,importance,WordPress leadership,3.95,6.1,70.7,36.6,64.6
Income depends on WordPress,All respondents,431,34,importance,WordPress governance,4.17,5.8,76.6,50.8,70.8
Income depends on WordPress,Yes,205,34,importance,WordPress governance,4.27,5.4,80.5,55.1,75.1
Income depends on WordPress,No,138,34,importance,WordPress governance,4.04,6.5,71.7,44.9,65.2
Income depends on WordPress,Partially,82,34,importance,WordPress governance,4.12,6.1,75.6,48.8,69.5
Income depends on WordPress,All respondents,431,34,importance,"Business issues (mergers & acquisitions, product ecosystem, private equity investment, etc.)",3.14,25.5,41.5,12.5,16.0
Income depends on WordPress,Yes,205,34,importance,"Business issues (mergers & acquisitions, product ecosystem, private equity investment, etc.)",3.32,20.5,47.3,15.6,26.8
Income depends on WordPress,No,138,34,importance,"Business issues (mergers & acquisitions, product ecosystem, private equity investment, etc.)",2.98,29.0,33.3,11.6,4.3
Income depends on WordPress,Partially,82,34,importance,"Business issues (mergers & acquisitions, product ecosystem, private equity investment, etc.)",2.95,32.9,41.5,7.3,8.5
Income depends on WordPress,All respondents,431,34,importance,Enterprise/scale issues,3.13,24.8,40.1,11.1,15.3
Income depends on WordPress,Yes,205,34,importance,Enterprise/scale issues,3.28,21.5,44.9,13.7,23.4
Income depends on WordPress,No,138,34,importance,Enterprise/scale issues,2.88,31.9,31.2,8.7,-0.7
Income depends on WordPress,Partially,82,34,importance,Enterprise/scale issues,3.17,22.0,43.9,9.8,22.0
Income depends on WordPress,All respondents,431,34,importance,Collaboration with the greater open source ecosystem,3.82,8.8,67.7,26.0,58.9
Income depends on WordPress,Yes,205,34,importance,Collaboration with the greater open source ecosystem,3.72,10.7,63.4,23.4,52.7
Income depends on WordPress,No,138,34,importance,Collaboration with the greater open source ecosystem,3.91,5.8,71.7,27.5,65.9
Income depends on WordPress,Partially,82,34,importance,Collaboration with the greater open source ecosystem,3.88,9.8,72.0,28.0,62.2
Income depends on WordPress,All respondents,431,38,importance,Personal capacity,4.22,3.7,82.8,44.5,79.1
Income depends on WordPress,Yes,205,38,importance,Personal capacity,4.34,3.4,86.8,52.2,83.4
Income depends on WordPress,No,138,38,importance,Personal capacity,4.12,3.6,80.4,37.7,76.8
Income depends on WordPress,Partially,82,38,importance,Personal capacity,4.09,4.9,76.8,37.8,72.0
Income depends on WordPress,All respondents,431,38,importance,Financial incentives/restraints,3.05,27.4,33.6,11.8,6.3
Income depends on WordPress,Yes,205,38,importance,Financial incentives/restraints,3.22,24.9,41.0,17.1,16.1
Income depends on WordPress,No,138,38,importance,Financial incentives/restraints,2.73,34.1,21.0,5.1,-13.0
Income depends on WordPress,Partially,82,38,importance,Financial incentives/restraints,3.1,24.4,35.4,8.5,11.0
Income depends on WordPress,All respondents,431,38,importance,Impact of my contributions to the project,3.4,14.4,47.8,12.8,33.4
Income depends on WordPress,Yes,205,38,importance,Impact of my contributions to the project,3.52,11.7,53.2,14.1,41.5
Income depends on WordPress,No,138,38,importance,Impact of my contributions to the project,3.22,16.7,38.4,8.7,21.7
Income depends on WordPress,Partially,82,38,importance,Impact of my contributions to the project,3.33,18.3,47.6,12.2,29.3
Income depends on WordPress,All respondents,431,38,importance,Impact of my participation on my professional or personal life,3.6,9.5,58.5,15.3,49.0
Income depends on WordPress,Yes,205,38,importance,Impact of my participation on my professional or personal life,3.78,7.3,68.8,18.0,61.5
Income depends on WordPress,No,138,38,importance,Impact of my participation on my professional or personal life,3.44,11.6,49.3,13.0,37.7
Income depends on WordPress,Partially,82,38,importance,Impact of my participation on my professional or personal life,3.38,12.2,47.6,9.8,35.4
Income depends on WordPress,All respondents,431,38,importance,Understanding how to participate,3.59,10.7,59.6,16.2,49.0
Income depends on WordPress,Yes,205,38,importance,Understanding how to participate,3.61,11.7,61.0,18.5,49.3
Income depends on WordPress,No,138,38,importance,Understanding how to participate,3.55,10.9,58.7,13.8,47.8
Income depends on WordPress,Partially,82,38,importance,Understanding how to participate,3.6,8.5,58.5,14.6,50.0
Income depends on WordPress,All respondents,431,38,importance,Mentorship or guidance,3.08,23.9,33.4,7.4,9.5
Income depends on WordPress,Yes,205,38,importance,Mentorship or guidance,3.09,25.9,35.6,9.3,9.8
Income depends on WordPress,No,138,38,importance,Mentorship or guidance,3.1,21.7,34.8,5.8,13.0
Income depends on WordPress,Partially,82,38,importance,Mentorship or guidance,2.96,23.2,23.2,4.9,0.0
Income depends on WordPress,All respondents,431,38,importance,Project roadmap,3.43,17.2,51.7,14.2,34.6
Income depends on WordPress,Yes,205,38,importance,Project roadmap,3.4,18.5,50.7,14.1,32.2
Income depends on WordPress,No,138,38,importance,Project roadmap,3.44,14.5,52.9,12.3,38.4
Income depends on WordPress,Partially,82,38,importance,Project roadmap,3.43,19.5,51.2,14.6,31.7
Income depends on WordPress,All respondents,431,38,importance,Project leadership,3.83,12.5,67.3,32.7,54.8
Income depends on WordPress,Yes,205,38,importance,Project leadership,3.83,13.7,68.3,33.7,54.6
Income depends on WordPress,No,138,38,importance,Project leadership,3.81,9.4,65.2,30.4,55.8
Income depends on WordPress,Partially,82,38,importance,Project leadership,3.79,15.9,67.1,31.7,51.2
Income depends on WordPress,All respondents,431,38,importance,Project governance/policies,3.85,10.4,66.4,32.7,55.9
Income depends on WordPress,Yes,205,38,importance,Project governance/policies,3.85,11.2,66.3,33.7,55.1
Income depends on WordPress,No,138,38,importance,Project governance/policies,3.8,8.7,64.5,28.3,55.8
Income depends on WordPress,Partially,82,38,importance,Project governance/policies,3.9,12.2,69.5,35.4,57.3
Income depends on WordPress,All respondents,431,38,importance,"Advocacy on behalf of web standards (accessibility, privacy, etc.)",3.99,7.7,75.6,33.6,68.0
Income depends on WordPress,Yes,205,38,importance,"Advocacy on behalf of web standards (accessibility, privacy, etc.)",3.95,8.3,73.7,31.2,65.4
Income depends on WordPress,No,138,38,importance,"Advocacy on behalf of web standards (accessibility, privacy, etc.)",4.04,8.0,77.5,37.0,69.6
Income depends on WordPress,Partially,82,38,importance,"Advocacy on behalf of web standards (accessibility, privacy, etc.)",4.01,6.1,78.0,32.9,72.0
Income depends on WordPress,All respondents,431,38,importance,Participation in the WordPress community,3.52,10.0,53.4,15.3,43.4
Income depends on WordPress,Yes,205,38,importance,Participation in the WordPress community,3.7,8.8,62.4,21.5,53.7
Income depends on WordPress,No,138,38,importance,Participation in the WordPress community,3.3,13.0,43.5,7.2,30.4
Income depends on WordPress,Partially,82,38,importance,Participation in the WordPress community,3.4,8.5,45.1,11.0,36.6
Income depends on WordPress,All respondents,431,38,importance,Feeling welcome/included,4.06,5.8,76.3,39.2,70.5
Income depends on WordPress,Yes,205,38,importance,Feeling welcome/included,4.16,4.9,82.0,41.5,77.1
Income depends on WordPress,No,138,38,importance,Feeling welcome/included,3.95,7.2,69.6,38.4,62.3
Income depends on WordPress,Partially,82,38,importance,Feeling welcome/included,3.98,4.9,73.2,31.7,68.3
Income depends on WordPress,All respondents,431,38,importance,Participating in a language other than English,2.46,45.2,19.7,6.3,-25.5
Income depends on WordPress,Yes,205,38,importance,Participating in a language other than English,2.4,49.3,21.5,5.4,-27.8
Income depends on WordPress,No,138,38,importance,Participating in a language other than English,2.49,42.0,17.4,7.2,-24.6
Income depends on WordPress,Partially,82,38,importance,Participating in a language other than English,2.59,40.2,19.5,7.3,-20.7
Income depends on WordPress,All respondents,431,38,importance,Working asynchronously,3.61,11.6,55.5,24.1,43.9
Income depends on WordPress,Yes,205,38,importance,Working asynchronously,3.62,14.1,58.0,27.8,43.9
Income depends on WordPress,No,138,38,importance,Working asynchronously,3.6,8.0,52.9,20.3,44.9
Income depends on WordPress,Partially,82,38,importance,Working asynchronously,3.59,12.2,53.7,23.2,41.5
Income depends on WordPress,All respondents,431,50,agreement,Attending in-person WordPress-related events is important to me.,3.13,35.3,46.6,21.3,11.4
Income depends on WordPress,Yes,205,50,agreement,Attending in-person WordPress-related events is important to me.,3.55,22.9,60.0,32.2,37.1
Income depends on WordPress,No,138,50,agreement,Attending in-person WordPress-related events is important to me.,2.64,50.7,29.0,10.1,-21.7
Income depends on WordPress,Partially,82,50,agreement,Attending in-person WordPress-related events is important to me.,2.91,40.2,42.7,13.4,2.4
Income depends on WordPress,All respondents,431,57,importance,A location local to you,3.73,13.9,65.9,27.8,52.0
Income depends on WordPress,Yes,205,57,importance,A location local to you,3.7,16.1,64.4,29.3,48.3
Income depends on WordPress,No,138,57,importance,A location local to you,3.69,14.5,65.2,24.6,50.7
Income depends on WordPress,Partially,82,57,importance,A location local to you,3.82,8.5,68.3,26.8,59.8
Income depends on WordPress,All respondents,431,57,importance,A regional/destination location,3.42,16.7,54.3,13.9,37.6
Income depends on WordPress,Yes,205,57,importance,A regional/destination location,3.4,19.5,53.7,17.6,34.1
Income depends on WordPress,No,138,57,importance,A regional/destination location,3.44,13.8,55.8,10.9,42.0
Income depends on WordPress,Partially,82,57,importance,A regional/destination location,3.33,15.9,50.0,8.5,34.1
Income depends on WordPress,All respondents,431,57,importance,Events with smaller attendance,2.91,24.8,25.1,3.9,0.2
Income depends on WordPress,Yes,205,57,importance,Events with smaller attendance,2.83,27.8,23.4,2.0,-4.4
Income depends on WordPress,No,138,57,importance,Events with smaller attendance,3.04,23.2,31.9,7.2,8.7
Income depends on WordPress,Partially,82,57,importance,Events with smaller attendance,2.87,22.0,17.1,3.7,-4.9
Income depends on WordPress,All respondents,431,57,importance,Events with larger attendance,2.72,31.6,16.9,2.8,-14.6
Income depends on WordPress,Yes,205,57,importance,Events with larger attendance,2.8,30.2,21.0,4.4,-9.3
Income depends on WordPress,No,138,57,importance,Events with larger attendance,2.52,41.3,11.6,0.7,-29.7
Income depends on WordPress,Partially,82,57,importance,Events with larger attendance,2.84,20.7,15.9,2.4,-4.9
Income depends on WordPress,All respondents,431,57,importance,"Hard skill development (technical instruction, workshops, etc.)",3.37,18.1,52.9,11.8,34.8
Income depends on WordPress,Yes,205,57,importance,"Hard skill development (technical instruction, workshops, etc.)",3.3,21.5,47.8,12.7,26.3
Income depends on WordPress,No,138,57,importance,"Hard skill development (technical instruction, workshops, etc.)",3.4,15.2,55.8,9.4,40.6
Income depends on WordPress,Partially,82,57,importance,"Hard skill development (technical instruction, workshops, etc.)",3.48,14.6,58.5,13.4,43.9
Income depends on WordPress,All respondents,431,57,importance,"Soft skill development (business development, personal development, etc.)",3.08,24.8,38.5,6.7,13.7
Income depends on WordPress,Yes,205,57,importance,"Soft skill development (business development, personal development, etc.)",3.16,22.9,42.4,8.3,19.5
Income depends on WordPress,No,138,57,importance,"Soft skill development (business development, personal development, etc.)",2.87,29.7,27.5,5.8,-2.2
Income depends on WordPress,Partially,82,57,importance,"Soft skill development (business development, personal development, etc.)",3.21,22.0,45.1,4.9,23.2
Income depends on WordPress,All respondents,431,57,importance,Topics of sessions / panels,3.69,11.1,67.3,18.6,56.1
Income depends on WordPress,Yes,205,57,importance,Topics of sessions / panels,3.6,12.7,63.4,16.1,50.7
Income depends on WordPress,No,138,57,importance,Topics of sessions / panels,3.75,9.4,70.3,20.3,60.9
Income depends on WordPress,Partially,82,57,importance,Topics of sessions / panels,3.8,9.8,73.2,22.0,63.4
Income depends on WordPress,All respondents,431,57,importance,Particular speakers / keynotes,3.14,21.8,38.7,7.7,16.9
Income depends on WordPress,Yes,205,57,importance,Particular speakers / keynotes,3.11,21.5,37.6,5.9,16.1
Income depends on WordPress,No,138,57,importance,Particular speakers / keynotes,3.05,25.4,37.0,7.2,11.6
Income depends on WordPress,Partially,82,57,importance,Particular speakers / keynotes,3.33,17.1,43.9,11.0,26.8
Income depends on WordPress,All respondents,431,57,importance,Meeting professional development requirements,2.83,32.0,28.8,7.0,-3.2
Income depends on WordPress,Yes,205,57,importance,Meeting professional development requirements,2.85,30.7,27.3,6.8,-3.4
Income depends on WordPress,No,138,57,importance,Meeting professional development requirements,2.77,36.2,29.0,8.7,-7.2
Income depends on WordPress,Partially,82,57,importance,Meeting professional development requirements,2.82,29.3,29.3,2.4,0.0
Income depends on WordPress,All respondents,431,57,importance,Networking opportunities,3.65,14.2,60.6,25.1,46.4
Income depends on WordPress,Yes,205,57,importance,Networking opportunities,3.92,9.3,71.7,34.1,62.4
Income depends on WordPress,No,138,57,importance,Networking opportunities,3.3,23.9,49.3,16.7,25.4
Income depends on WordPress,Partially,82,57,importance,Networking opportunities,3.54,9.8,52.4,15.9,42.7
Income depends on WordPress,All respondents,431,57,importance,Community development/engagement,3.61,11.8,61.5,18.3,49.7
Income depends on WordPress,Yes,205,57,importance,Community development/engagement,3.83,8.3,69.3,27.3,61.0
Income depends on WordPress,No,138,57,importance,Community development/engagement,3.36,18.1,53.6,10.1,35.5
Income depends on WordPress,Partially,82,57,importance,Community development/engagement,3.46,11.0,54.9,9.8,43.9
Income depends on WordPress,All respondents,431,57,importance,Cost of ticket,3.44,19.5,54.5,17.6,35.0
Income depends on WordPress,Yes,205,57,importance,Cost of ticket,3.37,21.5,51.2,15.6,29.8
Income depends on WordPress,No,138,57,importance,Cost of ticket,3.5,16.7,58.0,18.8,41.3
Income depends on WordPress,Partially,82,57,importance,Cost of ticket,3.48,20.7,54.9,20.7,34.1
Income depends on WordPress,All respondents,431,57,importance,"Cost of attendance (travel, housing, etc.)",3.9,11.4,72.4,34.3,61.0
Income depends on WordPress,Yes,205,57,importance,"Cost of attendance (travel, housing, etc.)",3.91,12.2,72.2,35.6,60.0
Income depends on WordPress,No,138,57,importance,"Cost of attendance (travel, housing, etc.)",3.8,12.3,69.6,29.0,57.2
Income depends on WordPress,Partially,82,57,importance,"Cost of attendance (travel, housing, etc.)",4.02,8.5,76.8,37.8,68.3
Income depends on WordPress,All respondents,431,59,sentiment,"Right now, how do you generally feel about open source software?",4.16,3.9,81.7,39.4,77.7
Income depends on WordPress,Yes,205,59,sentiment,"Right now, how do you generally feel about open source software?",4.15,2.0,80.5,37.1,78.5
Income depends on WordPress,No,138,59,sentiment,"Right now, how do you generally feel about open source software?",4.16,8.0,82.6,43.5,74.6
Income depends on WordPress,Partially,82,59,sentiment,"Right now, how do you generally feel about open source software?",4.18,2.4,82.9,37.8,80.5
Income depends on WordPress,All respondents,431,62,importance,Open source software,4.59,1.2,93.5,68.0,92.3
Income depends on WordPress,Yes,205,62,importance,Open source software,4.54,1.5,91.7,64.4,90.2
Income depends on WordPress,No,138,62,importance,Open source software,4.64,0.7,94.2,71.7,93.5
Income depends on WordPress,Partially,82,62,importance,Open source software,4.63,1.2,96.3,69.5,95.1
Income depends on WordPress,All respondents,431,62,importance,Open source values (whatever that means to you)required,4.51,3.2,91.9,64.3,88.6
Income depends on WordPress,Yes,205,62,importance,Open source values (whatever that means to you)required,4.42,4.4,87.3,61.5,82.9
Income depends on WordPress,No,138,62,importance,Open source values (whatever that means to you)required,4.57,2.9,94.2,67.4,91.3
Income depends on WordPress,Partially,82,62,importance,Open source values (whatever that means to you)required,4.61,1.2,98.8,64.6,97.6
Income depends on WordPress,All respondents,431,62,importance,The sustainability of open source projects,4.58,1.2,93.3,66.6,92.1
Income depends on WordPress,Yes,205,62,importance,The sustainability of open source projects,4.56,0.5,93.2,63.9,92.7
Income depends on WordPress,No,138,62,importance,The sustainability of open source projects,4.59,2.2,92.8,69.6,90.6
Income depends on WordPress,Partially,82,62,importance,The sustainability of open source projects,4.6,1.2,95.1,67.1,93.9
Income depends on WordPress,All respondents,431,62,importance,Open source in WordPress,4.51,2.8,92.1,63.1,89.3
Income depends on WordPress,Yes,205,62,importance,Open source in WordPress,4.49,3.4,91.2,63.9,87.8
Income depends on WordPress,No,138,62,importance,Open source in WordPress,4.49,2.9,92.0,61.6,89.1
Income depends on WordPress,Partially,82,62,importance,Open source in WordPress,4.52,1.2,93.9,61.0,92.7
Income depends on WordPress,All respondents,431,62,importance,Open source in AI,3.24,29.2,50.1,27.4,20.9
Income depends on WordPress,Yes,205,62,importance,Open source in AI,3.4,23.4,53.7,28.3,30.2
Income depends on WordPress,No,138,62,importance,Open source in AI,2.97,37.0,42.0,25.4,5.1
Income depends on WordPress,Partially,82,62,importance,Open source in AI,3.22,32.9,52.4,26.8,19.5
Income depends on WordPress,All respondents,431,67,sentiment,"Right now, how do you generally feel about AI in the tech industry?",2.6,46.2,31.1,10.0,-15.1
Income depends on WordPress,Yes,205,67,sentiment,"Right now, how do you generally feel about AI in the tech industry?",2.93,35.1,37.6,12.2,2.4
Income depends on WordPress,No,138,67,sentiment,"Right now, how do you generally feel about AI in the tech industry?",2.19,60.1,21.7,8.0,-38.4
Income depends on WordPress,Partially,82,67,sentiment,"Right now, how do you generally feel about AI in the tech industry?",2.46,51.2,31.7,8.5,-19.5
Income depends on WordPress,All respondents,431,68,sentiment,"Right now, how do you generally feel about AI in WordPress?",2.35,49.9,16.9,3.9,-32.9
Income depends on WordPress,Yes,205,68,sentiment,"Right now, how do you generally feel about AI in WordPress?",2.68,39.5,25.9,7.3,-13.7
Income depends on WordPress,No,138,68,sentiment,"Right now, how do you generally feel about AI in WordPress?",1.96,62.3,8.0,1.4,-54.3
Income depends on WordPress,Partially,82,68,sentiment,"Right now, how do you generally feel about AI in WordPress?",2.15,54.9,11.0,0.0,-43.9
Income depends on WordPress,All respondents,431,69,sentiment,"Right now, how do you generally feel about AI in web development (vibe coding, agentic development, etc.)?",2.7,44.8,34.6,12.5,-10.2
Income depends on WordPress,Yes,205,69,sentiment,"Right now, how do you generally feel about AI in web development (vibe coding, agentic development, etc.)?",3.08,34.1,44.9,16.6,10.7
Income depends on WordPress,No,138,69,sentiment,"Right now, how do you generally feel about AI in web development (vibe coding, agentic development, etc.)?",2.24,56.5,23.2,7.2,-33.3
Income depends on WordPress,Partially,82,69,sentiment,"Right now, how do you generally feel about AI in web development (vibe coding, agentic development, etc.)?",2.52,52.4,29.3,12.2,-23.2
Experienced hostility personally,All respondents,431,19,agreement,I consider myself to be a contributor to the WordPress open source project.,3.04,37.1,42.0,17.6,4.9
Experienced hostility personally,Experienced,238,19,agreement,I consider myself to be a contributor to the WordPress open source project.,3.29,30.3,50.0,22.3,19.7
Experienced hostility personally,Did not experience,193,19,agreement,I consider myself to be a contributor to the WordPress open source project.,2.74,45.6,32.1,11.9,-13.5
Experienced hostility personally,All respondents,431,22,agreement,I consider myself to be a member of the WordPress community.,3.88,12.3,71.5,32.9,59.2
Experienced hostility personally,Experienced,238,22,agreement,I consider myself to be a member of the WordPress community.,4.07,8.0,78.2,39.5,70.2
Experienced hostility personally,Did not experience,193,22,agreement,I consider myself to be a member of the WordPress community.,3.65,17.6,63.2,24.9,45.6
Experienced hostility personally,All respondents,431,28,sentiment,"Right now, how do you feel overall about the WordPress open source project?",2.87,38.1,32.7,4.6,-5.3
Experienced hostility personally,Experienced,238,28,sentiment,"Right now, how do you feel overall about the WordPress open source project?",2.68,45.4,26.9,3.4,-18.5
Experienced hostility personally,Did not experience,193,28,sentiment,"Right now, how do you feel overall about the WordPress open source project?",3.1,29.0,39.9,6.2,10.9
Experienced hostility personally,All respondents,431,31,sentiment,How do you feel about the future of the WordPress open source project?,2.8,39.0,24.4,5.1,-14.6
Experienced hostility personally,Experienced,238,31,sentiment,How do you feel about the future of the WordPress open source project?,2.63,45.0,19.3,3.8,-25.6
Experienced hostility personally,Did not experience,193,31,sentiment,How do you feel about the future of the WordPress open source project?,3.01,31.6,30.6,6.7,-1.0
Experienced hostility personally,All respondents,431,34,importance,WordPress open source software,4.58,1.4,94.0,65.4,92.6
Experienced hostility personally,Experienced,238,34,importance,WordPress open source software,4.61,0.8,94.5,67.6,93.7
Experienced hostility personally,Did not experience,193,34,importance,WordPress open source software,4.53,2.1,93.3,62.7,91.2
Experienced hostility personally,All respondents,431,34,importance,The WordPress community,4.13,7.0,80.3,41.8,73.3
Experienced hostility personally,Experienced,238,34,importance,The WordPress community,4.23,5.9,85.3,45.8,79.4
Experienced hostility personally,Did not experience,193,34,importance,The WordPress community,4.0,8.3,74.1,36.8,65.8
Experienced hostility personally,All respondents,431,34,importance,WordPress events and meetups,3.26,26.7,50.1,19.5,23.4
Experienced hostility personally,Experienced,238,34,importance,WordPress events and meetups,3.34,25.2,52.5,22.3,27.3
Experienced hostility personally,Did not experience,193,34,importance,WordPress events and meetups,3.16,28.5,47.2,16.1,18.7
Experienced hostility personally,All respondents,431,34,importance,Contributing to WordPress,3.31,18.8,45.7,13.9,26.9
Experienced hostility personally,Experienced,238,34,importance,Contributing to WordPress,3.39,19.3,52.1,16.0,32.8
Experienced hostility personally,Did not experience,193,34,importance,Contributing to WordPress,3.21,18.1,37.8,11.4,19.7
Experienced hostility personally,All respondents,431,34,importance,Open source values,4.48,2.6,90.7,61.9,88.2
Experienced hostility personally,Experienced,238,34,importance,Open source values,4.5,2.9,90.8,63.9,87.8
Experienced hostility personally,Did not experience,193,34,importance,Open source values,4.47,2.1,90.7,59.6,88.6
Experienced hostility personally,All respondents,431,34,importance,AI in WordPress,2.47,52.7,29.0,12.8,-23.7
Experienced hostility personally,Experienced,238,34,importance,AI in WordPress,2.39,55.9,28.2,10.9,-27.7
Experienced hostility personally,Did not experience,193,34,importance,AI in WordPress,2.57,48.7,30.1,15.0,-18.7
Experienced hostility personally,All respondents,431,34,importance,Security in WordPress,4.68,1.4,95.1,75.6,93.7
Experienced hostility personally,Experienced,238,34,importance,Security in WordPress,4.68,1.3,95.4,74.8,94.1
Experienced hostility personally,Did not experience,193,34,importance,Security in WordPress,4.69,1.6,94.8,76.7,93.3
Experienced hostility personally,All respondents,431,34,importance,Web standards and compliance,4.57,1.6,93.7,65.9,92.1
Experienced hostility personally,Experienced,238,34,importance,Web standards and compliance,4.55,1.7,93.3,65.1,91.6
Experienced hostility personally,Did not experience,193,34,importance,Web standards and compliance,4.59,1.6,94.3,66.8,92.7
Experienced hostility personally,All respondents,431,34,importance,WordPress leadership,4.04,8.1,73.8,43.4,65.7
Experienced hostility personally,Experienced,238,34,importance,WordPress leadership,4.15,8.0,79.0,49.6,71.0
Experienced hostility personally,Did not experience,193,34,importance,WordPress leadership,3.9,8.3,67.4,35.8,59.1
Experienced hostility personally,All respondents,431,34,importance,WordPress governance,4.17,5.8,76.6,50.8,70.8
Experienced hostility personally,Experienced,238,34,importance,WordPress governance,4.29,5.5,81.5,56.7,76.1
Experienced hostility personally,Did not experience,193,34,importance,WordPress governance,4.03,6.2,70.5,43.5,64.2
Experienced hostility personally,All respondents,431,34,importance,"Business issues (mergers & acquisitions, product ecosystem, private equity investment, etc.)",3.14,25.5,41.5,12.5,16.0
Experienced hostility personally,Experienced,238,34,importance,"Business issues (mergers & acquisitions, product ecosystem, private equity investment, etc.)",3.15,26.9,44.5,13.0,17.6
Experienced hostility personally,Did not experience,193,34,importance,"Business issues (mergers & acquisitions, product ecosystem, private equity investment, etc.)",3.12,23.8,37.8,11.9,14.0
Experienced hostility personally,All respondents,431,34,importance,Enterprise/scale issues,3.13,24.8,40.1,11.1,15.3
Experienced hostility personally,Experienced,238,34,importance,Enterprise/scale issues,3.2,25.6,44.5,13.9,18.9
Experienced hostility personally,Did not experience,193,34,importance,Enterprise/scale issues,3.04,23.8,34.7,7.8,10.9
Experienced hostility personally,All respondents,431,34,importance,Collaboration with the greater open source ecosystem,3.82,8.8,67.7,26.0,58.9
Experienced hostility personally,Experienced,238,34,importance,Collaboration with the greater open source ecosystem,3.86,9.2,71.0,28.2,61.8
Experienced hostility personally,Did not experience,193,34,importance,Collaboration with the greater open source ecosystem,3.76,8.3,63.7,23.3,55.4
Experienced hostility personally,All respondents,431,38,importance,Personal capacity,4.22,3.7,82.8,44.5,79.1
Experienced hostility personally,Experienced,238,38,importance,Personal capacity,4.25,3.8,83.6,46.2,79.8
Experienced hostility personally,Did not experience,193,38,importance,Personal capacity,4.19,3.6,81.9,42.5,78.2
Experienced hostility personally,All respondents,431,38,importance,Financial incentives/restraints,3.05,27.4,33.6,11.8,6.3
Experienced hostility personally,Experienced,238,38,importance,Financial incentives/restraints,3.1,26.1,38.2,11.8,12.2
Experienced hostility personally,Did not experience,193,38,importance,Financial incentives/restraints,2.99,29.0,28.0,11.9,-1.0
Experienced hostility personally,All respondents,431,38,importance,Impact of my contributions to the project,3.4,14.4,47.8,12.8,33.4
Experienced hostility personally,Experienced,238,38,importance,Impact of my contributions to the project,3.53,14.3,56.3,16.4,42.0
Experienced hostility personally,Did not experience,193,38,importance,Impact of my contributions to the project,3.24,14.5,37.3,8.3,22.8
Experienced hostility personally,All respondents,431,38,importance,Impact of my participation on my professional or personal life,3.6,9.5,58.5,15.3,49.0
Experienced hostility personally,Experienced,238,38,importance,Impact of my participation on my professional or personal life,3.61,9.7,60.9,14.3,51.3
Experienced hostility personally,Did not experience,193,38,importance,Impact of my participation on my professional or personal life,3.59,9.3,55.4,16.6,46.1
Experienced hostility personally,All respondents,431,38,importance,Understanding how to participate,3.59,10.7,59.6,16.2,49.0
Experienced hostility personally,Experienced,238,38,importance,Understanding how to participate,3.64,9.2,61.8,17.2,52.5
Experienced hostility personally,Did not experience,193,38,importance,Understanding how to participate,3.53,12.4,57.0,15.0,44.6
Experienced hostility personally,All respondents,431,38,importance,Mentorship or guidance,3.08,23.9,33.4,7.4,9.5
Experienced hostility personally,Experienced,238,38,importance,Mentorship or guidance,3.08,25.6,35.7,7.6,10.1
Experienced hostility personally,Did not experience,193,38,importance,Mentorship or guidance,3.08,21.8,30.6,7.3,8.8
Experienced hostility personally,All respondents,431,38,importance,Project roadmap,3.43,17.2,51.7,14.2,34.6
Experienced hostility personally,Experienced,238,38,importance,Project roadmap,3.53,14.7,56.7,15.5,42.0
Experienced hostility personally,Did not experience,193,38,importance,Project roadmap,3.3,20.2,45.6,12.4,25.4
Experienced hostility personally,All respondents,431,38,importance,Project leadership,3.83,12.5,67.3,32.7,54.8
Experienced hostility personally,Experienced,238,38,importance,Project leadership,3.96,11.3,73.5,37.8,62.2
Experienced hostility personally,Did not experience,193,38,importance,Project leadership,3.66,14.0,59.6,26.4,45.6
Experienced hostility personally,All respondents,431,38,importance,Project governance/policies,3.85,10.4,66.4,32.7,55.9
Experienced hostility personally,Experienced,238,38,importance,Project governance/policies,3.96,10.1,71.8,36.6,61.8
Experienced hostility personally,Did not experience,193,38,importance,Project governance/policies,3.71,10.9,59.6,28.0,48.7
Experienced hostility personally,All respondents,431,38,importance,"Advocacy on behalf of web standards (accessibility, privacy, etc.)",3.99,7.7,75.6,33.6,68.0
Experienced hostility personally,Experienced,238,38,importance,"Advocacy on behalf of web standards (accessibility, privacy, etc.)",4.08,8.4,80.3,37.8,71.8
Experienced hostility personally,Did not experience,193,38,importance,"Advocacy on behalf of web standards (accessibility, privacy, etc.)",3.88,6.7,69.9,28.5,63.2
Experienced hostility personally,All respondents,431,38,importance,Participation in the WordPress community,3.52,10.0,53.4,15.3,43.4
Experienced hostility personally,Experienced,238,38,importance,Participation in the WordPress community,3.63,9.7,60.1,18.1,50.4
Experienced hostility personally,Did not experience,193,38,importance,Participation in the WordPress community,3.39,10.4,45.1,11.9,34.7
Experienced hostility personally,All respondents,431,38,importance,Feeling welcome/included,4.06,5.8,76.3,39.2,70.5
Experienced hostility personally,Experienced,238,38,importance,Feeling welcome/included,4.24,3.4,84.0,45.4,80.7
Experienced hostility personally,Did not experience,193,38,importance,Feeling welcome/included,3.84,8.8,66.8,31.6,58.0
Experienced hostility personally,All respondents,431,38,importance,Participating in a language other than English,2.46,45.2,19.7,6.3,-25.5
Experienced hostility personally,Experienced,238,38,importance,Participating in a language other than English,2.49,45.4,21.8,6.3,-23.5
Experienced hostility personally,Did not experience,193,38,importance,Participating in a language other than English,2.42,45.1,17.1,6.2,-28.0
Experienced hostility personally,All respondents,431,38,importance,Working asynchronously,3.61,11.6,55.5,24.1,43.9
Experienced hostility personally,Experienced,238,38,importance,Working asynchronously,3.6,13.4,56.7,24.4,43.3
Experienced hostility personally,Did not experience,193,38,importance,Working asynchronously,3.62,9.3,53.9,23.8,44.6
Experienced hostility personally,All respondents,431,50,agreement,Attending in-person WordPress-related events is important to me.,3.13,35.3,46.6,21.3,11.4
Experienced hostility personally,Experienced,238,50,agreement,Attending in-person WordPress-related events is important to me.,3.26,31.9,52.1,23.5,20.2
Experienced hostility personally,Did not experience,193,50,agreement,Attending in-person WordPress-related events is important to me.,2.97,39.4,39.9,18.7,0.5
Experienced hostility personally,All respondents,431,57,importance,A location local to you,3.73,13.9,65.9,27.8,52.0
Experienced hostility personally,Experienced,238,57,importance,A location local to you,3.71,13.4,65.5,25.2,52.1
Experienced hostility personally,Did not experience,193,57,importance,A location local to you,3.76,14.5,66.3,31.1,51.8
Experienced hostility personally,All respondents,431,57,importance,A regional/destination location,3.42,16.7,54.3,13.9,37.6
Experienced hostility personally,Experienced,238,57,importance,A regional/destination location,3.42,16.4,53.4,13.9,37.0
Experienced hostility personally,Did not experience,193,57,importance,A regional/destination location,3.41,17.1,55.4,14.0,38.3
Experienced hostility personally,All respondents,431,57,importance,Events with smaller attendance,2.91,24.8,25.1,3.9,0.2
Experienced hostility personally,Experienced,238,57,importance,Events with smaller attendance,2.89,25.6,23.9,4.2,-1.7
Experienced hostility personally,Did not experience,193,57,importance,Events with smaller attendance,2.94,23.8,26.4,3.6,2.6
Experienced hostility personally,All respondents,431,57,importance,Events with larger attendance,2.72,31.6,16.9,2.8,-14.6
Experienced hostility personally,Experienced,238,57,importance,Events with larger attendance,2.76,30.7,19.3,3.4,-11.3
Experienced hostility personally,Did not experience,193,57,importance,Events with larger attendance,2.67,32.6,14.0,2.1,-18.7
Experienced hostility personally,All respondents,431,57,importance,"Hard skill development (technical instruction, workshops, etc.)",3.37,18.1,52.9,11.8,34.8
Experienced hostility personally,Experienced,238,57,importance,"Hard skill development (technical instruction, workshops, etc.)",3.41,17.2,54.6,13.9,37.4
Experienced hostility personally,Did not experience,193,57,importance,"Hard skill development (technical instruction, workshops, etc.)",3.32,19.2,50.8,9.3,31.6
Experienced hostility personally,All respondents,431,57,importance,"Soft skill development (business development, personal development, etc.)",3.08,24.8,38.5,6.7,13.7
Experienced hostility personally,Experienced,238,57,importance,"Soft skill development (business development, personal development, etc.)",3.09,25.2,40.8,6.7,15.5
Experienced hostility personally,Did not experience,193,57,importance,"Soft skill development (business development, personal development, etc.)",3.06,24.4,35.8,6.7,11.4
Experienced hostility personally,All respondents,431,57,importance,Topics of sessions / panels,3.69,11.1,67.3,18.6,56.1
Experienced hostility personally,Experienced,238,57,importance,Topics of sessions / panels,3.7,12.2,68.5,20.6,56.3
Experienced hostility personally,Did not experience,193,57,importance,Topics of sessions / panels,3.67,9.8,65.8,16.1,56.0
Experienced hostility personally,All respondents,431,57,importance,Particular speakers / keynotes,3.14,21.8,38.7,7.7,16.9
Experienced hostility personally,Experienced,238,57,importance,Particular speakers / keynotes,3.12,25.2,42.0,7.6,16.8
Experienced hostility personally,Did not experience,193,57,importance,Particular speakers / keynotes,3.16,17.6,34.7,7.8,17.1
Experienced hostility personally,All respondents,431,57,importance,Meeting professional development requirements,2.83,32.0,28.8,7.0,-3.2
Experienced hostility personally,Experienced,238,57,importance,Meeting professional development requirements,2.82,34.0,28.2,8.4,-5.9
Experienced hostility personally,Did not experience,193,57,importance,Meeting professional development requirements,2.84,29.5,29.5,5.2,0.0
Experienced hostility personally,All respondents,431,57,importance,Networking opportunities,3.65,14.2,60.6,25.1,46.4
Experienced hostility personally,Experienced,238,57,importance,Networking opportunities,3.71,13.4,62.6,28.6,49.2
Experienced hostility personally,Did not experience,193,57,importance,Networking opportunities,3.56,15.0,58.0,20.7,43.0
Experienced hostility personally,All respondents,431,57,importance,Community development/engagement,3.61,11.8,61.5,18.3,49.7
Experienced hostility personally,Experienced,238,57,importance,Community development/engagement,3.63,11.3,60.9,20.6,49.6
Experienced hostility personally,Did not experience,193,57,importance,Community development/engagement,3.59,12.4,62.2,15.5,49.7
Experienced hostility personally,All respondents,431,57,importance,Cost of ticket,3.44,19.5,54.5,17.6,35.0
Experienced hostility personally,Experienced,238,57,importance,Cost of ticket,3.39,22.3,55.0,16.4,32.8
Experienced hostility personally,Did not experience,193,57,importance,Cost of ticket,3.49,16.1,53.9,19.2,37.8
Experienced hostility personally,All respondents,431,57,importance,"Cost of attendance (travel, housing, etc.)",3.9,11.4,72.4,34.3,61.0
Experienced hostility personally,Experienced,238,57,importance,"Cost of attendance (travel, housing, etc.)",3.91,12.6,74.8,34.9,62.2
Experienced hostility personally,Did not experience,193,57,importance,"Cost of attendance (travel, housing, etc.)",3.9,9.8,69.4,33.7,59.6
Experienced hostility personally,All respondents,431,59,sentiment,"Right now, how do you generally feel about open source software?",4.16,3.9,81.7,39.4,77.7
Experienced hostility personally,Experienced,238,59,sentiment,"Right now, how do you generally feel about open source software?",4.12,3.8,81.1,35.3,77.3
Experienced hostility personally,Did not experience,193,59,sentiment,"Right now, how do you generally feel about open source software?",4.22,4.1,82.4,44.6,78.2
Experienced hostility personally,All respondents,431,62,importance,Open source software,4.59,1.2,93.5,68.0,92.3
Experienced hostility personally,Experienced,238,62,importance,Open source software,4.6,1.7,94.1,68.5,92.4
Experienced hostility personally,Did not experience,193,62,importance,Open source software,4.59,0.5,92.7,67.4,92.2
Experienced hostility personally,All respondents,431,62,importance,Open source values (whatever that means to you)required,4.51,3.2,91.9,64.3,88.6
Experienced hostility personally,Experienced,238,62,importance,Open source values (whatever that means to you)required,4.55,3.8,93.3,67.6,89.5
Experienced hostility personally,Did not experience,193,62,importance,Open source values (whatever that means to you)required,4.47,2.6,90.2,60.1,87.6
Experienced hostility personally,All respondents,431,62,importance,The sustainability of open source projects,4.58,1.2,93.3,66.6,92.1
Experienced hostility personally,Experienced,238,62,importance,The sustainability of open source projects,4.61,1.3,94.1,68.5,92.9
Experienced hostility personally,Did not experience,193,62,importance,The sustainability of open source projects,4.54,1.0,92.2,64.2,91.2
Experienced hostility personally,All respondents,431,62,importance,Open source in WordPress,4.51,2.8,92.1,63.1,89.3
Experienced hostility personally,Experienced,238,62,importance,Open source in WordPress,4.52,2.9,92.4,65.1,89.5
Experienced hostility personally,Did not experience,193,62,importance,Open source in WordPress,4.49,2.6,91.7,60.6,89.1
Experienced hostility personally,All respondents,431,62,importance,Open source in AI,3.24,29.2,50.1,27.4,20.9
Experienced hostility personally,Experienced,238,62,importance,Open source in AI,3.25,28.6,50.8,26.9,22.3
Experienced hostility personally,Did not experience,193,62,importance,Open source in AI,3.23,30.1,49.2,28.0,19.2
Experienced hostility personally,All respondents,431,67,sentiment,"Right now, how do you generally feel about AI in the tech industry?",2.6,46.2,31.1,10.0,-15.1
Experienced hostility personally,Experienced,238,67,sentiment,"Right now, how do you generally feel about AI in the tech industry?",2.63,44.1,29.8,9.2,-14.3
Experienced hostility personally,Did not experience,193,67,sentiment,"Right now, how do you generally feel about AI in the tech industry?",2.57,48.7,32.6,10.9,-16.1
Experienced hostility personally,All respondents,431,68,sentiment,"Right now, how do you generally feel about AI in WordPress?",2.35,49.9,16.9,3.9,-32.9
Experienced hostility personally,Experienced,238,68,sentiment,"Right now, how do you generally feel about AI in WordPress?",2.33,51.7,15.5,3.4,-36.1
Experienced hostility personally,Did not experience,193,68,sentiment,"Right now, how do you generally feel about AI in WordPress?",2.37,47.7,18.7,4.7,-29.0
Experienced hostility personally,All respondents,431,69,sentiment,"Right now, how do you generally feel about AI in web development (vibe coding, agentic development, etc.)?",2.7,44.8,34.6,12.5,-10.2
Experienced hostility personally,Experienced,238,69,sentiment,"Right now, how do you generally feel about AI in web development (vibe coding, agentic development, etc.)?",2.71,44.5,33.2,13.4,-11.3
Experienced hostility personally,Did not experience,193,69,sentiment,"Right now, how do you generally feel about AI in web development (vibe coding, agentic development, etc.)?",2.69,45.1,36.3,11.4,-8.8
Sentiment toward WordPress now,All respondents,431,19,agreement,I consider myself to be a contributor to the WordPress open source project.,3.04,37.1,42.0,17.6,4.9
Sentiment toward WordPress now,Neutral / Unsure,126,19,agreement,I consider myself to be a contributor to the WordPress open source project.,3.13,32.5,46.0,15.9,13.5
Sentiment toward WordPress now,Positive,121,19,agreement,I consider myself to be a contributor to the WordPress open source project.,3.26,32.2,48.8,24.0,16.5
Sentiment toward WordPress now,Negative,111,19,agreement,I consider myself to be a contributor to the WordPress open source project.,2.93,41.4,39.6,16.2,-1.8
Sentiment toward WordPress now,Very negative,53,19,agreement,I consider myself to be a contributor to the WordPress open source project.,2.36,60.4,20.8,7.5,-39.6
Sentiment toward WordPress now,Very positive,20,19,agreement,I consider myself to be a contributor to the WordPress open source project.,3.6,10.0,45.0,25.0,35.0
Sentiment toward WordPress now,All respondents,431,22,agreement,I consider myself to be a member of the WordPress community.,3.88,12.3,71.5,32.9,59.2
Sentiment toward WordPress now,Neutral / Unsure,126,22,agreement,I consider myself to be a member of the WordPress community.,3.93,11.9,73.0,34.9,61.1
Sentiment toward WordPress now,Positive,121,22,agreement,I consider myself to be a member of the WordPress community.,4.25,5.8,84.3,47.1,78.5
Sentiment toward WordPress now,Negative,111,22,agreement,I consider myself to be a member of the WordPress community.,3.63,15.3,63.1,21.6,47.7
Sentiment toward WordPress now,Very negative,53,22,agreement,I consider myself to be a member of the WordPress community.,3.32,24.5,50.9,15.1,26.4
Sentiment toward WordPress now,Very positive,20,22,agreement,I consider myself to be a member of the WordPress community.,4.25,5.0,85.0,45.0,80.0
Sentiment toward WordPress now,All respondents,431,31,sentiment,How do you feel about the future of the WordPress open source project?,2.8,39.0,24.4,5.1,-14.6
Sentiment toward WordPress now,Neutral / Unsure,126,31,sentiment,How do you feel about the future of the WordPress open source project?,2.9,22.2,10.3,1.6,-11.9
Sentiment toward WordPress now,Positive,121,31,sentiment,How do you feel about the future of the WordPress open source project?,3.55,6.6,57.9,5.0,51.2
Sentiment toward WordPress now,Negative,111,31,sentiment,How do you feel about the future of the WordPress open source project?,2.14,76.6,0.9,0.0,-75.7
Sentiment toward WordPress now,Very negative,53,31,sentiment,How do you feel about the future of the WordPress open source project?,1.49,88.7,1.9,0.0,-86.8
Sentiment toward WordPress now,Very positive,20,31,sentiment,How do you feel about the future of the WordPress open source project?,4.7,0.0,100.0,70.0,100.0
Sentiment toward WordPress now,All respondents,431,34,importance,WordPress open source software,4.58,1.4,94.0,65.4,92.6
Sentiment toward WordPress now,Neutral / Unsure,126,34,importance,WordPress open source software,4.54,0.0,94.4,59.5,94.4
Sentiment toward WordPress now,Positive,121,34,importance,WordPress open source software,4.8,0.0,99.2,81.0,99.2
Sentiment toward WordPress now,Negative,111,34,importance,WordPress open source software,4.41,4.5,89.2,56.8,84.7
Sentiment toward WordPress now,Very negative,53,34,importance,WordPress open source software,4.45,1.9,90.6,58.5,88.7
Sentiment toward WordPress now,Very positive,20,34,importance,WordPress open source software,4.7,0.0,95.0,75.0,95.0
Sentiment toward WordPress now,All respondents,431,34,importance,The WordPress community,4.13,7.0,80.3,41.8,73.3
Sentiment toward WordPress now,Neutral / Unsure,126,34,importance,The WordPress community,4.08,7.1,77.8,38.9,70.6
Sentiment toward WordPress now,Positive,121,34,importance,The WordPress community,4.39,3.3,88.4,54.5,85.1
Sentiment toward WordPress now,Negative,111,34,importance,The WordPress community,4.03,6.3,76.6,34.2,70.3
Sentiment toward WordPress now,Very negative,53,34,importance,The WordPress community,3.72,18.9,69.8,30.2,50.9
Sentiment toward WordPress now,Very positive,20,34,importance,The WordPress community,4.5,0.0,95.0,55.0,95.0
Sentiment toward WordPress now,All respondents,431,34,importance,WordPress events and meetups,3.26,26.7,50.1,19.5,23.4
Sentiment toward WordPress now,Neutral / Unsure,126,34,importance,WordPress events and meetups,3.44,22.2,59.5,20.6,37.3
Sentiment toward WordPress now,Positive,121,34,importance,WordPress events and meetups,3.51,20.7,57.0,24.8,36.4
Sentiment toward WordPress now,Negative,111,34,importance,WordPress events and meetups,3.0,32.4,37.8,14.4,5.4
Sentiment toward WordPress now,Very negative,53,34,importance,WordPress events and meetups,2.47,47.2,28.3,7.5,-18.9
Sentiment toward WordPress now,Very positive,20,34,importance,WordPress events and meetups,4.1,5.0,75.0,40.0,70.0
Sentiment toward WordPress now,All respondents,431,34,importance,Contributing to WordPress,3.31,18.8,45.7,13.9,26.9
Sentiment toward WordPress now,Neutral / Unsure,126,34,importance,Contributing to WordPress,3.33,17.5,46.8,14.3,29.4
Sentiment toward WordPress now,Positive,121,34,importance,Contributing to WordPress,3.55,10.7,55.4,17.4,44.6
Sentiment toward WordPress now,Negative,111,34,importance,Contributing to WordPress,3.24,21.6,40.5,12.6,18.9
Sentiment toward WordPress now,Very negative,53,34,importance,Contributing to WordPress,2.64,37.7,24.5,3.8,-13.2
Sentiment toward WordPress now,Very positive,20,34,importance,Contributing to WordPress,3.8,10.0,65.0,25.0,55.0
Sentiment toward WordPress now,All respondents,431,34,importance,Open source values,4.48,2.6,90.7,61.9,88.2
Sentiment toward WordPress now,Neutral / Unsure,126,34,importance,Open source values,4.39,3.2,85.7,58.7,82.5
Sentiment toward WordPress now,Positive,121,34,importance,Open source values,4.59,1.7,93.4,67.8,91.7
Sentiment toward WordPress now,Negative,111,34,importance,Open source values,4.41,3.6,90.1,56.8,86.5
Sentiment toward WordPress now,Very negative,53,34,importance,Open source values,4.57,1.9,96.2,64.2,94.3
Sentiment toward WordPress now,Very positive,20,34,importance,Open source values,4.65,0.0,95.0,70.0,95.0
Sentiment toward WordPress now,All respondents,431,34,importance,AI in WordPress,2.47,52.7,29.0,12.8,-23.7
Sentiment toward WordPress now,Neutral / Unsure,126,34,importance,AI in WordPress,2.63,46.0,30.2,11.1,-15.9
Sentiment toward WordPress now,Positive,121,34,importance,AI in WordPress,2.74,43.8,35.5,14.0,-8.3
Sentiment toward WordPress now,Negative,111,34,importance,AI in WordPress,2.15,64.0,23.4,12.6,-40.5
Sentiment toward WordPress now,Very negative,53,34,importance,AI in WordPress,1.87,75.5,17.0,11.3,-58.5
Sentiment toward WordPress now,Very positive,20,34,importance,AI in WordPress,3.2,25.0,45.0,20.0,20.0
Sentiment toward WordPress now,All respondents,431,34,importance,Security in WordPress,4.68,1.4,95.1,75.6,93.7
Sentiment toward WordPress now,Neutral / Unsure,126,34,importance,Security in WordPress,4.65,0.8,94.4,72.2,93.7
Sentiment toward WordPress now,Positive,121,34,importance,Security in WordPress,4.82,0.0,99.2,82.6,99.2
Sentiment toward WordPress now,Negative,111,34,importance,Security in WordPress,4.58,2.7,91.9,70.3,89.2
Sentiment toward WordPress now,Very negative,53,34,importance,Security in WordPress,4.66,3.8,94.3,79.2,90.6
Sentiment toward WordPress now,Very positive,20,34,importance,Security in WordPress,4.7,0.0,95.0,75.0,95.0
Sentiment toward WordPress now,All respondents,431,34,importance,Web standards and compliance,4.57,1.6,93.7,65.9,92.1
Sentiment toward WordPress now,Neutral / Unsure,126,34,importance,Web standards and compliance,4.54,1.6,92.9,63.5,91.3
Sentiment toward WordPress now,Positive,121,34,importance,Web standards and compliance,4.64,0.0,95.0,68.6,95.0
Sentiment toward WordPress now,Negative,111,34,importance,Web standards and compliance,4.51,2.7,92.8,63.1,90.1
Sentiment toward WordPress now,Very negative,53,34,importance,Web standards and compliance,4.53,3.8,92.5,67.9,88.7
Sentiment toward WordPress now,Very positive,20,34,importance,Web standards and compliance,4.75,0.0,100.0,75.0,100.0
Sentiment toward WordPress now,All respondents,431,34,importance,WordPress leadership,4.04,8.1,73.8,43.4,65.7
Sentiment toward WordPress now,Neutral / Unsure,126,34,importance,WordPress leadership,4.04,7.9,73.0,42.9,65.1
Sentiment toward WordPress now,Positive,121,34,importance,WordPress leadership,3.88,3.3,64.5,27.3,61.2
Sentiment toward WordPress now,Negative,111,34,importance,WordPress leadership,4.17,9.9,81.1,52.3,71.2
Sentiment toward WordPress now,Very negative,53,34,importance,WordPress leadership,4.21,13.2,83.0,62.3,69.8
Sentiment toward WordPress now,Very positive,20,34,importance,WordPress leadership,3.85,15.0,70.0,45.0,55.0
Sentiment toward WordPress now,All respondents,431,34,importance,WordPress governance,4.17,5.8,76.6,50.8,70.8
Sentiment toward WordPress now,Neutral / Unsure,126,34,importance,WordPress governance,4.2,4.8,77.0,50.8,72.2
Sentiment toward WordPress now,Positive,121,34,importance,WordPress governance,3.98,3.3,66.9,36.4,63.6
Sentiment toward WordPress now,Negative,111,34,importance,WordPress governance,4.36,7.2,87.4,62.2,80.2
Sentiment toward WordPress now,Very negative,53,34,importance,WordPress governance,4.3,7.5,77.4,67.9,69.8
Sentiment toward WordPress now,Very positive,20,34,importance,WordPress governance,3.7,15.0,70.0,30.0,55.0
Sentiment toward WordPress now,All respondents,431,34,importance,"Business issues (mergers & acquisitions, product ecosystem, private equity investment, etc.)",3.14,25.5,41.5,12.5,16.0
Sentiment toward WordPress now,Neutral / Unsure,126,34,importance,"Business issues (mergers & acquisitions, product ecosystem, private equity investment, etc.)",3.13,25.4,39.7,11.1,14.3
Sentiment toward WordPress now,Positive,121,34,importance,"Business issues (mergers & acquisitions, product ecosystem, private equity investment, etc.)",3.29,14.9,40.5,11.6,25.6
Sentiment toward WordPress now,Negative,111,34,importance,"Business issues (mergers & acquisitions, product ecosystem, private equity investment, etc.)",3.11,30.6,42.3,13.5,11.7
Sentiment toward WordPress now,Very negative,53,34,importance,"Business issues (mergers & acquisitions, product ecosystem, private equity investment, etc.)",2.75,41.5,37.7,15.1,-3.8
Sentiment toward WordPress now,Very positive,20,34,importance,"Business issues (mergers & acquisitions, product ecosystem, private equity investment, etc.)",3.4,20.0,65.0,15.0,45.0
Sentiment toward WordPress now,All respondents,431,34,importance,Enterprise/scale issues,3.13,24.8,40.1,11.1,15.3
Sentiment toward WordPress now,Neutral / Unsure,126,34,importance,Enterprise/scale issues,3.27,20.6,46.0,9.5,25.4
Sentiment toward WordPress now,Positive,121,34,importance,Enterprise/scale issues,3.26,16.5,40.5,9.9,24.0
Sentiment toward WordPress now,Negative,111,34,importance,Enterprise/scale issues,2.95,33.3,37.8,12.6,4.5
Sentiment toward WordPress now,Very negative,53,34,importance,Enterprise/scale issues,2.79,37.7,30.2,13.2,-7.5
Sentiment toward WordPress now,Very positive,20,34,importance,Enterprise/scale issues,3.25,20.0,40.0,15.0,20.0
Sentiment toward WordPress now,All respondents,431,34,importance,Collaboration with the greater open source ecosystem,3.82,8.8,67.7,26.0,58.9
Sentiment toward WordPress now,Neutral / Unsure,126,34,importance,Collaboration with the greater open source ecosystem,3.75,9.5,66.7,19.8,57.1
Sentiment toward WordPress now,Positive,121,34,importance,Collaboration with the greater open source ecosystem,3.82,5.0,66.1,21.5,61.2
Sentiment toward WordPress now,Negative,111,34,importance,Collaboration with the greater open source ecosystem,3.84,10.8,68.5,30.6,57.7
Sentiment toward WordPress now,Very negative,53,34,importance,Collaboration with the greater open source ecosystem,3.91,11.3,71.7,37.7,60.4
Sentiment toward WordPress now,Very positive,20,34,importance,Collaboration with the greater open source ecosystem,3.9,10.0,70.0,35.0,60.0
Sentiment toward WordPress now,All respondents,431,38,importance,Personal capacity,4.22,3.7,82.8,44.5,79.1
Sentiment toward WordPress now,Neutral / Unsure,126,38,importance,Personal capacity,4.09,4.0,75.4,38.1,71.4
Sentiment toward WordPress now,Positive,121,38,importance,Personal capacity,4.4,3.3,91.7,52.9,88.4
Sentiment toward WordPress now,Negative,111,38,importance,Personal capacity,4.15,6.3,80.2,45.9,73.9
Sentiment toward WordPress now,Very negative,53,38,importance,Personal capacity,4.21,0.0,83.0,37.7,83.0
Sentiment toward WordPress now,Very positive,20,38,importance,Personal capacity,4.35,0.0,90.0,45.0,90.0
Sentiment toward WordPress now,All respondents,431,38,importance,Financial incentives/restraints,3.05,27.4,33.6,11.8,6.3
Sentiment toward WordPress now,Neutral / Unsure,126,38,importance,Financial incentives/restraints,3.0,27.8,30.2,9.5,2.4
Sentiment toward WordPress now,Positive,121,38,importance,Financial incentives/restraints,3.07,28.1,37.2,11.6,9.1
Sentiment toward WordPress now,Negative,111,38,importance,Financial incentives/restraints,3.02,30.6,35.1,11.7,4.5
Sentiment toward WordPress now,Very negative,53,38,importance,Financial incentives/restraints,3.08,22.6,26.4,15.1,3.8
Sentiment toward WordPress now,Very positive,20,38,importance,Financial incentives/restraints,3.4,15.0,45.0,20.0,30.0
Sentiment toward WordPress now,All respondents,431,38,importance,Impact of my contributions to the project,3.4,14.4,47.8,12.8,33.4
Sentiment toward WordPress now,Neutral / Unsure,126,38,importance,Impact of my contributions to the project,3.44,14.3,51.6,11.1,37.3
Sentiment toward WordPress now,Positive,121,38,importance,Impact of my contributions to the project,3.53,9.9,50.4,14.0,40.5
Sentiment toward WordPress now,Negative,111,38,importance,Impact of my contributions to the project,3.24,17.1,39.6,11.7,22.5
Sentiment toward WordPress now,Very negative,53,38,importance,Impact of my contributions to the project,3.43,17.0,52.8,15.1,35.8
Sentiment toward WordPress now,Very positive,20,38,importance,Impact of my contributions to the project,3.25,20.0,40.0,15.0,20.0
Sentiment toward WordPress now,All respondents,431,38,importance,Impact of my participation on my professional or personal life,3.6,9.5,58.5,15.3,49.0
Sentiment toward WordPress now,Neutral / Unsure,126,38,importance,Impact of my participation on my professional or personal life,3.54,7.9,55.6,11.1,47.6
Sentiment toward WordPress now,Positive,121,38,importance,Impact of my participation on my professional or personal life,3.66,9.1,60.3,16.5,51.2
Sentiment toward WordPress now,Negative,111,38,importance,Impact of my participation on my professional or personal life,3.54,13.5,59.5,16.2,45.9
Sentiment toward WordPress now,Very negative,53,38,importance,Impact of my participation on my professional or personal life,3.62,5.7,56.6,13.2,50.9
Sentiment toward WordPress now,Very positive,20,38,importance,Impact of my participation on my professional or personal life,3.9,10.0,65.0,35.0,55.0
Sentiment toward WordPress now,All respondents,431,38,importance,Understanding how to participate,3.59,10.7,59.6,16.2,49.0
Sentiment toward WordPress now,Neutral / Unsure,126,38,importance,Understanding how to participate,3.57,11.1,59.5,15.1,48.4
Sentiment toward WordPress now,Positive,121,38,importance,Understanding how to participate,3.67,7.4,62.0,15.7,54.5
Sentiment toward WordPress now,Negative,111,38,importance,Understanding how to participate,3.54,10.8,56.8,16.2,45.9
Sentiment toward WordPress now,Very negative,53,38,importance,Understanding how to participate,3.47,15.1,56.6,15.1,41.5
Sentiment toward WordPress now,Very positive,20,38,importance,Understanding how to participate,3.85,15.0,70.0,30.0,55.0
Sentiment toward WordPress now,All respondents,431,38,importance,Mentorship or guidance,3.08,23.9,33.4,7.4,9.5
Sentiment toward WordPress now,Neutral / Unsure,126,38,importance,Mentorship or guidance,3.04,22.2,28.6,6.3,6.3
Sentiment toward WordPress now,Positive,121,38,importance,Mentorship or guidance,3.26,19.8,38.8,11.6,19.0
Sentiment toward WordPress now,Negative,111,38,importance,Mentorship or guidance,2.87,33.3,28.8,4.5,-4.5
Sentiment toward WordPress now,Very negative,53,38,importance,Mentorship or guidance,3.08,18.9,32.1,5.7,13.2
Sentiment toward WordPress now,Very positive,20,38,importance,Mentorship or guidance,3.35,20.0,60.0,10.0,40.0
Sentiment toward WordPress now,All respondents,431,38,importance,Project roadmap,3.43,17.2,51.7,14.2,34.6
Sentiment toward WordPress now,Neutral / Unsure,126,38,importance,Project roadmap,3.37,19.0,50.0,11.1,31.0
Sentiment toward WordPress now,Positive,121,38,importance,Project roadmap,3.44,17.4,52.9,11.6,35.5
Sentiment toward WordPress now,Negative,111,38,importance,Project roadmap,3.49,15.3,52.3,18.0,36.9
Sentiment toward WordPress now,Very negative,53,38,importance,Project roadmap,3.42,17.0,49.1,18.9,32.1
Sentiment toward WordPress now,Very positive,20,38,importance,Project roadmap,3.45,15.0,60.0,15.0,45.0
Sentiment toward WordPress now,All respondents,431,38,importance,Project leadership,3.83,12.5,67.3,32.7,54.8
Sentiment toward WordPress now,Neutral / Unsure,126,38,importance,Project leadership,3.72,13.5,64.3,26.2,50.8
Sentiment toward WordPress now,Positive,121,38,importance,Project leadership,3.47,18.2,53.7,14.9,35.5
Sentiment toward WordPress now,Negative,111,38,importance,Project leadership,4.26,5.4,82.0,52.3,76.6
Sentiment toward WordPress now,Very negative,53,38,importance,Project leadership,4.11,11.3,79.2,54.7,67.9
Sentiment toward WordPress now,Very positive,20,38,importance,Project leadership,3.45,15.0,55.0,15.0,40.0
Sentiment toward WordPress now,All respondents,431,38,importance,Project governance/policies,3.85,10.4,66.4,32.7,55.9
Sentiment toward WordPress now,Neutral / Unsure,126,38,importance,Project governance/policies,3.75,11.1,59.5,27.8,48.4
Sentiment toward WordPress now,Positive,121,38,importance,Project governance/policies,3.52,15.7,55.4,15.7,39.7
Sentiment toward WordPress now,Negative,111,38,importance,Project governance/policies,4.24,4.5,83.8,48.6,79.3
Sentiment toward WordPress now,Very negative,53,38,importance,Project governance/policies,4.19,7.5,75.5,56.6,67.9
Sentiment toward WordPress now,Very positive,20,38,importance,Project governance/policies,3.4,15.0,55.0,15.0,40.0
Sentiment toward WordPress now,All respondents,431,38,importance,"Advocacy on behalf of web standards (accessibility, privacy, etc.)",3.99,7.7,75.6,33.6,68.0
Sentiment toward WordPress now,Neutral / Unsure,126,38,importance,"Advocacy on behalf of web standards (accessibility, privacy, etc.)",3.82,9.5,65.9,27.0,56.3
Sentiment toward WordPress now,Positive,121,38,importance,"Advocacy on behalf of web standards (accessibility, privacy, etc.)",3.92,9.1,79.3,24.0,70.2
Sentiment toward WordPress now,Negative,111,38,importance,"Advocacy on behalf of web standards (accessibility, privacy, etc.)",4.22,2.7,81.1,45.0,78.4
Sentiment toward WordPress now,Very negative,53,38,importance,"Advocacy on behalf of web standards (accessibility, privacy, etc.)",4.15,9.4,79.2,49.1,69.8
Sentiment toward WordPress now,Very positive,20,38,importance,"Advocacy on behalf of web standards (accessibility, privacy, etc.)",3.9,10.0,75.0,30.0,65.0
Sentiment toward WordPress now,All respondents,431,38,importance,Participation in the WordPress community,3.52,10.0,53.4,15.3,43.4
Sentiment toward WordPress now,Neutral / Unsure,126,38,importance,Participation in the WordPress community,3.5,9.5,53.2,12.7,43.7
Sentiment toward WordPress now,Positive,121,38,importance,Participation in the WordPress community,3.8,1.7,61.2,21.5,59.5
Sentiment toward WordPress now,Negative,111,38,importance,Participation in the WordPress community,3.38,15.3,48.6,12.6,33.3
Sentiment toward WordPress now,Very negative,53,38,importance,Participation in the WordPress community,3.11,20.8,37.7,9.4,17.0
Sentiment toward WordPress now,Very positive,20,38,importance,Participation in the WordPress community,3.9,5.0,75.0,25.0,70.0
Sentiment toward WordPress now,All respondents,431,38,importance,Feeling welcome/included,4.06,5.8,76.3,39.2,70.5
Sentiment toward WordPress now,Neutral / Unsure,126,38,importance,Feeling welcome/included,4.06,2.4,74.6,35.7,72.2
Sentiment toward WordPress now,Positive,121,38,importance,Feeling welcome/included,4.12,6.6,80.2,40.5,73.6
Sentiment toward WordPress now,Negative,111,38,importance,Feeling welcome/included,4.05,6.3,77.5,38.7,71.2
Sentiment toward WordPress now,Very negative,53,38,importance,Feeling welcome/included,3.98,9.4,67.9,45.3,58.5
Sentiment toward WordPress now,Very positive,20,38,importance,Feeling welcome/included,4.05,10.0,80.0,40.0,70.0
Sentiment toward WordPress now,All respondents,431,38,importance,Participating in a language other than English,2.46,45.2,19.7,6.3,-25.5
Sentiment toward WordPress now,Neutral / Unsure,126,38,importance,Participating in a language other than English,2.59,42.1,23.8,9.5,-18.3
Sentiment toward WordPress now,Positive,121,38,importance,Participating in a language other than English,2.46,45.5,18.2,4.1,-27.3
Sentiment toward WordPress now,Negative,111,38,importance,Participating in a language other than English,2.4,46.8,17.1,5.4,-29.7
Sentiment toward WordPress now,Very negative,53,38,importance,Participating in a language other than English,2.19,50.9,13.2,0.0,-37.7
Sentiment toward WordPress now,Very positive,20,38,importance,Participating in a language other than English,2.75,40.0,35.0,20.0,-5.0
Sentiment toward WordPress now,All respondents,431,38,importance,Working asynchronously,3.61,11.6,55.5,24.1,43.9
Sentiment toward WordPress now,Neutral / Unsure,126,38,importance,Working asynchronously,3.52,12.7,54.0,16.7,41.3
Sentiment toward WordPress now,Positive,121,38,importance,Working asynchronously,3.83,6.6,61.2,32.2,54.5
Sentiment toward WordPress now,Negative,111,38,importance,Working asynchronously,3.58,13.5,53.2,25.2,39.6
Sentiment toward WordPress now,Very negative,53,38,importance,Working asynchronously,3.4,15.1,52.8,17.0,37.7
Sentiment toward WordPress now,Very positive,20,38,importance,Working asynchronously,3.55,15.0,50.0,35.0,35.0
Sentiment toward WordPress now,All respondents,431,50,agreement,Attending in-person WordPress-related events is important to me.,3.13,35.3,46.6,21.3,11.4
Sentiment toward WordPress now,Neutral / Unsure,126,50,agreement,Attending in-person WordPress-related events is important to me.,3.33,27.0,54.0,23.8,27.0
Sentiment toward WordPress now,Positive,121,50,agreement,Attending in-person WordPress-related events is important to me.,3.38,29.8,52.9,31.4,23.1
Sentiment toward WordPress now,Negative,111,50,agreement,Attending in-person WordPress-related events is important to me.,2.86,45.0,37.8,11.7,-7.2
Sentiment toward WordPress now,Very negative,53,50,agreement,Attending in-person WordPress-related events is important to me.,2.32,58.5,26.4,5.7,-32.1
Sentiment toward WordPress now,Very positive,20,50,agreement,Attending in-person WordPress-related events is important to me.,4.0,5.0,65.0,40.0,60.0
Sentiment toward WordPress now,All respondents,431,57,importance,A location local to you,3.73,13.9,65.9,27.8,52.0
Sentiment toward WordPress now,Neutral / Unsure,126,57,importance,A location local to you,3.67,12.7,64.3,21.4,51.6
Sentiment toward WordPress now,Positive,121,57,importance,A location local to you,3.84,10.7,67.8,32.2,57.0
Sentiment toward WordPress now,Negative,111,57,importance,A location local to you,3.64,18.9,65.8,23.4,46.8
Sentiment toward WordPress now,Very negative,53,57,importance,A location local to you,3.72,13.2,64.2,30.2,50.9
Sentiment toward WordPress now,Very positive,20,57,importance,A location local to you,4.05,15.0,70.0,60.0,55.0
Sentiment toward WordPress now,All respondents,431,57,importance,A regional/destination location,3.42,16.7,54.3,13.9,37.6
Sentiment toward WordPress now,Neutral / Unsure,126,57,importance,A regional/destination location,3.44,15.1,57.1,11.9,42.1
Sentiment toward WordPress now,Positive,121,57,importance,A regional/destination location,3.48,14.0,55.4,14.0,41.3
Sentiment toward WordPress now,Negative,111,57,importance,A regional/destination location,3.29,19.8,49.5,9.0,29.7
Sentiment toward WordPress now,Very negative,53,57,importance,A regional/destination location,3.3,18.9,50.9,13.2,32.1
Sentiment toward WordPress now,Very positive,20,57,importance,A regional/destination location,3.9,20.0,65.0,55.0,45.0
Sentiment toward WordPress now,All respondents,431,57,importance,Events with smaller attendance,2.91,24.8,25.1,3.9,0.2
Sentiment toward WordPress now,Neutral / Unsure,126,57,importance,Events with smaller attendance,2.84,25.4,21.4,4.0,-4.0
Sentiment toward WordPress now,Positive,121,57,importance,Events with smaller attendance,2.89,25.6,26.4,2.5,0.8
Sentiment toward WordPress now,Negative,111,57,importance,Events with smaller attendance,2.85,26.1,18.9,2.7,-7.2
Sentiment toward WordPress now,Very negative,53,57,importance,Events with smaller attendance,3.19,17.0,39.6,5.7,22.6
Sentiment toward WordPress now,Very positive,20,57,importance,Events with smaller attendance,3.05,30.0,35.0,15.0,5.0
Sentiment toward WordPress now,All respondents,431,57,importance,Events with larger attendance,2.72,31.6,16.9,2.8,-14.6
Sentiment toward WordPress now,Neutral / Unsure,126,57,importance,Events with larger attendance,2.63,32.5,12.7,2.4,-19.8
Sentiment toward WordPress now,Positive,121,57,importance,Events with larger attendance,2.76,30.6,18.2,2.5,-12.4
Sentiment toward WordPress now,Negative,111,57,importance,Events with larger attendance,2.81,29.7,18.9,2.7,-10.8
Sentiment toward WordPress now,Very negative,53,57,importance,Events with larger attendance,2.66,34.0,18.9,3.8,-15.1
Sentiment toward WordPress now,Very positive,20,57,importance,Events with larger attendance,2.75,35.0,20.0,5.0,-15.0
Sentiment toward WordPress now,All respondents,431,57,importance,"Hard skill development (technical instruction, workshops, etc.)",3.37,18.1,52.9,11.8,34.8
Sentiment toward WordPress now,Neutral / Unsure,126,57,importance,"Hard skill development (technical instruction, workshops, etc.)",3.33,19.8,48.4,14.3,28.6
Sentiment toward WordPress now,Positive,121,57,importance,"Hard skill development (technical instruction, workshops, etc.)",3.4,15.7,52.9,10.7,37.2
Sentiment toward WordPress now,Negative,111,57,importance,"Hard skill development (technical instruction, workshops, etc.)",3.29,21.6,53.2,9.9,31.5
Sentiment toward WordPress now,Very negative,53,57,importance,"Hard skill development (technical instruction, workshops, etc.)",3.47,15.1,58.5,15.1,43.4
Sentiment toward WordPress now,Very positive,20,57,importance,"Hard skill development (technical instruction, workshops, etc.)",3.55,10.0,65.0,5.0,55.0
Sentiment toward WordPress now,All respondents,431,57,importance,"Soft skill development (business development, personal development, etc.)",3.08,24.8,38.5,6.7,13.7
Sentiment toward WordPress now,Neutral / Unsure,126,57,importance,"Soft skill development (business development, personal development, etc.)",3.03,25.4,38.1,4.8,12.7
Sentiment toward WordPress now,Positive,121,57,importance,"Soft skill development (business development, personal development, etc.)",3.15,23.1,40.5,8.3,17.4
Sentiment toward WordPress now,Negative,111,57,importance,"Soft skill development (business development, personal development, etc.)",2.99,28.8,36.0,5.4,7.2
Sentiment toward WordPress now,Very negative,53,57,importance,"Soft skill development (business development, personal development, etc.)",3.17,20.8,41.5,9.4,20.8
Sentiment toward WordPress now,Very positive,20,57,importance,"Soft skill development (business development, personal development, etc.)",3.2,20.0,35.0,10.0,15.0
Sentiment toward WordPress now,All respondents,431,57,importance,Topics of sessions / panels,3.69,11.1,67.3,18.6,56.1
Sentiment toward WordPress now,Neutral / Unsure,126,57,importance,Topics of sessions / panels,3.59,12.7,63.5,15.1,50.8
Sentiment toward WordPress now,Positive,121,57,importance,Topics of sessions / panels,3.7,8.3,66.1,15.7,57.9
Sentiment toward WordPress now,Negative,111,57,importance,Topics of sessions / panels,3.65,14.4,66.7,20.7,52.3
Sentiment toward WordPress now,Very negative,53,57,importance,Topics of sessions / panels,3.89,11.3,79.2,28.3,67.9
Sentiment toward WordPress now,Very positive,20,57,importance,Topics of sessions / panels,3.9,0.0,70.0,20.0,70.0
Sentiment toward WordPress now,All respondents,431,57,importance,Particular speakers / keynotes,3.14,21.8,38.7,7.7,16.9
Sentiment toward WordPress now,Neutral / Unsure,126,57,importance,Particular speakers / keynotes,3.06,22.2,37.3,4.0,15.1
Sentiment toward WordPress now,Positive,121,57,importance,Particular speakers / keynotes,3.17,18.2,37.2,5.8,19.0
Sentiment toward WordPress now,Negative,111,57,importance,Particular speakers / keynotes,3.0,27.9,34.2,7.2,6.3
Sentiment toward WordPress now,Very negative,53,57,importance,Particular speakers / keynotes,3.28,22.6,47.2,13.2,24.5
Sentiment toward WordPress now,Very positive,20,57,importance,Particular speakers / keynotes,3.8,5.0,60.0,30.0,55.0
Sentiment toward WordPress now,All respondents,431,57,importance,Meeting professional development requirements,2.83,32.0,28.8,7.0,-3.2
Sentiment toward WordPress now,Neutral / Unsure,126,57,importance,Meeting professional development requirements,2.77,33.3,28.6,4.8,-4.8
Sentiment toward WordPress now,Positive,121,57,importance,Meeting professional development requirements,2.93,27.3,29.8,6.6,2.5
Sentiment toward WordPress now,Negative,111,57,importance,Meeting professional development requirements,2.79,36.9,30.6,9.0,-6.3
Sentiment toward WordPress now,Very negative,53,57,importance,Meeting professional development requirements,2.68,35.8,17.0,11.3,-18.9
Sentiment toward WordPress now,Very positive,20,57,importance,Meeting professional development requirements,3.2,15.0,45.0,0.0,30.0
Sentiment toward WordPress now,All respondents,431,57,importance,Networking opportunities,3.65,14.2,60.6,25.1,46.4
Sentiment toward WordPress now,Neutral / Unsure,126,57,importance,Networking opportunities,3.59,17.5,61.1,24.6,43.7
Sentiment toward WordPress now,Positive,121,57,importance,Networking opportunities,3.7,9.9,62.0,20.7,52.1
Sentiment toward WordPress now,Negative,111,57,importance,Networking opportunities,3.6,17.1,56.8,28.8,39.6
Sentiment toward WordPress now,Very negative,53,57,importance,Networking opportunities,3.57,15.1,60.4,22.6,45.3
Sentiment toward WordPress now,Very positive,20,57,importance,Networking opportunities,4.1,0.0,70.0,40.0,70.0
Sentiment toward WordPress now,All respondents,431,57,importance,Community development/engagement,3.61,11.8,61.5,18.3,49.7
Sentiment toward WordPress now,Neutral / Unsure,126,57,importance,Community development/engagement,3.55,15.1,64.3,16.7,49.2
Sentiment toward WordPress now,Positive,121,57,importance,Community development/engagement,3.81,5.8,66.9,20.7,61.2
Sentiment toward WordPress now,Negative,111,57,importance,Community development/engagement,3.52,13.5,55.0,18.0,41.4
Sentiment toward WordPress now,Very negative,53,57,importance,Community development/engagement,3.3,18.9,50.9,9.4,32.1
Sentiment toward WordPress now,Very positive,20,57,importance,Community development/engagement,4.15,0.0,75.0,40.0,75.0
Sentiment toward WordPress now,All respondents,431,57,importance,Cost of ticket,3.44,19.5,54.5,17.6,35.0
Sentiment toward WordPress now,Neutral / Unsure,126,57,importance,Cost of ticket,3.38,20.6,54.0,12.7,33.3
Sentiment toward WordPress now,Positive,121,57,importance,Cost of ticket,3.54,15.7,53.7,18.2,38.0
Sentiment toward WordPress now,Negative,111,57,importance,Cost of ticket,3.47,19.8,57.7,20.7,37.8
Sentiment toward WordPress now,Very negative,53,57,importance,Cost of ticket,3.34,24.5,54.7,22.6,30.2
Sentiment toward WordPress now,Very positive,20,57,importance,Cost of ticket,3.3,20.0,45.0,15.0,25.0
Sentiment toward WordPress now,All respondents,431,57,importance,"Cost of attendance (travel, housing, etc.)",3.9,11.4,72.4,34.3,61.0
Sentiment toward WordPress now,Neutral / Unsure,126,57,importance,"Cost of attendance (travel, housing, etc.)",3.96,10.3,75.4,37.3,65.1
Sentiment toward WordPress now,Positive,121,57,importance,"Cost of attendance (travel, housing, etc.)",4.01,8.3,76.9,33.1,68.6
Sentiment toward WordPress now,Negative,111,57,importance,"Cost of attendance (travel, housing, etc.)",3.86,12.6,72.1,34.2,59.5
Sentiment toward WordPress now,Very negative,53,57,importance,"Cost of attendance (travel, housing, etc.)",3.72,18.9,62.3,37.7,43.4
Sentiment toward WordPress now,Very positive,20,57,importance,"Cost of attendance (travel, housing, etc.)",3.6,10.0,55.0,15.0,45.0
Sentiment toward WordPress now,All respondents,431,59,sentiment,"Right now, how do you generally feel about open source software?",4.16,3.9,81.7,39.4,77.7
Sentiment toward WordPress now,Neutral / Unsure,126,59,sentiment,"Right now, how do you generally feel about open source software?",4.03,2.4,76.2,29.4,73.8
Sentiment toward WordPress now,Positive,121,59,sentiment,"Right now, how do you generally feel about open source software?",4.5,0.0,95.9,54.5,95.9
Sentiment toward WordPress now,Negative,111,59,sentiment,"Right now, how do you generally feel about open source software?",3.95,7.2,73.0,30.6,65.8
Sentiment toward WordPress now,Very negative,53,59,sentiment,"Right now, how do you generally feel about open source software?",3.89,11.3,73.6,32.1,62.3
Sentiment toward WordPress now,Very positive,20,59,sentiment,"Right now, how do you generally feel about open source software?",4.8,0.0,100.0,80.0,100.0
Sentiment toward WordPress now,All respondents,431,62,importance,Open source software,4.59,1.2,93.5,68.0,92.3
Sentiment toward WordPress now,Neutral / Unsure,126,62,importance,Open source software,4.4,2.4,88.1,55.6,85.7
Sentiment toward WordPress now,Positive,121,62,importance,Open source software,4.67,0.8,96.7,71.9,95.9
Sentiment toward WordPress now,Negative,111,62,importance,Open source software,4.67,0.0,94.6,72.1,94.6
Sentiment toward WordPress now,Very negative,53,62,importance,Open source software,4.68,1.9,94.3,77.4,92.5
Sentiment toward WordPress now,Very positive,20,62,importance,Open source software,4.75,0.0,100.0,75.0,100.0
Sentiment toward WordPress now,All respondents,431,62,importance,Open source values (whatever that means to you)required,4.51,3.2,91.9,64.3,88.6
Sentiment toward WordPress now,Neutral / Unsure,126,62,importance,Open source values (whatever that means to you)required,4.32,6.3,83.3,57.1,77.0
Sentiment toward WordPress now,Positive,121,62,importance,Open source values (whatever that means to you)required,4.63,0.8,95.9,68.6,95.0
Sentiment toward WordPress now,Negative,111,62,importance,Open source values (whatever that means to you)required,4.59,3.6,94.6,69.4,91.0
Sentiment toward WordPress now,Very negative,53,62,importance,Open source values (whatever that means to you)required,4.53,1.9,94.3,62.3,92.5
Sentiment toward WordPress now,Very positive,20,62,importance,Open source values (whatever that means to you)required,4.6,0.0,100.0,60.0,100.0
Sentiment toward WordPress now,All respondents,431,62,importance,The sustainability of open source projects,4.58,1.2,93.3,66.6,92.1
Sentiment toward WordPress now,Neutral / Unsure,126,62,importance,The sustainability of open source projects,4.52,1.6,89.7,65.1,88.1
Sentiment toward WordPress now,Positive,121,62,importance,The sustainability of open source projects,4.59,0.8,95.9,64.5,95.0
Sentiment toward WordPress now,Negative,111,62,importance,The sustainability of open source projects,4.68,0.9,98.2,72.1,97.3
Sentiment toward WordPress now,Very negative,53,62,importance,The sustainability of open source projects,4.51,1.9,88.7,66.0,86.8
Sentiment toward WordPress now,Very positive,20,62,importance,The sustainability of open source projects,4.45,0.0,85.0,60.0,85.0
Sentiment toward WordPress now,All respondents,431,62,importance,Open source in WordPress,4.51,2.8,92.1,63.1,89.3
Sentiment toward WordPress now,Neutral / Unsure,126,62,importance,Open source in WordPress,4.47,3.2,90.5,60.3,87.3
Sentiment toward WordPress now,Positive,121,62,importance,Open source in WordPress,4.68,0.0,98.3,69.4,98.3
Sentiment toward WordPress now,Negative,111,62,importance,Open source in WordPress,4.44,3.6,90.1,60.4,86.5
Sentiment toward WordPress now,Very negative,53,62,importance,Open source in WordPress,4.26,7.5,83.0,58.5,75.5
Sentiment toward WordPress now,Very positive,20,62,importance,Open source in WordPress,4.7,0.0,100.0,70.0,100.0
Sentiment toward WordPress now,All respondents,431,62,importance,Open source in AI,3.24,29.2,50.1,27.4,20.9
Sentiment toward WordPress now,Neutral / Unsure,126,62,importance,Open source in AI,3.27,25.4,46.8,25.4,21.4
Sentiment toward WordPress now,Positive,121,62,importance,Open source in AI,3.46,22.3,58.7,26.4,36.4
Sentiment toward WordPress now,Negative,111,62,importance,Open source in AI,3.03,37.8,43.2,28.8,5.4
Sentiment toward WordPress now,Very negative,53,62,importance,Open source in AI,2.87,41.5,43.4,26.4,1.9
Sentiment toward WordPress now,Very positive,20,62,importance,Open source in AI,3.9,15.0,75.0,40.0,60.0
Sentiment toward WordPress now,All respondents,431,67,sentiment,"Right now, how do you generally feel about AI in the tech industry?",2.6,46.2,31.1,10.0,-15.1
Sentiment toward WordPress now,Neutral / Unsure,126,67,sentiment,"Right now, how do you generally feel about AI in the tech industry?",2.65,40.5,27.0,4.8,-13.5
Sentiment toward WordPress now,Positive,121,67,sentiment,"Right now, how do you generally feel about AI in the tech industry?",2.96,36.4,42.1,12.4,5.8
Sentiment toward WordPress now,Negative,111,67,sentiment,"Right now, how do you generally feel about AI in the tech industry?",2.24,60.4,23.4,11.7,-36.9
Sentiment toward WordPress now,Very negative,53,67,sentiment,"Right now, how do you generally feel about AI in the tech industry?",2.09,64.2,20.8,9.4,-43.4
Sentiment toward WordPress now,Very positive,20,67,sentiment,"Right now, how do you generally feel about AI in the tech industry?",3.5,15.0,60.0,20.0,45.0
Sentiment toward WordPress now,All respondents,431,68,sentiment,"Right now, how do you generally feel about AI in WordPress?",2.35,49.9,16.9,3.9,-32.9
Sentiment toward WordPress now,Neutral / Unsure,126,68,sentiment,"Right now, how do you generally feel about AI in WordPress?",2.4,45.2,11.1,2.4,-34.1
Sentiment toward WordPress now,Positive,121,68,sentiment,"Right now, how do you generally feel about AI in WordPress?",2.82,33.9,31.4,5.8,-2.5
Sentiment toward WordPress now,Negative,111,68,sentiment,"Right now, how do you generally feel about AI in WordPress?",1.98,61.3,8.1,1.8,-53.2
Sentiment toward WordPress now,Very negative,53,68,sentiment,"Right now, how do you generally feel about AI in WordPress?",1.55,83.0,5.7,0.0,-77.4
Sentiment toward WordPress now,Very positive,20,68,sentiment,"Right now, how do you generally feel about AI in WordPress?",3.25,25.0,45.0,25.0,20.0
Sentiment toward WordPress now,All respondents,431,69,sentiment,"Right now, how do you generally feel about AI in web development (vibe coding, agentic development, etc.)?",2.7,44.8,34.6,12.5,-10.2
Sentiment toward WordPress now,Neutral / Unsure,126,69,sentiment,"Right now, how do you generally feel about AI in web development (vibe coding, agentic development, etc.)?",2.82,36.5,33.3,10.3,-3.2
Sentiment toward WordPress now,Positive,121,69,sentiment,"Right now, how do you generally feel about AI in web development (vibe coding, agentic development, etc.)?",3.01,33.1,42.1,12.4,9.1
Sentiment toward WordPress now,Negative,111,69,sentiment,"Right now, how do you generally feel about AI in web development (vibe coding, agentic development, etc.)?",2.27,63.1,26.1,10.8,-36.9
Sentiment toward WordPress now,Very negative,53,69,sentiment,"Right now, how do you generally feel about AI in web development (vibe coding, agentic development, etc.)?",2.19,64.2,24.5,13.2,-39.6
Sentiment toward WordPress now,Very positive,20,69,sentiment,"Right now, how do you generally feel about AI in web development (vibe coding, agentic development, etc.)?",3.8,15.0,70.0,35.0,55.0
Sentiment toward WordPress now (grouped),All respondents,431,19,agreement,I consider myself to be a contributor to the WordPress open source project.,3.04,37.1,42.0,17.6,4.9
Sentiment toward WordPress now (grouped),Negative,164,19,agreement,I consider myself to be a contributor to the WordPress open source project.,2.74,47.6,33.5,13.4,-14.0
Sentiment toward WordPress now (grouped),Positive,141,19,agreement,I consider myself to be a contributor to the WordPress open source project.,3.31,29.1,48.2,24.1,19.1
Sentiment toward WordPress now (grouped),Neutral / unsure,126,19,agreement,I consider myself to be a contributor to the WordPress open source project.,3.13,32.5,46.0,15.9,13.5
Sentiment toward WordPress now (grouped),All respondents,431,22,agreement,I consider myself to be a member of the WordPress community.,3.88,12.3,71.5,32.9,59.2
Sentiment toward WordPress now (grouped),Negative,164,22,agreement,I consider myself to be a member of the WordPress community.,3.53,18.3,59.1,19.5,40.9
Sentiment toward WordPress now (grouped),Positive,141,22,agreement,I consider myself to be a member of the WordPress community.,4.25,5.7,84.4,46.8,78.7
Sentiment toward WordPress now (grouped),Neutral / unsure,126,22,agreement,I consider myself to be a member of the WordPress community.,3.93,11.9,73.0,34.9,61.1
Sentiment toward WordPress now (grouped),All respondents,431,31,sentiment,How do you feel about the future of the WordPress open source project?,2.8,39.0,24.4,5.1,-14.6
Sentiment toward WordPress now (grouped),Negative,164,31,sentiment,How do you feel about the future of the WordPress open source project?,1.93,80.5,1.2,0.0,-79.3
Sentiment toward WordPress now (grouped),Positive,141,31,sentiment,How do you feel about the future of the WordPress open source project?,3.72,5.7,63.8,14.2,58.2
Sentiment toward WordPress now (grouped),Neutral / unsure,126,31,sentiment,How do you feel about the future of the WordPress open source project?,2.9,22.2,10.3,1.6,-11.9
Sentiment toward WordPress now (grouped),All respondents,431,34,importance,WordPress open source software,4.58,1.4,94.0,65.4,92.6
Sentiment toward WordPress now (grouped),Negative,164,34,importance,WordPress open source software,4.42,3.7,89.6,57.3,86.0
Sentiment toward WordPress now (grouped),Positive,141,34,importance,WordPress open source software,4.79,0.0,98.6,80.1,98.6
Sentiment toward WordPress now (grouped),Neutral / unsure,126,34,importance,WordPress open source software,4.54,0.0,94.4,59.5,94.4
Sentiment toward WordPress now (grouped),All respondents,431,34,importance,The WordPress community,4.13,7.0,80.3,41.8,73.3
Sentiment toward WordPress now (grouped),Negative,164,34,importance,The WordPress community,3.93,10.4,74.4,32.9,64.0
Sentiment toward WordPress now (grouped),Positive,141,34,importance,The WordPress community,4.4,2.8,89.4,54.6,86.5
Sentiment toward WordPress now (grouped),Neutral / unsure,126,34,importance,The WordPress community,4.08,7.1,77.8,38.9,70.6
Sentiment toward WordPress now (grouped),All respondents,431,34,importance,WordPress events and meetups,3.26,26.7,50.1,19.5,23.4
Sentiment toward WordPress now (grouped),Negative,164,34,importance,WordPress events and meetups,2.83,37.2,34.8,12.2,-2.4
Sentiment toward WordPress now (grouped),Positive,141,34,importance,WordPress events and meetups,3.6,18.4,59.6,27.0,41.1
Sentiment toward WordPress now (grouped),Neutral / unsure,126,34,importance,WordPress events and meetups,3.44,22.2,59.5,20.6,37.3
Sentiment toward WordPress now (grouped),All respondents,431,34,importance,Contributing to WordPress,3.31,18.8,45.7,13.9,26.9
Sentiment toward WordPress now (grouped),Negative,164,34,importance,Contributing to WordPress,3.05,26.8,35.4,9.8,8.5
Sentiment toward WordPress now (grouped),Positive,141,34,importance,Contributing to WordPress,3.58,10.6,56.7,18.4,46.1
Sentiment toward WordPress now (grouped),Neutral / unsure,126,34,importance,Contributing to WordPress,3.33,17.5,46.8,14.3,29.4
Sentiment toward WordPress now (grouped),All respondents,431,34,importance,Open source values,4.48,2.6,90.7,61.9,88.2
Sentiment toward WordPress now (grouped),Negative,164,34,importance,Open source values,4.46,3.0,92.1,59.1,89.0
Sentiment toward WordPress now (grouped),Positive,141,34,importance,Open source values,4.6,1.4,93.6,68.1,92.2
Sentiment toward WordPress now (grouped),Neutral / unsure,126,34,importance,Open source values,4.39,3.2,85.7,58.7,82.5
Sentiment toward WordPress now (grouped),All respondents,431,34,importance,AI in WordPress,2.47,52.7,29.0,12.8,-23.7
Sentiment toward WordPress now (grouped),Negative,164,34,importance,AI in WordPress,2.06,67.7,21.3,12.2,-46.3
Sentiment toward WordPress now (grouped),Positive,141,34,importance,AI in WordPress,2.81,41.1,36.9,14.9,-4.3
Sentiment toward WordPress now (grouped),Neutral / unsure,126,34,importance,AI in WordPress,2.63,46.0,30.2,11.1,-15.9
Sentiment toward WordPress now (grouped),All respondents,431,34,importance,Security in WordPress,4.68,1.4,95.1,75.6,93.7
Sentiment toward WordPress now (grouped),Negative,164,34,importance,Security in WordPress,4.6,3.0,92.7,73.2,89.6
Sentiment toward WordPress now (grouped),Positive,141,34,importance,Security in WordPress,4.8,0.0,98.6,81.6,98.6
Sentiment toward WordPress now (grouped),Neutral / unsure,126,34,importance,Security in WordPress,4.65,0.8,94.4,72.2,93.7
Sentiment toward WordPress now (grouped),All respondents,431,34,importance,Web standards and compliance,4.57,1.6,93.7,65.9,92.1
Sentiment toward WordPress now (grouped),Negative,164,34,importance,Web standards and compliance,4.52,3.0,92.7,64.6,89.6
Sentiment toward WordPress now (grouped),Positive,141,34,importance,Web standards and compliance,4.65,0.0,95.7,69.5,95.7
Sentiment toward WordPress now (grouped),Neutral / unsure,126,34,importance,Web standards and compliance,4.54,1.6,92.9,63.5,91.3
Sentiment toward WordPress now (grouped),All respondents,431,34,importance,WordPress leadership,4.04,8.1,73.8,43.4,65.7
Sentiment toward WordPress now (grouped),Negative,164,34,importance,WordPress leadership,4.18,11.0,81.7,55.5,70.7
Sentiment toward WordPress now (grouped),Positive,141,34,importance,WordPress leadership,3.87,5.0,65.2,29.8,60.3
Sentiment toward WordPress now (grouped),Neutral / unsure,126,34,importance,WordPress leadership,4.04,7.9,73.0,42.9,65.1
Sentiment toward WordPress now (grouped),All respondents,431,34,importance,WordPress governance,4.17,5.8,76.6,50.8,70.8
Sentiment toward WordPress now (grouped),Negative,164,34,importance,WordPress governance,4.34,7.3,84.1,64.0,76.8
Sentiment toward WordPress now (grouped),Positive,141,34,importance,WordPress governance,3.94,5.0,67.4,35.5,62.4
Sentiment toward WordPress now (grouped),Neutral / unsure,126,34,importance,WordPress governance,4.2,4.8,77.0,50.8,72.2
Sentiment toward WordPress now (grouped),All respondents,431,34,importance,"Business issues (mergers & acquisitions, product ecosystem, private equity investment, etc.)",3.14,25.5,41.5,12.5,16.0
Sentiment toward WordPress now (grouped),Negative,164,34,importance,"Business issues (mergers & acquisitions, product ecosystem, private equity investment, etc.)",2.99,34.1,40.9,14.0,6.7
Sentiment toward WordPress now (grouped),Positive,141,34,importance,"Business issues (mergers & acquisitions, product ecosystem, private equity investment, etc.)",3.3,15.6,44.0,12.1,28.4
Sentiment toward WordPress now (grouped),Neutral / unsure,126,34,importance,"Business issues (mergers & acquisitions, product ecosystem, private equity investment, etc.)",3.13,25.4,39.7,11.1,14.3
Sentiment toward WordPress now (grouped),All respondents,431,34,importance,Enterprise/scale issues,3.13,24.8,40.1,11.1,15.3
Sentiment toward WordPress now (grouped),Negative,164,34,importance,Enterprise/scale issues,2.9,34.8,35.4,12.8,0.6
Sentiment toward WordPress now (grouped),Positive,141,34,importance,Enterprise/scale issues,3.26,17.0,40.4,10.6,23.4
Sentiment toward WordPress now (grouped),Neutral / unsure,126,34,importance,Enterprise/scale issues,3.27,20.6,46.0,9.5,25.4
Sentiment toward WordPress now (grouped),All respondents,431,34,importance,Collaboration with the greater open source ecosystem,3.82,8.8,67.7,26.0,58.9
Sentiment toward WordPress now (grouped),Negative,164,34,importance,Collaboration with the greater open source ecosystem,3.86,11.0,69.5,32.9,58.5
Sentiment toward WordPress now (grouped),Positive,141,34,importance,Collaboration with the greater open source ecosystem,3.83,5.7,66.7,23.4,61.0
Sentiment toward WordPress now (grouped),Neutral / unsure,126,34,importance,Collaboration with the greater open source ecosystem,3.75,9.5,66.7,19.8,57.1
Sentiment toward WordPress now (grouped),All respondents,431,38,importance,Personal capacity,4.22,3.7,82.8,44.5,79.1
Sentiment toward WordPress now (grouped),Negative,164,38,importance,Personal capacity,4.17,4.3,81.1,43.3,76.8
Sentiment toward WordPress now (grouped),Positive,141,38,importance,Personal capacity,4.4,2.8,91.5,51.8,88.7
Sentiment toward WordPress now (grouped),Neutral / unsure,126,38,importance,Personal capacity,4.09,4.0,75.4,38.1,71.4
Sentiment toward WordPress now (grouped),All respondents,431,38,importance,Financial incentives/restraints,3.05,27.4,33.6,11.8,6.3
Sentiment toward WordPress now (grouped),Negative,164,38,importance,Financial incentives/restraints,3.04,28.0,32.3,12.8,4.3
Sentiment toward WordPress now (grouped),Positive,141,38,importance,Financial incentives/restraints,3.11,26.2,38.3,12.8,12.1
Sentiment toward WordPress now (grouped),Neutral / unsure,126,38,importance,Financial incentives/restraints,3.0,27.8,30.2,9.5,2.4
Sentiment toward WordPress now (grouped),All respondents,431,38,importance,Impact of my contributions to the project,3.4,14.4,47.8,12.8,33.4
Sentiment toward WordPress now (grouped),Negative,164,38,importance,Impact of my contributions to the project,3.3,17.1,43.9,12.8,26.8
Sentiment toward WordPress now (grouped),Positive,141,38,importance,Impact of my contributions to the project,3.49,11.3,48.9,14.2,37.6
Sentiment toward WordPress now (grouped),Neutral / unsure,126,38,importance,Impact of my contributions to the project,3.44,14.3,51.6,11.1,37.3
Sentiment toward WordPress now (grouped),All respondents,431,38,importance,Impact of my participation on my professional or personal life,3.6,9.5,58.5,15.3,49.0
Sentiment toward WordPress now (grouped),Negative,164,38,importance,Impact of my participation on my professional or personal life,3.57,11.0,58.5,15.2,47.6
Sentiment toward WordPress now (grouped),Positive,141,38,importance,Impact of my participation on my professional or personal life,3.7,9.2,61.0,19.1,51.8
Sentiment toward WordPress now (grouped),Neutral / unsure,126,38,importance,Impact of my participation on my professional or personal life,3.54,7.9,55.6,11.1,47.6
Sentiment toward WordPress now (grouped),All respondents,431,38,importance,Understanding how to participate,3.59,10.7,59.6,16.2,49.0
Sentiment toward WordPress now (grouped),Negative,164,38,importance,Understanding how to participate,3.52,12.2,56.7,15.9,44.5
Sentiment toward WordPress now (grouped),Positive,141,38,importance,Understanding how to participate,3.7,8.5,63.1,17.7,54.6
Sentiment toward WordPress now (grouped),Neutral / unsure,126,38,importance,Understanding how to participate,3.57,11.1,59.5,15.1,48.4
Sentiment toward WordPress now (grouped),All respondents,431,38,importance,Mentorship or guidance,3.08,23.9,33.4,7.4,9.5
Sentiment toward WordPress now (grouped),Negative,164,38,importance,Mentorship or guidance,2.94,28.7,29.9,4.9,1.2
Sentiment toward WordPress now (grouped),Positive,141,38,importance,Mentorship or guidance,3.27,19.9,41.8,11.3,22.0
Sentiment toward WordPress now (grouped),Neutral / unsure,126,38,importance,Mentorship or guidance,3.04,22.2,28.6,6.3,6.3
Sentiment toward WordPress now (grouped),All respondents,431,38,importance,Project roadmap,3.43,17.2,51.7,14.2,34.6
Sentiment toward WordPress now (grouped),Negative,164,38,importance,Project roadmap,3.46,15.9,51.2,18.3,35.4
Sentiment toward WordPress now (grouped),Positive,141,38,importance,Project roadmap,3.44,17.0,53.9,12.1,36.9
Sentiment toward WordPress now (grouped),Neutral / unsure,126,38,importance,Project roadmap,3.37,19.0,50.0,11.1,31.0
Sentiment toward WordPress now (grouped),All respondents,431,38,importance,Project leadership,3.83,12.5,67.3,32.7,54.8
Sentiment toward WordPress now (grouped),Negative,164,38,importance,Project leadership,4.21,7.3,81.1,53.0,73.8
Sentiment toward WordPress now (grouped),Positive,141,38,importance,Project leadership,3.47,17.7,53.9,14.9,36.2
Sentiment toward WordPress now (grouped),Neutral / unsure,126,38,importance,Project leadership,3.72,13.5,64.3,26.2,50.8
Sentiment toward WordPress now (grouped),All respondents,431,38,importance,Project governance/policies,3.85,10.4,66.4,32.7,55.9
Sentiment toward WordPress now (grouped),Negative,164,38,importance,Project governance/policies,4.23,5.5,81.1,51.2,75.6
Sentiment toward WordPress now (grouped),Positive,141,38,importance,Project governance/policies,3.5,15.6,55.3,15.6,39.7
Sentiment toward WordPress now (grouped),Neutral / unsure,126,38,importance,Project governance/policies,3.75,11.1,59.5,27.8,48.4
Sentiment toward WordPress now (grouped),All respondents,431,38,importance,"Advocacy on behalf of web standards (accessibility, privacy, etc.)",3.99,7.7,75.6,33.6,68.0
Sentiment toward WordPress now (grouped),Negative,164,38,importance,"Advocacy on behalf of web standards (accessibility, privacy, etc.)",4.2,4.9,80.5,46.3,75.6
Sentiment toward WordPress now (grouped),Positive,141,38,importance,"Advocacy on behalf of web standards (accessibility, privacy, etc.)",3.91,9.2,78.7,24.8,69.5
Sentiment toward WordPress now (grouped),Neutral / unsure,126,38,importance,"Advocacy on behalf of web standards (accessibility, privacy, etc.)",3.82,9.5,65.9,27.0,56.3
Sentiment toward WordPress now (grouped),All respondents,431,38,importance,Participation in the WordPress community,3.52,10.0,53.4,15.3,43.4
Sentiment toward WordPress now (grouped),Negative,164,38,importance,Participation in the WordPress community,3.29,17.1,45.1,11.6,28.0
Sentiment toward WordPress now (grouped),Positive,141,38,importance,Participation in the WordPress community,3.82,2.1,63.1,22.0,61.0
Sentiment toward WordPress now (grouped),Neutral / unsure,126,38,importance,Participation in the WordPress community,3.5,9.5,53.2,12.7,43.7
Sentiment toward WordPress now (grouped),All respondents,431,38,importance,Feeling welcome/included,4.06,5.8,76.3,39.2,70.5
Sentiment toward WordPress now (grouped),Negative,164,38,importance,Feeling welcome/included,4.02,7.3,74.4,40.9,67.1
Sentiment toward WordPress now (grouped),Positive,141,38,importance,Feeling welcome/included,4.11,7.1,80.1,40.4,73.0
Sentiment toward WordPress now (grouped),Neutral / unsure,126,38,importance,Feeling welcome/included,4.06,2.4,74.6,35.7,72.2
Sentiment toward WordPress now (grouped),All respondents,431,38,importance,Participating in a language other than English,2.46,45.2,19.7,6.3,-25.5
Sentiment toward WordPress now (grouped),Negative,164,38,importance,Participating in a language other than English,2.33,48.2,15.9,3.7,-32.3
Sentiment toward WordPress now (grouped),Positive,141,38,importance,Participating in a language other than English,2.5,44.7,20.6,6.4,-24.1
Sentiment toward WordPress now (grouped),Neutral / unsure,126,38,importance,Participating in a language other than English,2.59,42.1,23.8,9.5,-18.3
Sentiment toward WordPress now (grouped),All respondents,431,38,importance,Working asynchronously,3.61,11.6,55.5,24.1,43.9
Sentiment toward WordPress now (grouped),Negative,164,38,importance,Working asynchronously,3.52,14.0,53.0,22.6,39.0
Sentiment toward WordPress now (grouped),Positive,141,38,importance,Working asynchronously,3.79,7.8,59.6,32.6,51.8
Sentiment toward WordPress now (grouped),Neutral / unsure,126,38,importance,Working asynchronously,3.52,12.7,54.0,16.7,41.3
Sentiment toward WordPress now (grouped),All respondents,431,50,agreement,Attending in-person WordPress-related events is important to me.,3.13,35.3,46.6,21.3,11.4
Sentiment toward WordPress now (grouped),Negative,164,50,agreement,Attending in-person WordPress-related events is important to me.,2.69,49.4,34.1,9.8,-15.2
Sentiment toward WordPress now (grouped),Positive,141,50,agreement,Attending in-person WordPress-related events is important to me.,3.47,26.2,54.6,32.6,28.4
Sentiment toward WordPress now (grouped),Neutral / unsure,126,50,agreement,Attending in-person WordPress-related events is important to me.,3.33,27.0,54.0,23.8,27.0
Sentiment toward WordPress now (grouped),All respondents,431,57,importance,A location local to you,3.73,13.9,65.9,27.8,52.0
Sentiment toward WordPress now (grouped),Negative,164,57,importance,A location local to you,3.66,17.1,65.2,25.6,48.2
Sentiment toward WordPress now (grouped),Positive,141,57,importance,A location local to you,3.87,11.3,68.1,36.2,56.7
Sentiment toward WordPress now (grouped),Neutral / unsure,126,57,importance,A location local to you,3.67,12.7,64.3,21.4,51.6
Sentiment toward WordPress now (grouped),All respondents,431,57,importance,A regional/destination location,3.42,16.7,54.3,13.9,37.6
Sentiment toward WordPress now (grouped),Negative,164,57,importance,A regional/destination location,3.29,19.5,50.0,10.4,30.5
Sentiment toward WordPress now (grouped),Positive,141,57,importance,A regional/destination location,3.54,14.9,56.7,19.9,41.8
Sentiment toward WordPress now (grouped),Neutral / unsure,126,57,importance,A regional/destination location,3.44,15.1,57.1,11.9,42.1
Sentiment toward WordPress now (grouped),All respondents,431,57,importance,Events with smaller attendance,2.91,24.8,25.1,3.9,0.2
Sentiment toward WordPress now (grouped),Negative,164,57,importance,Events with smaller attendance,2.96,23.2,25.6,3.7,2.4
Sentiment toward WordPress now (grouped),Positive,141,57,importance,Events with smaller attendance,2.91,26.2,27.7,4.3,1.4
Sentiment toward WordPress now (grouped),Neutral / unsure,126,57,importance,Events with smaller attendance,2.84,25.4,21.4,4.0,-4.0
Sentiment toward WordPress now (grouped),All respondents,431,57,importance,Events with larger attendance,2.72,31.6,16.9,2.8,-14.6
Sentiment toward WordPress now (grouped),Negative,164,57,importance,Events with larger attendance,2.76,31.1,18.9,3.0,-12.2
Sentiment toward WordPress now (grouped),Positive,141,57,importance,Events with larger attendance,2.76,31.2,18.4,2.8,-12.8
Sentiment toward WordPress now (grouped),Neutral / unsure,126,57,importance,Events with larger attendance,2.63,32.5,12.7,2.4,-19.8
Sentiment toward WordPress now (grouped),All respondents,431,57,importance,"Hard skill development (technical instruction, workshops, etc.)",3.37,18.1,52.9,11.8,34.8
Sentiment toward WordPress now (grouped),Negative,164,57,importance,"Hard skill development (technical instruction, workshops, etc.)",3.35,19.5,54.9,11.6,35.4
Sentiment toward WordPress now (grouped),Positive,141,57,importance,"Hard skill development (technical instruction, workshops, etc.)",3.43,14.9,54.6,9.9,39.7
Sentiment toward WordPress now (grouped),Neutral / unsure,126,57,importance,"Hard skill development (technical instruction, workshops, etc.)",3.33,19.8,48.4,14.3,28.6
Sentiment toward WordPress now (grouped),All respondents,431,57,importance,"Soft skill development (business development, personal development, etc.)",3.08,24.8,38.5,6.7,13.7
Sentiment toward WordPress now (grouped),Negative,164,57,importance,"Soft skill development (business development, personal development, etc.)",3.05,26.2,37.8,6.7,11.6
Sentiment toward WordPress now (grouped),Positive,141,57,importance,"Soft skill development (business development, personal development, etc.)",3.16,22.7,39.7,8.5,17.0
Sentiment toward WordPress now (grouped),Neutral / unsure,126,57,importance,"Soft skill development (business development, personal development, etc.)",3.03,25.4,38.1,4.8,12.7
Sentiment toward WordPress now (grouped),All respondents,431,57,importance,Topics of sessions / panels,3.69,11.1,67.3,18.6,56.1
Sentiment toward WordPress now (grouped),Negative,164,57,importance,Topics of sessions / panels,3.73,13.4,70.7,23.2,57.3
Sentiment toward WordPress now (grouped),Positive,141,57,importance,Topics of sessions / panels,3.73,7.1,66.7,16.3,59.6
Sentiment toward WordPress now (grouped),Neutral / unsure,126,57,importance,Topics of sessions / panels,3.59,12.7,63.5,15.1,50.8
Sentiment toward WordPress now (grouped),All respondents,431,57,importance,Particular speakers / keynotes,3.14,21.8,38.7,7.7,16.9
Sentiment toward WordPress now (grouped),Negative,164,57,importance,Particular speakers / keynotes,3.09,26.2,38.4,9.1,12.2
Sentiment toward WordPress now (grouped),Positive,141,57,importance,Particular speakers / keynotes,3.26,16.3,40.4,9.2,24.1
Sentiment toward WordPress now (grouped),Neutral / unsure,126,57,importance,Particular speakers / keynotes,3.06,22.2,37.3,4.0,15.1
Sentiment toward WordPress now (grouped),All respondents,431,57,importance,Meeting professional development requirements,2.83,32.0,28.8,7.0,-3.2
Sentiment toward WordPress now (grouped),Negative,164,57,importance,Meeting professional development requirements,2.76,36.6,26.2,9.8,-10.4
Sentiment toward WordPress now (grouped),Positive,141,57,importance,Meeting professional development requirements,2.96,25.5,31.9,5.7,6.4
Sentiment toward WordPress now (grouped),Neutral / unsure,126,57,importance,Meeting professional development requirements,2.77,33.3,28.6,4.8,-4.8
Sentiment toward WordPress now (grouped),All respondents,431,57,importance,Networking opportunities,3.65,14.2,60.6,25.1,46.4
Sentiment toward WordPress now (grouped),Negative,164,57,importance,Networking opportunities,3.59,16.5,57.9,26.8,41.5
Sentiment toward WordPress now (grouped),Positive,141,57,importance,Networking opportunities,3.76,8.5,63.1,23.4,54.6
Sentiment toward WordPress now (grouped),Neutral / unsure,126,57,importance,Networking opportunities,3.59,17.5,61.1,24.6,43.7
Sentiment toward WordPress now (grouped),All respondents,431,57,importance,Community development/engagement,3.61,11.8,61.5,18.3,49.7
Sentiment toward WordPress now (grouped),Negative,164,57,importance,Community development/engagement,3.45,15.2,53.7,15.2,38.4
Sentiment toward WordPress now (grouped),Positive,141,57,importance,Community development/engagement,3.86,5.0,68.1,23.4,63.1
Sentiment toward WordPress now (grouped),Neutral / unsure,126,57,importance,Community development/engagement,3.55,15.1,64.3,16.7,49.2
Sentiment toward WordPress now (grouped),All respondents,431,57,importance,Cost of ticket,3.44,19.5,54.5,17.6,35.0
Sentiment toward WordPress now (grouped),Negative,164,57,importance,Cost of ticket,3.43,21.3,56.7,21.3,35.4
Sentiment toward WordPress now (grouped),Positive,141,57,importance,Cost of ticket,3.5,16.3,52.5,17.7,36.2
Sentiment toward WordPress now (grouped),Neutral / unsure,126,57,importance,Cost of ticket,3.38,20.6,54.0,12.7,33.3
Sentiment toward WordPress now (grouped),All respondents,431,57,importance,"Cost of attendance (travel, housing, etc.)",3.9,11.4,72.4,34.3,61.0
Sentiment toward WordPress now (grouped),Negative,164,57,importance,"Cost of attendance (travel, housing, etc.)",3.82,14.6,68.9,35.4,54.3
Sentiment toward WordPress now (grouped),Positive,141,57,importance,"Cost of attendance (travel, housing, etc.)",3.95,8.5,73.8,30.5,65.2
Sentiment toward WordPress now (grouped),Neutral / unsure,126,57,importance,"Cost of attendance (travel, housing, etc.)",3.96,10.3,75.4,37.3,65.1
Sentiment toward WordPress now (grouped),All respondents,431,59,sentiment,"Right now, how do you generally feel about open source software?",4.16,3.9,81.7,39.4,77.7
Sentiment toward WordPress now (grouped),Negative,164,59,sentiment,"Right now, how do you generally feel about open source software?",3.93,8.5,73.2,31.1,64.6
Sentiment toward WordPress now (grouped),Positive,141,59,sentiment,"Right now, how do you generally feel about open source software?",4.55,0.0,96.5,58.2,96.5
Sentiment toward WordPress now (grouped),Neutral / unsure,126,59,sentiment,"Right now, how do you generally feel about open source software?",4.03,2.4,76.2,29.4,73.8
Sentiment toward WordPress now (grouped),All respondents,431,62,importance,Open source software,4.59,1.2,93.5,68.0,92.3
Sentiment toward WordPress now (grouped),Negative,164,62,importance,Open source software,4.67,0.6,94.5,73.8,93.9
Sentiment toward WordPress now (grouped),Positive,141,62,importance,Open source software,4.68,0.7,97.2,72.3,96.5
Sentiment toward WordPress now (grouped),Neutral / unsure,126,62,importance,Open source software,4.4,2.4,88.1,55.6,85.7
Sentiment toward WordPress now (grouped),All respondents,431,62,importance,Open source values (whatever that means to you)required,4.51,3.2,91.9,64.3,88.6
Sentiment toward WordPress now (grouped),Negative,164,62,importance,Open source values (whatever that means to you)required,4.57,3.0,94.5,67.1,91.5
Sentiment toward WordPress now (grouped),Positive,141,62,importance,Open source values (whatever that means to you)required,4.62,0.7,96.5,67.4,95.7
Sentiment toward WordPress now (grouped),Neutral / unsure,126,62,importance,Open source values (whatever that means to you)required,4.32,6.3,83.3,57.1,77.0
Sentiment toward WordPress now (grouped),All respondents,431,62,importance,The sustainability of open source projects,4.58,1.2,93.3,66.6,92.1
Sentiment toward WordPress now (grouped),Negative,164,62,importance,The sustainability of open source projects,4.63,1.2,95.1,70.1,93.9
Sentiment toward WordPress now (grouped),Positive,141,62,importance,The sustainability of open source projects,4.57,0.7,94.3,63.8,93.6
Sentiment toward WordPress now (grouped),Neutral / unsure,126,62,importance,The sustainability of open source projects,4.52,1.6,89.7,65.1,88.1
Sentiment toward WordPress now (grouped),All respondents,431,62,importance,Open source in WordPress,4.51,2.8,92.1,63.1,89.3
Sentiment toward WordPress now (grouped),Negative,164,62,importance,Open source in WordPress,4.38,4.9,87.8,59.8,82.9
Sentiment toward WordPress now (grouped),Positive,141,62,importance,Open source in WordPress,4.68,0.0,98.6,69.5,98.6
Sentiment toward WordPress now (grouped),Neutral / unsure,126,62,importance,Open source in WordPress,4.47,3.2,90.5,60.3,87.3
Sentiment toward WordPress now (grouped),All respondents,431,62,importance,Open source in AI,3.24,29.2,50.1,27.4,20.9
Sentiment toward WordPress now (grouped),Negative,164,62,importance,Open source in AI,2.98,39.0,43.3,28.0,4.3
Sentiment toward WordPress now (grouped),Positive,141,62,importance,Open source in AI,3.52,21.3,61.0,28.4,39.7
Sentiment toward WordPress now (grouped),Neutral / unsure,126,62,importance,Open source in AI,3.27,25.4,46.8,25.4,21.4
Sentiment toward WordPress now (grouped),All respondents,431,67,sentiment,"Right now, how do you generally feel about AI in the tech industry?",2.6,46.2,31.1,10.0,-15.1
Sentiment toward WordPress now (grouped),Negative,164,67,sentiment,"Right now, how do you generally feel about AI in the tech industry?",2.2,61.6,22.6,11.0,-39.0
Sentiment toward WordPress now (grouped),Positive,141,67,sentiment,"Right now, how do you generally feel about AI in the tech industry?",3.04,33.3,44.7,13.5,11.3
Sentiment toward WordPress now (grouped),Neutral / unsure,126,67,sentiment,"Right now, how do you generally feel about AI in the tech industry?",2.65,40.5,27.0,4.8,-13.5
Sentiment toward WordPress now (grouped),All respondents,431,68,sentiment,"Right now, how do you generally feel about AI in WordPress?",2.35,49.9,16.9,3.9,-32.9
Sentiment toward WordPress now (grouped),Negative,164,68,sentiment,"Right now, how do you generally feel about AI in WordPress?",1.84,68.3,7.3,1.2,-61.0
Sentiment toward WordPress now (grouped),Positive,141,68,sentiment,"Right now, how do you generally feel about AI in WordPress?",2.88,32.6,33.3,8.5,0.7
Sentiment toward WordPress now (grouped),Neutral / unsure,126,68,sentiment,"Right now, how do you generally feel about AI in WordPress?",2.4,45.2,11.1,2.4,-34.1
Sentiment toward WordPress now (grouped),All respondents,431,69,sentiment,"Right now, how do you generally feel about AI in web development (vibe coding, agentic development, etc.)?",2.7,44.8,34.6,12.5,-10.2
Sentiment toward WordPress now (grouped),Negative,164,69,sentiment,"Right now, how do you generally feel about AI in web development (vibe coding, agentic development, etc.)?",2.24,63.4,25.6,11.6,-37.8
Sentiment toward WordPress now (grouped),Positive,141,69,sentiment,"Right now, how do you generally feel about AI in web development (vibe coding, agentic development, etc.)?",3.12,30.5,46.1,15.6,15.6
Sentiment toward WordPress now (grouped),Neutral / unsure,126,69,sentiment,"Right now, how do you generally feel about AI in web development (vibe coding, agentic development, etc.)?",2.82,36.5,33.3,10.3,-3.2
Sentiment toward the future (grouped),All respondents,431,19,agreement,I consider myself to be a contributor to the WordPress open source project.,3.04,37.1,42.0,17.6,4.9
Sentiment toward the future (grouped),Negative,168,19,agreement,I consider myself to be a contributor to the WordPress open source project.,2.64,51.2,30.4,10.1,-20.8
Sentiment toward the future (grouped),Neutral / unsure,158,19,agreement,I consider myself to be a contributor to the WordPress open source project.,3.04,36.1,41.8,15.8,5.7
Sentiment toward the future (grouped),Positive,105,19,agreement,I consider myself to be a contributor to the WordPress open source project.,3.69,16.2,61.0,32.4,44.8
Sentiment toward the future (grouped),All respondents,431,22,agreement,I consider myself to be a member of the WordPress community.,3.88,12.3,71.5,32.9,59.2
Sentiment toward the future (grouped),Negative,168,22,agreement,I consider myself to be a member of the WordPress community.,3.51,19.6,59.5,19.0,39.9
Sentiment toward the future (grouped),Neutral / unsure,158,22,agreement,I consider myself to be a member of the WordPress community.,3.92,10.8,74.1,31.6,63.3
Sentiment toward the future (grouped),Positive,105,22,agreement,I consider myself to be a member of the WordPress community.,4.41,2.9,86.7,57.1,83.8
Sentiment toward the future (grouped),All respondents,431,28,sentiment,"Right now, how do you feel overall about the WordPress open source project?",2.87,38.1,32.7,4.6,-5.3
Sentiment toward the future (grouped),Negative,168,28,sentiment,"Right now, how do you feel overall about the WordPress open source project?",1.98,78.6,4.8,0.0,-73.8
Sentiment toward the future (grouped),Neutral / unsure,158,28,sentiment,"Right now, how do you feel overall about the WordPress open source project?",3.05,19.0,27.2,0.0,8.2
Sentiment toward the future (grouped),Positive,105,28,sentiment,"Right now, how do you feel overall about the WordPress open source project?",4.02,1.9,85.7,19.0,83.8
Sentiment toward the future (grouped),All respondents,431,34,importance,WordPress open source software,4.58,1.4,94.0,65.4,92.6
Sentiment toward the future (grouped),Negative,168,34,importance,WordPress open source software,4.44,3.0,89.9,58.3,86.9
Sentiment toward the future (grouped),Neutral / unsure,158,34,importance,WordPress open source software,4.56,0.6,94.9,62.0,94.3
Sentiment toward the future (grouped),Positive,105,34,importance,WordPress open source software,4.81,0.0,99.0,81.9,99.0
Sentiment toward the future (grouped),All respondents,431,34,importance,The WordPress community,4.13,7.0,80.3,41.8,73.3
Sentiment toward the future (grouped),Negative,168,34,importance,The WordPress community,3.9,9.5,71.4,31.5,61.9
Sentiment toward the future (grouped),Neutral / unsure,158,34,importance,The WordPress community,4.08,8.2,80.4,38.6,72.2
Sentiment toward the future (grouped),Positive,105,34,importance,The WordPress community,4.56,1.0,94.3,62.9,93.3
Sentiment toward the future (grouped),All respondents,431,34,importance,WordPress events and meetups,3.26,26.7,50.1,19.5,23.4
Sentiment toward the future (grouped),Negative,168,34,importance,WordPress events and meetups,2.76,38.7,31.0,10.1,-7.7
Sentiment toward the future (grouped),Neutral / unsure,158,34,importance,WordPress events and meetups,3.36,24.1,55.7,19.0,31.6
Sentiment toward the future (grouped),Positive,105,34,importance,WordPress events and meetups,3.9,11.4,72.4,35.2,61.0
Sentiment toward the future (grouped),All respondents,431,34,importance,Contributing to WordPress,3.31,18.8,45.7,13.9,26.9
Sentiment toward the future (grouped),Negative,168,34,importance,Contributing to WordPress,2.95,29.8,32.7,6.5,3.0
Sentiment toward the future (grouped),Neutral / unsure,158,34,importance,Contributing to WordPress,3.37,14.6,47.5,14.6,32.9
Sentiment toward the future (grouped),Positive,105,34,importance,Contributing to WordPress,3.79,7.6,63.8,24.8,56.2
Sentiment toward the future (grouped),All respondents,431,34,importance,Open source values,4.48,2.6,90.7,61.9,88.2
Sentiment toward the future (grouped),Negative,168,34,importance,Open source values,4.43,3.6,90.5,58.9,86.9
Sentiment toward the future (grouped),Neutral / unsure,158,34,importance,Open source values,4.41,2.5,86.7,58.2,84.2
Sentiment toward the future (grouped),Positive,105,34,importance,Open source values,4.68,1.0,97.1,72.4,96.2
Sentiment toward the future (grouped),All respondents,431,34,importance,AI in WordPress,2.47,52.7,29.0,12.8,-23.7
Sentiment toward the future (grouped),Negative,168,34,importance,AI in WordPress,2.01,69.0,20.2,11.9,-48.8
Sentiment toward the future (grouped),Neutral / unsure,158,34,importance,AI in WordPress,2.53,49.4,27.2,11.4,-22.2
Sentiment toward the future (grouped),Positive,105,34,importance,AI in WordPress,3.11,31.4,45.7,16.2,14.3
Sentiment toward the future (grouped),All respondents,431,34,importance,Security in WordPress,4.68,1.4,95.1,75.6,93.7
Sentiment toward the future (grouped),Negative,168,34,importance,Security in WordPress,4.59,3.0,92.3,72.0,89.3
Sentiment toward the future (grouped),Neutral / unsure,158,34,importance,Security in WordPress,4.73,0.6,96.2,78.5,95.6
Sentiment toward the future (grouped),Positive,105,34,importance,Security in WordPress,4.75,0.0,98.1,77.1,98.1
Sentiment toward the future (grouped),All respondents,431,34,importance,Web standards and compliance,4.57,1.6,93.7,65.9,92.1
Sentiment toward the future (grouped),Negative,168,34,importance,Web standards and compliance,4.49,3.6,92.9,61.9,89.3
Sentiment toward the future (grouped),Neutral / unsure,158,34,importance,Web standards and compliance,4.59,0.6,93.7,66.5,93.0
Sentiment toward the future (grouped),Positive,105,34,importance,Web standards and compliance,4.67,0.0,95.2,71.4,95.2
Sentiment toward the future (grouped),All respondents,431,34,importance,WordPress leadership,4.04,8.1,73.8,43.4,65.7
Sentiment toward the future (grouped),Negative,168,34,importance,WordPress leadership,4.1,10.7,79.2,49.4,68.5
Sentiment toward the future (grouped),Neutral / unsure,158,34,importance,WordPress leadership,4.0,7.6,68.4,43.0,60.8
Sentiment toward the future (grouped),Positive,105,34,importance,WordPress leadership,4.0,4.8,73.3,34.3,68.6
Sentiment toward the future (grouped),All respondents,431,34,importance,WordPress governance,4.17,5.8,76.6,50.8,70.8
Sentiment toward the future (grouped),Negative,168,34,importance,WordPress governance,4.25,7.1,80.4,58.3,73.2
Sentiment toward the future (grouped),Neutral / unsure,158,34,importance,WordPress governance,4.17,5.1,74.1,51.3,69.0
Sentiment toward the future (grouped),Positive,105,34,importance,WordPress governance,4.04,4.8,74.3,38.1,69.5
Sentiment toward the future (grouped),All respondents,431,34,importance,"Business issues (mergers & acquisitions, product ecosystem, private equity investment, etc.)",3.14,25.5,41.5,12.5,16.0
Sentiment toward the future (grouped),Negative,168,34,importance,"Business issues (mergers & acquisitions, product ecosystem, private equity investment, etc.)",2.91,33.3,34.5,12.5,1.2
Sentiment toward the future (grouped),Neutral / unsure,158,34,importance,"Business issues (mergers & acquisitions, product ecosystem, private equity investment, etc.)",3.25,22.2,44.9,12.0,22.8
Sentiment toward the future (grouped),Positive,105,34,importance,"Business issues (mergers & acquisitions, product ecosystem, private equity investment, etc.)",3.33,18.1,47.6,13.3,29.5
Sentiment toward the future (grouped),All respondents,431,34,importance,Enterprise/scale issues,3.13,24.8,40.1,11.1,15.3
Sentiment toward the future (grouped),Negative,168,34,importance,Enterprise/scale issues,2.74,39.3,28.6,8.9,-10.7
Sentiment toward the future (grouped),Neutral / unsure,158,34,importance,Enterprise/scale issues,3.41,15.2,49.4,13.9,34.2
Sentiment toward the future (grouped),Positive,105,34,importance,Enterprise/scale issues,3.31,16.2,44.8,10.5,28.6
Sentiment toward the future (grouped),All respondents,431,34,importance,Collaboration with the greater open source ecosystem,3.82,8.8,67.7,26.0,58.9
Sentiment toward the future (grouped),Negative,168,34,importance,Collaboration with the greater open source ecosystem,3.81,11.3,69.0,28.6,57.7
Sentiment toward the future (grouped),Neutral / unsure,158,34,importance,Collaboration with the greater open source ecosystem,3.73,8.9,62.0,22.2,53.2
Sentiment toward the future (grouped),Positive,105,34,importance,Collaboration with the greater open source ecosystem,3.95,4.8,74.3,27.6,69.5
Sentiment toward the future (grouped),All respondents,431,38,importance,Personal capacity,4.22,3.7,82.8,44.5,79.1
Sentiment toward the future (grouped),Negative,168,38,importance,Personal capacity,4.17,3.6,81.5,41.7,78.0
Sentiment toward the future (grouped),Neutral / unsure,158,38,importance,Personal capacity,4.16,5.1,78.5,44.9,73.4
Sentiment toward the future (grouped),Positive,105,38,importance,Personal capacity,4.38,1.9,91.4,48.6,89.5
Sentiment toward the future (grouped),All respondents,431,38,importance,Financial incentives/restraints,3.05,27.4,33.6,11.8,6.3
Sentiment toward the future (grouped),Negative,168,38,importance,Financial incentives/restraints,2.98,28.0,28.0,10.1,0.0
Sentiment toward the future (grouped),Neutral / unsure,158,38,importance,Financial incentives/restraints,3.02,28.5,33.5,11.4,5.1
Sentiment toward the future (grouped),Positive,105,38,importance,Financial incentives/restraints,3.21,24.8,42.9,15.2,18.1
Sentiment toward the future (grouped),All respondents,431,38,importance,Impact of my contributions to the project,3.4,14.4,47.8,12.8,33.4
Sentiment toward the future (grouped),Negative,168,38,importance,Impact of my contributions to the project,3.24,17.9,41.1,9.5,23.2
Sentiment toward the future (grouped),Neutral / unsure,158,38,importance,Impact of my contributions to the project,3.47,13.3,51.3,13.9,38.0
Sentiment toward the future (grouped),Positive,105,38,importance,Impact of my contributions to the project,3.56,10.5,53.3,16.2,42.9
Sentiment toward the future (grouped),All respondents,431,38,importance,Impact of my participation on my professional or personal life,3.6,9.5,58.5,15.3,49.0
Sentiment toward the future (grouped),Negative,168,38,importance,Impact of my participation on my professional or personal life,3.48,12.5,52.4,14.9,39.9
Sentiment toward the future (grouped),Neutral / unsure,158,38,importance,Impact of my participation on my professional or personal life,3.66,6.3,61.4,13.9,55.1
Sentiment toward the future (grouped),Positive,105,38,importance,Impact of my participation on my professional or personal life,3.7,9.5,63.8,18.1,54.3
Sentiment toward the future (grouped),All respondents,431,38,importance,Understanding how to participate,3.59,10.7,59.6,16.2,49.0
Sentiment toward the future (grouped),Negative,168,38,importance,Understanding how to participate,3.47,12.5,54.8,13.1,42.3
Sentiment toward the future (grouped),Neutral / unsure,158,38,importance,Understanding how to participate,3.64,8.9,61.4,17.1,52.5
Sentiment toward the future (grouped),Positive,105,38,importance,Understanding how to participate,3.71,10.5,64.8,20.0,54.3
Sentiment toward the future (grouped),All respondents,431,38,importance,Mentorship or guidance,3.08,23.9,33.4,7.4,9.5
Sentiment toward the future (grouped),Negative,168,38,importance,Mentorship or guidance,2.9,28.6,26.2,4.2,-2.4
Sentiment toward the future (grouped),Neutral / unsure,158,38,importance,Mentorship or guidance,3.15,22.8,35.4,9.5,12.7
Sentiment toward the future (grouped),Positive,105,38,importance,Mentorship or guidance,3.26,18.1,41.9,9.5,23.8
Sentiment toward the future (grouped),All respondents,431,38,importance,Project roadmap,3.43,17.2,51.7,14.2,34.6
Sentiment toward the future (grouped),Negative,168,38,importance,Project roadmap,3.45,16.1,52.4,16.1,36.3
Sentiment toward the future (grouped),Neutral / unsure,158,38,importance,Project roadmap,3.37,19.6,49.4,12.7,29.7
Sentiment toward the future (grouped),Positive,105,38,importance,Project roadmap,3.48,15.2,54.3,13.3,39.0
Sentiment toward the future (grouped),All respondents,431,38,importance,Project leadership,3.83,12.5,67.3,32.7,54.8
Sentiment toward the future (grouped),Negative,168,38,importance,Project leadership,4.05,10.7,76.8,45.2,66.1
Sentiment toward the future (grouped),Neutral / unsure,158,38,importance,Project leadership,3.8,11.4,65.8,31.0,54.4
Sentiment toward the future (grouped),Positive,105,38,importance,Project leadership,3.5,17.1,54.3,15.2,37.1
Sentiment toward the future (grouped),All respondents,431,38,importance,Project governance/policies,3.85,10.4,66.4,32.7,55.9
Sentiment toward the future (grouped),Negative,168,38,importance,Project governance/policies,4.08,8.3,73.2,46.4,64.9
Sentiment toward the future (grouped),Neutral / unsure,158,38,importance,Project governance/policies,3.85,10.8,69.0,30.4,58.2
Sentiment toward the future (grouped),Positive,105,38,importance,Project governance/policies,3.49,13.3,51.4,14.3,38.1
Sentiment toward the future (grouped),All respondents,431,38,importance,"Advocacy on behalf of web standards (accessibility, privacy, etc.)",3.99,7.7,75.6,33.6,68.0
Sentiment toward the future (grouped),Negative,168,38,importance,"Advocacy on behalf of web standards (accessibility, privacy, etc.)",4.06,7.7,74.4,42.3,66.7
Sentiment toward the future (grouped),Neutral / unsure,158,38,importance,"Advocacy on behalf of web standards (accessibility, privacy, etc.)",3.97,7.0,75.9,31.0,69.0
Sentiment toward the future (grouped),Positive,105,38,importance,"Advocacy on behalf of web standards (accessibility, privacy, etc.)",3.91,8.6,77.1,23.8,68.6
Sentiment toward the future (grouped),All respondents,431,38,importance,Participation in the WordPress community,3.52,10.0,53.4,15.3,43.4
Sentiment toward the future (grouped),Negative,168,38,importance,Participation in the WordPress community,3.32,14.3,42.9,11.3,28.6
Sentiment toward the future (grouped),Neutral / unsure,158,38,importance,Participation in the WordPress community,3.5,10.8,54.4,14.6,43.7
Sentiment toward the future (grouped),Positive,105,38,importance,Participation in the WordPress community,3.89,1.9,68.6,22.9,66.7
Sentiment toward the future (grouped),All respondents,431,38,importance,Feeling welcome/included,4.06,5.8,76.3,39.2,70.5
Sentiment toward the future (grouped),Negative,168,38,importance,Feeling welcome/included,4.01,6.0,73.2,38.1,67.3
Sentiment toward the future (grouped),Neutral / unsure,158,38,importance,Feeling welcome/included,4.04,5.7,74.7,39.2,69.0
Sentiment toward the future (grouped),Positive,105,38,importance,Feeling welcome/included,4.18,5.7,83.8,41.0,78.1
Sentiment toward the future (grouped),All respondents,431,38,importance,Participating in a language other than English,2.46,45.2,19.7,6.3,-25.5
Sentiment toward the future (grouped),Negative,168,38,importance,Participating in a language other than English,2.34,47.6,14.9,3.6,-32.7
Sentiment toward the future (grouped),Neutral / unsure,158,38,importance,Participating in a language other than English,2.39,48.1,18.4,5.7,-29.7
Sentiment toward the future (grouped),Positive,105,38,importance,Participating in a language other than English,2.77,37.1,29.5,11.4,-7.6
Sentiment toward the future (grouped),All respondents,431,38,importance,Working asynchronously,3.61,11.6,55.5,24.1,43.9
Sentiment toward the future (grouped),Negative,168,38,importance,Working asynchronously,3.45,14.9,50.0,18.5,35.1
Sentiment toward the future (grouped),Neutral / unsure,158,38,importance,Working asynchronously,3.61,12.7,57.0,24.1,44.3
Sentiment toward the future (grouped),Positive,105,38,importance,Working asynchronously,3.87,4.8,61.9,33.3,57.1
Sentiment toward the future (grouped),All respondents,431,50,agreement,Attending in-person WordPress-related events is important to me.,3.13,35.3,46.6,21.3,11.4
Sentiment toward the future (grouped),Negative,168,50,agreement,Attending in-person WordPress-related events is important to me.,2.61,53.0,32.1,10.7,-20.8
Sentiment toward the future (grouped),Neutral / unsure,158,50,agreement,Attending in-person WordPress-related events is important to me.,3.22,30.4,48.1,20.9,17.7
Sentiment toward the future (grouped),Positive,105,50,agreement,Attending in-person WordPress-related events is important to me.,3.83,14.3,67.6,39.0,53.3
Sentiment toward the future (grouped),All respondents,431,57,importance,A location local to you,3.73,13.9,65.9,27.8,52.0
Sentiment toward the future (grouped),Negative,168,57,importance,A location local to you,3.7,15.5,67.3,25.6,51.8
Sentiment toward the future (grouped),Neutral / unsure,158,57,importance,A location local to you,3.67,13.3,63.9,22.2,50.6
Sentiment toward the future (grouped),Positive,105,57,importance,A location local to you,3.89,12.4,66.7,40.0,54.3
Sentiment toward the future (grouped),All respondents,431,57,importance,A regional/destination location,3.42,16.7,54.3,13.9,37.6
Sentiment toward the future (grouped),Negative,168,57,importance,A regional/destination location,3.3,19.6,51.8,10.1,32.1
Sentiment toward the future (grouped),Neutral / unsure,158,57,importance,A regional/destination location,3.42,15.2,55.1,12.0,39.9
Sentiment toward the future (grouped),Positive,105,57,importance,A regional/destination location,3.59,14.3,57.1,22.9,42.9
Sentiment toward the future (grouped),All respondents,431,57,importance,Events with smaller attendance,2.91,24.8,25.1,3.9,0.2
Sentiment toward the future (grouped),Negative,168,57,importance,Events with smaller attendance,2.96,24.4,25.6,4.8,1.2
Sentiment toward the future (grouped),Neutral / unsure,158,57,importance,Events with smaller attendance,2.91,22.8,25.3,2.5,2.5
Sentiment toward the future (grouped),Positive,105,57,importance,Events with smaller attendance,2.84,28.6,23.8,4.8,-4.8
Sentiment toward the future (grouped),All respondents,431,57,importance,Events with larger attendance,2.72,31.6,16.9,2.8,-14.6
Sentiment toward the future (grouped),Negative,168,57,importance,Events with larger attendance,2.69,33.3,15.5,2.4,-17.9
Sentiment toward the future (grouped),Neutral / unsure,158,57,importance,Events with larger attendance,2.72,29.7,16.5,3.2,-13.3
Sentiment toward the future (grouped),Positive,105,57,importance,Events with larger attendance,2.78,31.4,20.0,2.9,-11.4
Sentiment toward the future (grouped),All respondents,431,57,importance,"Hard skill development (technical instruction, workshops, etc.)",3.37,18.1,52.9,11.8,34.8
Sentiment toward the future (grouped),Negative,168,57,importance,"Hard skill development (technical instruction, workshops, etc.)",3.34,19.6,53.6,11.9,33.9
Sentiment toward the future (grouped),Neutral / unsure,158,57,importance,"Hard skill development (technical instruction, workshops, etc.)",3.39,18.4,53.8,12.7,35.4
Sentiment toward the future (grouped),Positive,105,57,importance,"Hard skill development (technical instruction, workshops, etc.)",3.38,15.2,50.5,10.5,35.2
Sentiment toward the future (grouped),All respondents,431,57,importance,"Soft skill development (business development, personal development, etc.)",3.08,24.8,38.5,6.7,13.7
Sentiment toward the future (grouped),Negative,168,57,importance,"Soft skill development (business development, personal development, etc.)",2.98,28.0,33.9,6.5,6.0
Sentiment toward the future (grouped),Neutral / unsure,158,57,importance,"Soft skill development (business development, personal development, etc.)",3.08,25.3,41.8,5.1,16.5
Sentiment toward the future (grouped),Positive,105,57,importance,"Soft skill development (business development, personal development, etc.)",3.23,19.0,41.0,9.5,21.9
Sentiment toward the future (grouped),All respondents,431,57,importance,Topics of sessions / panels,3.69,11.1,67.3,18.6,56.1
Sentiment toward the future (grouped),Negative,168,57,importance,Topics of sessions / panels,3.67,14.3,68.5,20.8,54.2
Sentiment toward the future (grouped),Neutral / unsure,158,57,importance,Topics of sessions / panels,3.68,10.1,65.8,17.7,55.7
Sentiment toward the future (grouped),Positive,105,57,importance,Topics of sessions / panels,3.72,7.6,67.6,16.2,60.0
Sentiment toward the future (grouped),All respondents,431,57,importance,Particular speakers / keynotes,3.14,21.8,38.7,7.7,16.9
Sentiment toward the future (grouped),Negative,168,57,importance,Particular speakers / keynotes,3.05,25.6,38.7,5.4,13.1
Sentiment toward the future (grouped),Neutral / unsure,158,57,importance,Particular speakers / keynotes,3.13,21.5,36.7,7.6,15.2
Sentiment toward the future (grouped),Positive,105,57,importance,Particular speakers / keynotes,3.3,16.2,41.9,11.4,25.7
Sentiment toward the future (grouped),All respondents,431,57,importance,Meeting professional development requirements,2.83,32.0,28.8,7.0,-3.2
Sentiment toward the future (grouped),Negative,168,57,importance,Meeting professional development requirements,2.68,38.7,24.4,7.1,-14.3
Sentiment toward the future (grouped),Neutral / unsure,158,57,importance,Meeting professional development requirements,2.84,32.3,28.5,8.9,-3.8
Sentiment toward the future (grouped),Positive,105,57,importance,Meeting professional development requirements,3.05,21.0,36.2,3.8,15.2
Sentiment toward the future (grouped),All respondents,431,57,importance,Networking opportunities,3.65,14.2,60.6,25.1,46.4
Sentiment toward the future (grouped),Negative,168,57,importance,Networking opportunities,3.52,17.3,53.6,26.2,36.3
Sentiment toward the future (grouped),Neutral / unsure,158,57,importance,Networking opportunities,3.63,15.2,62.0,22.8,46.8
Sentiment toward the future (grouped),Positive,105,57,importance,Networking opportunities,3.87,7.6,69.5,26.7,61.9
Sentiment toward the future (grouped),All respondents,431,57,importance,Community development/engagement,3.61,11.8,61.5,18.3,49.7
Sentiment toward the future (grouped),Negative,168,57,importance,Community development/engagement,3.36,17.3,49.4,14.9,32.1
Sentiment toward the future (grouped),Neutral / unsure,158,57,importance,Community development/engagement,3.6,12.0,63.9,15.2,51.9
Sentiment toward the future (grouped),Positive,105,57,importance,Community development/engagement,4.03,2.9,77.1,28.6,74.3
Sentiment toward the future (grouped),All respondents,431,57,importance,Cost of ticket,3.44,19.5,54.5,17.6,35.0
Sentiment toward the future (grouped),Negative,168,57,importance,Cost of ticket,3.51,19.6,59.5,23.2,39.9
Sentiment toward the future (grouped),Neutral / unsure,158,57,importance,Cost of ticket,3.37,19.0,51.3,12.7,32.3
Sentiment toward the future (grouped),Positive,105,57,importance,Cost of ticket,3.42,20.0,51.4,16.2,31.4
Sentiment toward the future (grouped),All respondents,431,57,importance,"Cost of attendance (travel, housing, etc.)",3.9,11.4,72.4,34.3,61.0
Sentiment toward the future (grouped),Negative,168,57,importance,"Cost of attendance (travel, housing, etc.)",3.92,11.9,73.2,38.7,61.3
Sentiment toward the future (grouped),Neutral / unsure,158,57,importance,"Cost of attendance (travel, housing, etc.)",3.86,12.0,72.8,29.7,60.8
Sentiment toward the future (grouped),Positive,105,57,importance,"Cost of attendance (travel, housing, etc.)",3.94,9.5,70.5,34.3,61.0
Sentiment toward the future (grouped),All respondents,431,59,sentiment,"Right now, how do you generally feel about open source software?",4.16,3.9,81.7,39.4,77.7
Sentiment toward the future (grouped),Negative,168,59,sentiment,"Right now, how do you generally feel about open source software?",3.97,8.3,73.2,33.9,64.9
Sentiment toward the future (grouped),Neutral / unsure,158,59,sentiment,"Right now, how do you generally feel about open source software?",4.15,1.3,82.3,34.2,81.0
Sentiment toward the future (grouped),Positive,105,59,sentiment,"Right now, how do you generally feel about open source software?",4.49,1.0,94.3,56.2,93.3
Sentiment toward the future (grouped),All respondents,431,62,importance,Open source software,4.59,1.2,93.5,68.0,92.3
Sentiment toward the future (grouped),Negative,168,62,importance,Open source software,4.65,1.2,94.0,73.8,92.9
Sentiment toward the future (grouped),Neutral / unsure,158,62,importance,Open source software,4.47,1.3,89.9,59.5,88.6
Sentiment toward the future (grouped),Positive,105,62,importance,Open source software,4.68,1.0,98.1,71.4,97.1
Sentiment toward the future (grouped),All respondents,431,62,importance,Open source values (whatever that means to you)required,4.51,3.2,91.9,64.3,88.6
Sentiment toward the future (grouped),Negative,168,62,importance,Open source values (whatever that means to you)required,4.57,3.6,93.5,69.0,89.9
Sentiment toward the future (grouped),Neutral / unsure,158,62,importance,Open source values (whatever that means to you)required,4.37,4.4,86.1,57.0,81.6
Sentiment toward the future (grouped),Positive,105,62,importance,Open source values (whatever that means to you)required,4.64,1.0,98.1,67.6,97.1
Sentiment toward the future (grouped),All respondents,431,62,importance,The sustainability of open source projects,4.58,1.2,93.3,66.6,92.1
Sentiment toward the future (grouped),Negative,168,62,importance,The sustainability of open source projects,4.6,0.6,93.5,67.9,92.9
Sentiment toward the future (grouped),Neutral / unsure,158,62,importance,The sustainability of open source projects,4.54,1.9,91.1,65.8,89.2
Sentiment toward the future (grouped),Positive,105,62,importance,The sustainability of open source projects,4.6,1.0,96.2,65.7,95.2
Sentiment toward the future (grouped),All respondents,431,62,importance,Open source in WordPress,4.51,2.8,92.1,63.1,89.3
Sentiment toward the future (grouped),Negative,168,62,importance,Open source in WordPress,4.4,4.2,89.3,58.9,85.1
Sentiment toward the future (grouped),Neutral / unsure,158,62,importance,Open source in WordPress,4.49,3.2,90.5,62.7,87.3
Sentiment toward the future (grouped),Positive,105,62,importance,Open source in WordPress,4.7,0.0,99.0,70.5,99.0
Sentiment toward the future (grouped),All respondents,431,62,importance,Open source in AI,3.24,29.2,50.1,27.4,20.9
Sentiment toward the future (grouped),Negative,168,62,importance,Open source in AI,2.84,42.3,38.7,24.4,-3.6
Sentiment toward the future (grouped),Neutral / unsure,158,62,importance,Open source in AI,3.34,25.3,50.6,27.8,25.3
Sentiment toward the future (grouped),Positive,105,62,importance,Open source in AI,3.73,14.3,67.6,31.4,53.3
Sentiment toward the future (grouped),All respondents,431,67,sentiment,"Right now, how do you generally feel about AI in the tech industry?",2.6,46.2,31.1,10.0,-15.1
Sentiment toward the future (grouped),Negative,168,67,sentiment,"Right now, how do you generally feel about AI in the tech industry?",2.05,67.3,20.8,8.3,-46.4
Sentiment toward the future (grouped),Neutral / unsure,158,67,sentiment,"Right now, how do you generally feel about AI in the tech industry?",2.68,39.2,25.9,8.2,-13.3
Sentiment toward the future (grouped),Positive,105,67,sentiment,"Right now, how do you generally feel about AI in the tech industry?",3.37,22.9,55.2,15.2,32.4
Sentiment toward the future (grouped),All respondents,431,68,sentiment,"Right now, how do you generally feel about AI in WordPress?",2.35,49.9,16.9,3.9,-32.9
Sentiment toward the future (grouped),Negative,168,68,sentiment,"Right now, how do you generally feel about AI in WordPress?",1.74,73.8,6.5,1.8,-67.3
Sentiment toward the future (grouped),Neutral / unsure,158,68,sentiment,"Right now, how do you generally feel about AI in WordPress?",2.44,42.4,12.0,1.9,-30.4
Sentiment toward the future (grouped),Positive,105,68,sentiment,"Right now, how do you generally feel about AI in WordPress?",3.17,22.9,41.0,10.5,18.1
Sentiment toward the future (grouped),All respondents,431,69,sentiment,"Right now, how do you generally feel about AI in web development (vibe coding, agentic development, etc.)?",2.7,44.8,34.6,12.5,-10.2
Sentiment toward the future (grouped),Negative,168,69,sentiment,"Right now, how do you generally feel about AI in web development (vibe coding, agentic development, etc.)?",2.17,63.7,23.2,11.9,-40.5
Sentiment toward the future (grouped),Neutral / unsure,158,69,sentiment,"Right now, how do you generally feel about AI in web development (vibe coding, agentic development, etc.)?",2.78,40.5,32.9,10.1,-7.6
Sentiment toward the future (grouped),Positive,105,69,sentiment,"Right now, how do you generally feel about AI in web development (vibe coding, agentic development, etc.)?",3.42,21.0,55.2,17.1,34.3
Change in feeling over 24 months,All respondents,431,19,agreement,I consider myself to be a contributor to the WordPress open source project.,3.04,37.1,42.0,17.6,4.9
Change in feeling over 24 months,Feels worse than 24 months ago,318,19,agreement,I consider myself to be a contributor to the WordPress open source project.,2.98,39.3,41.8,16.0,2.5
Change in feeling over 24 months,No change,98,19,agreement,I consider myself to be a contributor to the WordPress open source project.,3.04,35.7,36.7,18.4,1.0
Change in feeling over 24 months,Feels better than 24 months ago,15,19,agreement,I consider myself to be a contributor to the WordPress open source project.,4.27,0.0,80.0,46.7,80.0
Change in feeling over 24 months,All respondents,431,22,agreement,I consider myself to be a member of the WordPress community.,3.88,12.3,71.5,32.9,59.2
Change in feeling over 24 months,Feels worse than 24 months ago,318,22,agreement,I consider myself to be a member of the WordPress community.,3.88,11.9,72.3,31.8,60.4
Change in feeling over 24 months,No change,98,22,agreement,I consider myself to be a member of the WordPress community.,3.78,15.3,66.3,30.6,51.0
Change in feeling over 24 months,Feels better than 24 months ago,15,22,agreement,I consider myself to be a member of the WordPress community.,4.6,0.0,86.7,73.3,86.7
Change in feeling over 24 months,All respondents,431,28,sentiment,"Right now, how do you feel overall about the WordPress open source project?",2.87,38.1,32.7,4.6,-5.3
Change in feeling over 24 months,Feels worse than 24 months ago,318,28,sentiment,"Right now, how do you feel overall about the WordPress open source project?",2.58,46.5,18.6,0.3,-28.0
Change in feeling over 24 months,No change,98,28,sentiment,"Right now, how do you feel overall about the WordPress open source project?",3.59,16.3,70.4,11.2,54.1
Change in feeling over 24 months,Feels better than 24 months ago,15,28,sentiment,"Right now, how do you feel overall about the WordPress open source project?",4.4,0.0,86.7,53.3,86.7
Change in feeling over 24 months,All respondents,431,31,sentiment,How do you feel about the future of the WordPress open source project?,2.8,39.0,24.4,5.1,-14.6
Change in feeling over 24 months,Feels worse than 24 months ago,318,31,sentiment,How do you feel about the future of the WordPress open source project?,2.49,49.1,11.3,0.6,-37.7
Change in feeling over 24 months,No change,98,31,sentiment,How do you feel about the future of the WordPress open source project?,3.53,12.2,56.1,11.2,43.9
Change in feeling over 24 months,Feels better than 24 months ago,15,31,sentiment,How do you feel about the future of the WordPress open source project?,4.53,0.0,93.3,60.0,93.3
Change in feeling over 24 months,All respondents,431,34,importance,WordPress open source software,4.58,1.4,94.0,65.4,92.6
Change in feeling over 24 months,Feels worse than 24 months ago,318,34,importance,WordPress open source software,4.55,1.6,93.1,64.2,91.5
Change in feeling over 24 months,No change,98,34,importance,WordPress open source software,4.62,1.0,96.9,66.3,95.9
Change in feeling over 24 months,Feels better than 24 months ago,15,34,importance,WordPress open source software,4.8,0.0,93.3,86.7,93.3
Change in feeling over 24 months,All respondents,431,34,importance,The WordPress community,4.13,7.0,80.3,41.8,73.3
Change in feeling over 24 months,Feels worse than 24 months ago,318,34,importance,The WordPress community,4.17,5.0,82.4,40.9,77.4
Change in feeling over 24 months,No change,98,34,importance,The WordPress community,3.9,14.3,70.4,38.8,56.1
Change in feeling over 24 months,Feels better than 24 months ago,15,34,importance,The WordPress community,4.8,0.0,100.0,80.0,100.0
Change in feeling over 24 months,All respondents,431,34,importance,WordPress events and meetups,3.26,26.7,50.1,19.5,23.4
Change in feeling over 24 months,Feels worse than 24 months ago,318,34,importance,WordPress events and meetups,3.25,25.8,49.4,17.6,23.6
Change in feeling over 24 months,No change,98,34,importance,WordPress events and meetups,3.11,33.7,46.9,20.4,13.3
Change in feeling over 24 months,Feels better than 24 months ago,15,34,importance,WordPress events and meetups,4.4,0.0,86.7,53.3,86.7
Change in feeling over 24 months,All respondents,431,34,importance,Contributing to WordPress,3.31,18.8,45.7,13.9,26.9
Change in feeling over 24 months,Feels worse than 24 months ago,318,34,importance,Contributing to WordPress,3.3,18.6,45.6,11.9,27.0
Change in feeling over 24 months,No change,98,34,importance,Contributing to WordPress,3.22,21.4,42.9,15.3,21.4
Change in feeling over 24 months,Feels better than 24 months ago,15,34,importance,Contributing to WordPress,4.07,6.7,66.7,46.7,60.0
Change in feeling over 24 months,All respondents,431,34,importance,Open source values,4.48,2.6,90.7,61.9,88.2
Change in feeling over 24 months,Feels worse than 24 months ago,318,34,importance,Open source values,4.47,2.2,89.6,61.0,87.4
Change in feeling over 24 months,No change,98,34,importance,Open source values,4.52,4.1,94.9,64.3,90.8
Change in feeling over 24 months,Feels better than 24 months ago,15,34,importance,Open source values,4.53,0.0,86.7,66.7,86.7
Change in feeling over 24 months,All respondents,431,34,importance,AI in WordPress,2.47,52.7,29.0,12.8,-23.7
Change in feeling over 24 months,Feels worse than 24 months ago,318,34,importance,AI in WordPress,2.37,55.3,25.5,11.3,-29.9
Change in feeling over 24 months,No change,98,34,importance,AI in WordPress,2.6,49.0,34.7,14.3,-14.3
Change in feeling over 24 months,Feels better than 24 months ago,15,34,importance,AI in WordPress,3.73,20.0,66.7,33.3,46.7
Change in feeling over 24 months,All respondents,431,34,importance,Security in WordPress,4.68,1.4,95.1,75.6,93.7
Change in feeling over 24 months,Feels worse than 24 months ago,318,34,importance,Security in WordPress,4.68,1.3,94.7,76.1,93.4
Change in feeling over 24 months,No change,98,34,importance,Security in WordPress,4.7,2.0,96.9,76.5,94.9
Change in feeling over 24 months,Feels better than 24 months ago,15,34,importance,Security in WordPress,4.53,0.0,93.3,60.0,93.3
Change in feeling over 24 months,All respondents,431,34,importance,Web standards and compliance,4.57,1.6,93.7,65.9,92.1
Change in feeling over 24 months,Feels worse than 24 months ago,318,34,importance,Web standards and compliance,4.55,1.9,93.4,64.8,91.5
Change in feeling over 24 months,No change,98,34,importance,Web standards and compliance,4.64,1.0,94.9,71.4,93.9
Change in feeling over 24 months,Feels better than 24 months ago,15,34,importance,Web standards and compliance,4.47,0.0,93.3,53.3,93.3
Change in feeling over 24 months,All respondents,431,34,importance,WordPress leadership,4.04,8.1,73.8,43.4,65.7
Change in feeling over 24 months,Feels worse than 24 months ago,318,34,importance,WordPress leadership,4.15,6.9,78.0,47.8,71.1
Change in feeling over 24 months,No change,98,34,importance,WordPress leadership,3.65,12.2,58.2,28.6,45.9
Change in feeling over 24 months,Feels better than 24 months ago,15,34,importance,WordPress leadership,4.2,6.7,86.7,46.7,80.0
Change in feeling over 24 months,All respondents,431,34,importance,WordPress governance,4.17,5.8,76.6,50.8,70.8
Change in feeling over 24 months,Feels worse than 24 months ago,318,34,importance,WordPress governance,4.32,4.1,81.8,57.2,77.7
Change in feeling over 24 months,No change,98,34,importance,WordPress governance,3.76,11.2,61.2,34.7,50.0
Change in feeling over 24 months,Feels better than 24 months ago,15,34,importance,WordPress governance,3.73,6.7,66.7,20.0,60.0
Change in feeling over 24 months,All respondents,431,34,importance,"Business issues (mergers & acquisitions, product ecosystem, private equity investment, etc.)",3.14,25.5,41.5,12.5,16.0
Change in feeling over 24 months,Feels worse than 24 months ago,318,34,importance,"Business issues (mergers & acquisitions, product ecosystem, private equity investment, etc.)",3.12,26.4,39.0,12.9,12.6
Change in feeling over 24 months,No change,98,34,importance,"Business issues (mergers & acquisitions, product ecosystem, private equity investment, etc.)",3.11,24.5,43.9,10.2,19.4
Change in feeling over 24 months,Feels better than 24 months ago,15,34,importance,"Business issues (mergers & acquisitions, product ecosystem, private equity investment, etc.)",3.73,13.3,80.0,20.0,66.7
Change in feeling over 24 months,All respondents,431,34,importance,Enterprise/scale issues,3.13,24.8,40.1,11.1,15.3
Change in feeling over 24 months,Feels worse than 24 months ago,318,34,importance,Enterprise/scale issues,3.12,24.8,39.3,10.7,14.5
Change in feeling over 24 months,No change,98,34,importance,Enterprise/scale issues,3.08,26.5,39.8,11.2,13.3
Change in feeling over 24 months,Feels better than 24 months ago,15,34,importance,Enterprise/scale issues,3.6,13.3,60.0,20.0,46.7
Change in feeling over 24 months,All respondents,431,34,importance,Collaboration with the greater open source ecosystem,3.82,8.8,67.7,26.0,58.9
Change in feeling over 24 months,Feels worse than 24 months ago,318,34,importance,Collaboration with the greater open source ecosystem,3.82,9.1,68.6,25.5,59.4
Change in feeling over 24 months,No change,98,34,importance,Collaboration with the greater open source ecosystem,3.81,7.1,64.3,27.6,57.1
Change in feeling over 24 months,Feels better than 24 months ago,15,34,importance,Collaboration with the greater open source ecosystem,3.87,13.3,73.3,26.7,60.0
Change in feeling over 24 months,All respondents,431,38,importance,Personal capacity,4.22,3.7,82.8,44.5,79.1
Change in feeling over 24 months,Feels worse than 24 months ago,318,38,importance,Personal capacity,4.21,3.1,82.7,43.1,79.6
Change in feeling over 24 months,No change,98,38,importance,Personal capacity,4.22,6.1,82.7,48.0,76.5
Change in feeling over 24 months,Feels better than 24 months ago,15,38,importance,Personal capacity,4.4,0.0,86.7,53.3,86.7
Change in feeling over 24 months,All respondents,431,38,importance,Financial incentives/restraints,3.05,27.4,33.6,11.8,6.3
Change in feeling over 24 months,Feels worse than 24 months ago,318,38,importance,Financial incentives/restraints,3.0,28.3,31.4,10.1,3.1
Change in feeling over 24 months,No change,98,38,importance,Financial incentives/restraints,3.12,28.6,37.8,16.3,9.2
Change in feeling over 24 months,Feels better than 24 months ago,15,38,importance,Financial incentives/restraints,3.73,0.0,53.3,20.0,53.3
Change in feeling over 24 months,All respondents,431,38,importance,Impact of my contributions to the project,3.4,14.4,47.8,12.8,33.4
Change in feeling over 24 months,Feels worse than 24 months ago,318,38,importance,Impact of my contributions to the project,3.36,16.4,46.9,11.9,30.5
Change in feeling over 24 months,No change,98,38,importance,Impact of my contributions to the project,3.5,9.2,50.0,11.2,40.8
Change in feeling over 24 months,Feels better than 24 months ago,15,38,importance,Impact of my contributions to the project,3.8,6.7,53.3,40.0,46.7
Change in feeling over 24 months,All respondents,431,38,importance,Impact of my participation on my professional or personal life,3.6,9.5,58.5,15.3,49.0
Change in feeling over 24 months,Feels worse than 24 months ago,318,38,importance,Impact of my participation on my professional or personal life,3.56,9.4,57.2,13.5,47.8
Change in feeling over 24 months,No change,98,38,importance,Impact of my participation on my professional or personal life,3.62,11.2,59.2,16.3,48.0
Change in feeling over 24 months,Feels better than 24 months ago,15,38,importance,Impact of my participation on my professional or personal life,4.27,0.0,80.0,46.7,80.0
Change in feeling over 24 months,All respondents,431,38,importance,Understanding how to participate,3.59,10.7,59.6,16.2,49.0
Change in feeling over 24 months,Feels worse than 24 months ago,318,38,importance,Understanding how to participate,3.56,9.7,57.9,14.5,48.1
Change in feeling over 24 months,No change,98,38,importance,Understanding how to participate,3.68,13.3,64.3,22.4,51.0
Change in feeling over 24 months,Feels better than 24 months ago,15,38,importance,Understanding how to participate,3.67,13.3,66.7,13.3,53.3
Change in feeling over 24 months,All respondents,431,38,importance,Mentorship or guidance,3.08,23.9,33.4,7.4,9.5
Change in feeling over 24 months,Feels worse than 24 months ago,318,38,importance,Mentorship or guidance,3.05,24.2,32.1,6.0,7.9
Change in feeling over 24 months,No change,98,38,importance,Mentorship or guidance,3.1,24.5,34.7,10.2,10.2
Change in feeling over 24 months,Feels better than 24 months ago,15,38,importance,Mentorship or guidance,3.53,13.3,53.3,20.0,40.0
Change in feeling over 24 months,All respondents,431,38,importance,Project roadmap,3.43,17.2,51.7,14.2,34.6
Change in feeling over 24 months,Feels worse than 24 months ago,318,38,importance,Project roadmap,3.45,17.3,52.2,15.7,34.9
Change in feeling over 24 months,No change,98,38,importance,Project roadmap,3.29,18.4,46.9,8.2,28.6
Change in feeling over 24 months,Feels better than 24 months ago,15,38,importance,Project roadmap,3.8,6.7,73.3,20.0,66.7
Change in feeling over 24 months,All respondents,431,38,importance,Project leadership,3.83,12.5,67.3,32.7,54.8
Change in feeling over 24 months,Feels worse than 24 months ago,318,38,importance,Project leadership,3.97,9.7,72.3,37.4,62.6
Change in feeling over 24 months,No change,98,38,importance,Project leadership,3.35,22.4,49.0,18.4,26.5
Change in feeling over 24 months,Feels better than 24 months ago,15,38,importance,Project leadership,4.0,6.7,80.0,26.7,73.3
Change in feeling over 24 months,All respondents,431,38,importance,Project governance/policies,3.85,10.4,66.4,32.7,55.9
Change in feeling over 24 months,Feels worse than 24 months ago,318,38,importance,Project governance/policies,4.0,8.5,72.3,38.1,63.8
Change in feeling over 24 months,No change,98,38,importance,Project governance/policies,3.43,16.3,49.0,18.4,32.7
Change in feeling over 24 months,Feels better than 24 months ago,15,38,importance,Project governance/policies,3.47,13.3,53.3,13.3,40.0
Change in feeling over 24 months,All respondents,431,38,importance,"Advocacy on behalf of web standards (accessibility, privacy, etc.)",3.99,7.7,75.6,33.6,68.0
Change in feeling over 24 months,Feels worse than 24 months ago,318,38,importance,"Advocacy on behalf of web standards (accessibility, privacy, etc.)",4.01,7.2,74.8,35.5,67.6
Change in feeling over 24 months,No change,98,38,importance,"Advocacy on behalf of web standards (accessibility, privacy, etc.)",3.99,8.2,79.6,30.6,71.4
Change in feeling over 24 months,Feels better than 24 months ago,15,38,importance,"Advocacy on behalf of web standards (accessibility, privacy, etc.)",3.67,13.3,66.7,13.3,53.3
Change in feeling over 24 months,All respondents,431,38,importance,Participation in the WordPress community,3.52,10.0,53.4,15.3,43.4
Change in feeling over 24 months,Feels worse than 24 months ago,318,38,importance,Participation in the WordPress community,3.52,10.1,53.5,14.5,43.4
Change in feeling over 24 months,No change,98,38,importance,Participation in the WordPress community,3.43,11.2,46.9,15.3,35.7
Change in feeling over 24 months,Feels better than 24 months ago,15,38,importance,Participation in the WordPress community,4.27,0.0,93.3,33.3,93.3
Change in feeling over 24 months,All respondents,431,38,importance,Feeling welcome/included,4.06,5.8,76.3,39.2,70.5
Change in feeling over 24 months,Feels worse than 24 months ago,318,38,importance,Feeling welcome/included,4.08,4.7,76.4,38.7,71.7
Change in feeling over 24 months,No change,98,38,importance,Feeling welcome/included,3.96,10.2,73.5,38.8,63.3
Change in feeling over 24 months,Feels better than 24 months ago,15,38,importance,Feeling welcome/included,4.47,0.0,93.3,53.3,93.3
Change in feeling over 24 months,All respondents,431,38,importance,Participating in a language other than English,2.46,45.2,19.7,6.3,-25.5
Change in feeling over 24 months,Feels worse than 24 months ago,318,38,importance,Participating in a language other than English,2.43,45.9,18.6,5.0,-27.4
Change in feeling over 24 months,No change,98,38,importance,Participating in a language other than English,2.38,48.0,17.3,6.1,-30.6
Change in feeling over 24 months,Feels better than 24 months ago,15,38,importance,Participating in a language other than English,3.73,13.3,60.0,33.3,46.7
Change in feeling over 24 months,All respondents,431,38,importance,Working asynchronously,3.61,11.6,55.5,24.1,43.9
Change in feeling over 24 months,Feels worse than 24 months ago,318,38,importance,Working asynchronously,3.58,11.6,55.0,20.8,43.4
Change in feeling over 24 months,No change,98,38,importance,Working asynchronously,3.71,11.2,57.1,35.7,45.9
Change in feeling over 24 months,Feels better than 24 months ago,15,38,importance,Working asynchronously,3.53,13.3,53.3,20.0,40.0
Change in feeling over 24 months,All respondents,431,50,agreement,Attending in-person WordPress-related events is important to me.,3.13,35.3,46.6,21.3,11.4
Change in feeling over 24 months,Feels worse than 24 months ago,318,50,agreement,Attending in-person WordPress-related events is important to me.,3.09,35.5,45.3,18.9,9.7
Change in feeling over 24 months,No change,98,50,agreement,Attending in-person WordPress-related events is important to me.,3.08,39.8,44.9,24.5,5.1
Change in feeling over 24 months,Feels better than 24 months ago,15,50,agreement,Attending in-person WordPress-related events is important to me.,4.4,0.0,86.7,53.3,86.7
Change in feeling over 24 months,All respondents,431,57,importance,A location local to you,3.73,13.9,65.9,27.8,52.0
Change in feeling over 24 months,Feels worse than 24 months ago,318,57,importance,A location local to you,3.71,14.2,66.0,25.2,51.9
Change in feeling over 24 months,No change,98,57,importance,A location local to you,3.78,15.3,66.3,34.7,51.0
Change in feeling over 24 months,Feels better than 24 months ago,15,57,importance,A location local to you,4.0,0.0,60.0,40.0,60.0
Change in feeling over 24 months,All respondents,431,57,importance,A regional/destination location,3.42,16.7,54.3,13.9,37.6
Change in feeling over 24 months,Feels worse than 24 months ago,318,57,importance,A regional/destination location,3.4,17.6,54.4,12.6,36.8
Change in feeling over 24 months,No change,98,57,importance,A regional/destination location,3.39,16.3,53.1,14.3,36.7
Change in feeling over 24 months,Feels better than 24 months ago,15,57,importance,A regional/destination location,4.0,0.0,60.0,40.0,60.0
Change in feeling over 24 months,All respondents,431,57,importance,Events with smaller attendance,2.91,24.8,25.1,3.9,0.2
Change in feeling over 24 months,Feels worse than 24 months ago,318,57,importance,Events with smaller attendance,2.92,23.0,23.6,3.1,0.6
Change in feeling over 24 months,No change,98,57,importance,Events with smaller attendance,2.8,32.7,28.6,5.1,-4.1
Change in feeling over 24 months,Feels better than 24 months ago,15,57,importance,Events with smaller attendance,3.33,13.3,33.3,13.3,20.0
Change in feeling over 24 months,All respondents,431,57,importance,Events with larger attendance,2.72,31.6,16.9,2.8,-14.6
Change in feeling over 24 months,Feels worse than 24 months ago,318,57,importance,Events with larger attendance,2.75,30.5,16.7,3.1,-13.8
Change in feeling over 24 months,No change,98,57,importance,Events with larger attendance,2.57,35.7,16.3,1.0,-19.4
Change in feeling over 24 months,Feels better than 24 months ago,15,57,importance,Events with larger attendance,3.0,26.7,26.7,6.7,0.0
Change in feeling over 24 months,All respondents,431,57,importance,"Hard skill development (technical instruction, workshops, etc.)",3.37,18.1,52.9,11.8,34.8
Change in feeling over 24 months,Feels worse than 24 months ago,318,57,importance,"Hard skill development (technical instruction, workshops, etc.)",3.36,19.2,52.5,12.6,33.3
Change in feeling over 24 months,No change,98,57,importance,"Hard skill development (technical instruction, workshops, etc.)",3.38,16.3,54.1,11.2,37.8
Change in feeling over 24 months,Feels better than 24 months ago,15,57,importance,"Hard skill development (technical instruction, workshops, etc.)",3.47,6.7,53.3,0.0,46.7
Change in feeling over 24 months,All respondents,431,57,importance,"Soft skill development (business development, personal development, etc.)",3.08,24.8,38.5,6.7,13.7
Change in feeling over 24 months,Feels worse than 24 months ago,318,57,importance,"Soft skill development (business development, personal development, etc.)",3.1,23.9,39.0,6.6,15.1
Change in feeling over 24 months,No change,98,57,importance,"Soft skill development (business development, personal development, etc.)",2.94,30.6,35.7,7.1,5.1
Change in feeling over 24 months,Feels better than 24 months ago,15,57,importance,"Soft skill development (business development, personal development, etc.)",3.47,6.7,46.7,6.7,40.0
Change in feeling over 24 months,All respondents,431,57,importance,Topics of sessions / panels,3.69,11.1,67.3,18.6,56.1
Change in feeling over 24 months,Feels worse than 24 months ago,318,57,importance,Topics of sessions / panels,3.69,11.9,67.6,18.9,55.7
Change in feeling over 24 months,No change,98,57,importance,Topics of sessions / panels,3.66,10.2,66.3,18.4,56.1
Change in feeling over 24 months,Feels better than 24 months ago,15,57,importance,Topics of sessions / panels,3.8,0.0,66.7,13.3,66.7
Change in feeling over 24 months,All respondents,431,57,importance,Particular speakers / keynotes,3.14,21.8,38.7,7.7,16.9
Change in feeling over 24 months,Feels worse than 24 months ago,318,57,importance,Particular speakers / keynotes,3.12,22.0,37.4,5.7,15.4
Change in feeling over 24 months,No change,98,57,importance,Particular speakers / keynotes,3.09,24.5,37.8,12.2,13.3
Change in feeling over 24 months,Feels better than 24 months ago,15,57,importance,Particular speakers / keynotes,3.93,0.0,73.3,20.0,73.3
Change in feeling over 24 months,All respondents,431,57,importance,Meeting professional development requirements,2.83,32.0,28.8,7.0,-3.2
Change in feeling over 24 months,Feels worse than 24 months ago,318,57,importance,Meeting professional development requirements,2.78,34.3,27.0,7.2,-7.2
Change in feeling over 24 months,No change,98,57,importance,Meeting professional development requirements,2.9,27.6,31.6,7.1,4.1
Change in feeling over 24 months,Feels better than 24 months ago,15,57,importance,Meeting professional development requirements,3.33,13.3,46.7,0.0,33.3
Change in feeling over 24 months,All respondents,431,57,importance,Networking opportunities,3.65,14.2,60.6,25.1,46.4
Change in feeling over 24 months,Feels worse than 24 months ago,318,57,importance,Networking opportunities,3.66,14.2,61.6,25.2,47.5
Change in feeling over 24 months,No change,98,57,importance,Networking opportunities,3.47,16.3,52.0,19.4,35.7
Change in feeling over 24 months,Feels better than 24 months ago,15,57,importance,Networking opportunities,4.53,0.0,93.3,60.0,93.3
Change in feeling over 24 months,All respondents,431,57,importance,Community development/engagement,3.61,11.8,61.5,18.3,49.7
Change in feeling over 24 months,Feels worse than 24 months ago,318,57,importance,Community development/engagement,3.59,11.9,61.6,17.3,49.7
Change in feeling over 24 months,No change,98,57,importance,Community development/engagement,3.51,13.3,55.1,14.3,41.8
Change in feeling over 24 months,Feels better than 24 months ago,15,57,importance,Community development/engagement,4.67,0.0,100.0,66.7,100.0
Change in feeling over 24 months,All respondents,431,57,importance,Cost of ticket,3.44,19.5,54.5,17.6,35.0
Change in feeling over 24 months,Feels worse than 24 months ago,318,57,importance,Cost of ticket,3.44,20.1,55.3,17.3,35.2
Change in feeling over 24 months,No change,98,57,importance,Cost of ticket,3.45,17.3,53.1,18.4,35.7
Change in feeling over 24 months,Feels better than 24 months ago,15,57,importance,Cost of ticket,3.4,20.0,46.7,20.0,26.7
Change in feeling over 24 months,All respondents,431,57,importance,"Cost of attendance (travel, housing, etc.)",3.9,11.4,72.4,34.3,61.0
Change in feeling over 24 months,Feels worse than 24 months ago,318,57,importance,"Cost of attendance (travel, housing, etc.)",3.93,11.0,74.2,35.2,63.2
Change in feeling over 24 months,No change,98,57,importance,"Cost of attendance (travel, housing, etc.)",3.84,12.2,68.4,33.7,56.1
Change in feeling over 24 months,Feels better than 24 months ago,15,57,importance,"Cost of attendance (travel, housing, etc.)",3.67,13.3,60.0,20.0,46.7
Change in feeling over 24 months,All respondents,431,59,sentiment,"Right now, how do you generally feel about open source software?",4.16,3.9,81.7,39.4,77.7
Change in feeling over 24 months,Feels worse than 24 months ago,318,59,sentiment,"Right now, how do you generally feel about open source software?",4.05,5.0,78.0,33.0,73.0
Change in feeling over 24 months,No change,98,59,sentiment,"Right now, how do you generally feel about open source software?",4.47,1.0,90.8,57.1,89.8
Change in feeling over 24 months,Feels better than 24 months ago,15,59,sentiment,"Right now, how do you generally feel about open source software?",4.6,0.0,100.0,60.0,100.0
Change in feeling over 24 months,All respondents,431,62,importance,Open source software,4.59,1.2,93.5,68.0,92.3
Change in feeling over 24 months,Feels worse than 24 months ago,318,62,importance,Open source software,4.62,0.9,93.7,69.8,92.8
Change in feeling over 24 months,No change,98,62,importance,Open source software,4.5,2.0,91.8,62.2,89.8
Change in feeling over 24 months,Feels better than 24 months ago,15,62,importance,Open source software,4.67,0.0,100.0,66.7,100.0
Change in feeling over 24 months,All respondents,431,62,importance,Open source values (whatever that means to you)required,4.51,3.2,91.9,64.3,88.6
Change in feeling over 24 months,Feels worse than 24 months ago,318,62,importance,Open source values (whatever that means to you)required,4.52,3.5,91.2,65.7,87.7
Change in feeling over 24 months,No change,98,62,importance,Open source values (whatever that means to you)required,4.48,3.1,92.9,61.2,89.8
Change in feeling over 24 months,Feels better than 24 months ago,15,62,importance,Open source values (whatever that means to you)required,4.53,0.0,100.0,53.3,100.0
Change in feeling over 24 months,All respondents,431,62,importance,The sustainability of open source projects,4.58,1.2,93.3,66.6,92.1
Change in feeling over 24 months,Feels worse than 24 months ago,318,62,importance,The sustainability of open source projects,4.61,0.6,93.7,68.2,93.1
Change in feeling over 24 months,No change,98,62,importance,The sustainability of open source projects,4.52,3.1,92.9,65.3,89.8
Change in feeling over 24 months,Feels better than 24 months ago,15,62,importance,The sustainability of open source projects,4.27,0.0,86.7,40.0,86.7
Change in feeling over 24 months,All respondents,431,62,importance,Open source in WordPress,4.51,2.8,92.1,63.1,89.3
Change in feeling over 24 months,Feels worse than 24 months ago,318,62,importance,Open source in WordPress,4.51,2.8,92.1,63.5,89.3
Change in feeling over 24 months,No change,98,62,importance,Open source in WordPress,4.46,3.1,90.8,60.2,87.8
Change in feeling over 24 months,Feels better than 24 months ago,15,62,importance,Open source in WordPress,4.73,0.0,100.0,73.3,100.0
Change in feeling over 24 months,All respondents,431,62,importance,Open source in AI,3.24,29.2,50.1,27.4,20.9
Change in feeling over 24 months,Feels worse than 24 months ago,318,62,importance,Open source in AI,3.14,32.7,46.5,27.4,13.8
Change in feeling over 24 months,No change,98,62,importance,Open source in AI,3.46,20.4,58.2,25.5,37.8
Change in feeling over 24 months,Feels better than 24 months ago,15,62,importance,Open source in AI,3.87,13.3,73.3,40.0,60.0
Change in feeling over 24 months,All respondents,431,67,sentiment,"Right now, how do you generally feel about AI in the tech industry?",2.6,46.2,31.1,10.0,-15.1
Change in feeling over 24 months,Feels worse than 24 months ago,318,67,sentiment,"Right now, how do you generally feel about AI in the tech industry?",2.47,50.6,27.0,9.1,-23.6
Change in feeling over 24 months,No change,98,67,sentiment,"Right now, how do you generally feel about AI in the tech industry?",2.86,36.7,38.8,11.2,2.0
Change in feeling over 24 months,Feels better than 24 months ago,15,67,sentiment,"Right now, how do you generally feel about AI in the tech industry?",3.67,13.3,66.7,20.0,53.3
Change in feeling over 24 months,All respondents,431,68,sentiment,"Right now, how do you generally feel about AI in WordPress?",2.35,49.9,16.9,3.9,-32.9
Change in feeling over 24 months,Feels worse than 24 months ago,318,68,sentiment,"Right now, how do you generally feel about AI in WordPress?",2.21,54.4,12.3,2.5,-42.1
Change in feeling over 24 months,No change,98,68,sentiment,"Right now, how do you generally feel about AI in WordPress?",2.63,39.8,26.5,6.1,-13.3
Change in feeling over 24 months,Feels better than 24 months ago,15,68,sentiment,"Right now, how do you generally feel about AI in WordPress?",3.4,20.0,53.3,20.0,33.3
Change in feeling over 24 months,All respondents,431,69,sentiment,"Right now, how do you generally feel about AI in web development (vibe coding, agentic development, etc.)?",2.7,44.8,34.6,12.5,-10.2
Change in feeling over 24 months,Feels worse than 24 months ago,318,69,sentiment,"Right now, how do you generally feel about AI in web development (vibe coding, agentic development, etc.)?",2.58,49.1,31.1,12.3,-17.9
Change in feeling over 24 months,No change,98,69,sentiment,"Right now, how do you generally feel about AI in web development (vibe coding, agentic development, etc.)?",2.91,36.7,39.8,12.2,3.1
Change in feeling over 24 months,Feels better than 24 months ago,15,69,sentiment,"Right now, how do you generally feel about AI in web development (vibe coding, agentic development, etc.)?",3.87,6.7,73.3,20.0,66.7
Community membership (ever),All respondents,431,19,agreement,I consider myself to be a contributor to the WordPress open source project.,3.04,37.1,42.0,17.6,4.9
Community membership (ever),Current member,308,19,agreement,I consider myself to be a contributor to the WordPress open source project.,3.46,24.0,54.5,23.7,30.5
Community membership (ever),Never a member,67,19,agreement,I consider myself to be a contributor to the WordPress open source project.,1.78,74.6,4.5,0.0,-70.1
Community membership (ever),Former member,56,19,agreement,I consider myself to be a contributor to the WordPress open source project.,2.25,64.3,17.9,5.4,-46.4
Community membership (ever),All respondents,431,28,sentiment,"Right now, how do you feel overall about the WordPress open source project?",2.87,38.1,32.7,4.6,-5.3
Community membership (ever),Current member,308,28,sentiment,"Right now, how do you feel overall about the WordPress open source project?",3.04,31.5,38.6,5.5,7.1
Community membership (ever),Never a member,67,28,sentiment,"Right now, how do you feel overall about the WordPress open source project?",2.58,49.3,20.9,1.5,-28.4
Community membership (ever),Former member,56,28,sentiment,"Right now, how do you feel overall about the WordPress open source project?",2.29,60.7,14.3,3.6,-46.4
Community membership (ever),All respondents,431,31,sentiment,How do you feel about the future of the WordPress open source project?,2.8,39.0,24.4,5.1,-14.6
Community membership (ever),Current member,308,31,sentiment,How do you feel about the future of the WordPress open source project?,2.95,32.5,29.5,6.2,-2.9
Community membership (ever),Never a member,67,31,sentiment,How do you feel about the future of the WordPress open source project?,2.48,53.7,11.9,1.5,-41.8
Community membership (ever),Former member,56,31,sentiment,How do you feel about the future of the WordPress open source project?,2.34,57.1,10.7,3.6,-46.4
Community membership (ever),All respondents,431,34,importance,WordPress open source software,4.58,1.4,94.0,65.4,92.6
Community membership (ever),Current member,308,34,importance,WordPress open source software,4.66,1.0,96.8,69.8,95.8
Community membership (ever),Never a member,67,34,importance,WordPress open source software,4.39,1.5,88.1,53.7,86.6
Community membership (ever),Former member,56,34,importance,WordPress open source software,4.36,3.6,85.7,55.4,82.1
Community membership (ever),All respondents,431,34,importance,The WordPress community,4.13,7.0,80.3,41.8,73.3
Community membership (ever),Current member,308,34,importance,The WordPress community,4.4,1.3,91.6,49.7,90.3
Community membership (ever),Never a member,67,34,importance,The WordPress community,3.24,22.4,43.3,11.9,20.9
Community membership (ever),Former member,56,34,importance,The WordPress community,3.7,19.6,62.5,33.9,42.9
Community membership (ever),All respondents,431,34,importance,WordPress events and meetups,3.26,26.7,50.1,19.5,23.4
Community membership (ever),Current member,308,34,importance,WordPress events and meetups,3.68,14.3,64.3,25.6,50.0
Community membership (ever),Never a member,67,34,importance,WordPress events and meetups,2.01,65.7,10.4,0.0,-55.2
Community membership (ever),Former member,56,34,importance,WordPress events and meetups,2.43,48.2,19.6,8.9,-28.6
Community membership (ever),All respondents,431,34,importance,Contributing to WordPress,3.31,18.8,45.7,13.9,26.9
Community membership (ever),Current member,308,34,importance,Contributing to WordPress,3.6,11.0,57.1,18.2,46.1
Community membership (ever),Never a member,67,34,importance,Contributing to WordPress,2.52,40.3,16.4,1.5,-23.9
Community membership (ever),Former member,56,34,importance,Contributing to WordPress,2.64,35.7,17.9,5.4,-17.9
Community membership (ever),All respondents,431,34,importance,Open source values,4.48,2.6,90.7,61.9,88.2
Community membership (ever),Current member,308,34,importance,Open source values,4.53,1.6,92.2,63.6,90.6
Community membership (ever),Never a member,67,34,importance,Open source values,4.33,6.0,86.6,55.2,80.6
Community membership (ever),Former member,56,34,importance,Open source values,4.41,3.6,87.5,60.7,83.9
Community membership (ever),All respondents,431,34,importance,AI in WordPress,2.47,52.7,29.0,12.8,-23.7
Community membership (ever),Current member,308,34,importance,AI in WordPress,2.75,44.5,35.7,14.9,-8.8
Community membership (ever),Never a member,67,34,importance,AI in WordPress,1.6,82.1,10.4,9.0,-71.6
Community membership (ever),Former member,56,34,importance,AI in WordPress,1.98,62.5,14.3,5.4,-48.2
Community membership (ever),All respondents,431,34,importance,Security in WordPress,4.68,1.4,95.1,75.6,93.7
Community membership (ever),Current member,308,34,importance,Security in WordPress,4.7,0.3,96.1,75.0,95.8
Community membership (ever),Never a member,67,34,importance,Security in WordPress,4.72,3.0,95.5,82.1,92.5
Community membership (ever),Former member,56,34,importance,Security in WordPress,4.52,5.4,89.3,71.4,83.9
Community membership (ever),All respondents,431,34,importance,Web standards and compliance,4.57,1.6,93.7,65.9,92.1
Community membership (ever),Current member,308,34,importance,Web standards and compliance,4.58,1.0,95.1,64.6,94.2
Community membership (ever),Never a member,67,34,importance,Web standards and compliance,4.55,3.0,92.5,68.7,89.6
Community membership (ever),Former member,56,34,importance,Web standards and compliance,4.5,3.6,87.5,69.6,83.9
Community membership (ever),All respondents,431,34,importance,WordPress leadership,4.04,8.1,73.8,43.4,65.7
Community membership (ever),Current member,308,34,importance,WordPress leadership,4.11,7.5,77.6,44.8,70.1
Community membership (ever),Never a member,67,34,importance,WordPress leadership,3.69,11.9,58.2,29.9,46.3
Community membership (ever),Former member,56,34,importance,WordPress leadership,4.09,7.1,71.4,51.8,64.3
Community membership (ever),All respondents,431,34,importance,WordPress governance,4.17,5.8,76.6,50.8,70.8
Community membership (ever),Current member,308,34,importance,WordPress governance,4.26,4.2,80.2,52.9,76.0
Community membership (ever),Never a member,67,34,importance,WordPress governance,3.79,11.9,64.2,35.8,52.2
Community membership (ever),Former member,56,34,importance,WordPress governance,4.14,7.1,71.4,57.1,64.3
Community membership (ever),All respondents,431,34,importance,"Business issues (mergers & acquisitions, product ecosystem, private equity investment, etc.)",3.14,25.5,41.5,12.5,16.0
Community membership (ever),Current member,308,34,importance,"Business issues (mergers & acquisitions, product ecosystem, private equity investment, etc.)",3.27,21.8,46.1,12.7,24.4
Community membership (ever),Never a member,67,34,importance,"Business issues (mergers & acquisitions, product ecosystem, private equity investment, etc.)",2.67,44.8,29.9,11.9,-14.9
Community membership (ever),Former member,56,34,importance,"Business issues (mergers & acquisitions, product ecosystem, private equity investment, etc.)",2.98,23.2,30.4,12.5,7.1
Community membership (ever),All respondents,431,34,importance,Enterprise/scale issues,3.13,24.8,40.1,11.1,15.3
Community membership (ever),Current member,308,34,importance,Enterprise/scale issues,3.26,20.8,45.8,12.0,25.0
Community membership (ever),Never a member,67,34,importance,Enterprise/scale issues,2.79,35.8,28.4,9.0,-7.5
Community membership (ever),Former member,56,34,importance,Enterprise/scale issues,2.77,33.9,23.2,8.9,-10.7
Community membership (ever),All respondents,431,34,importance,Collaboration with the greater open source ecosystem,3.82,8.8,67.7,26.0,58.9
Community membership (ever),Current member,308,34,importance,Collaboration with the greater open source ecosystem,3.88,6.8,70.5,26.3,63.6
Community membership (ever),Never a member,67,34,importance,Collaboration with the greater open source ecosystem,3.73,13.4,67.2,26.9,53.7
Community membership (ever),Former member,56,34,importance,Collaboration with the greater open source ecosystem,3.55,14.3,53.6,23.2,39.3
Community membership (ever),All respondents,431,38,importance,Personal capacity,4.22,3.7,82.8,44.5,79.1
Community membership (ever),Current member,308,38,importance,Personal capacity,4.25,2.9,85.1,43.5,82.1
Community membership (ever),Never a member,67,38,importance,Personal capacity,4.12,6.0,76.1,46.3,70.1
Community membership (ever),Former member,56,38,importance,Personal capacity,4.18,5.4,78.6,48.2,73.2
Community membership (ever),All respondents,431,38,importance,Financial incentives/restraints,3.05,27.4,33.6,11.8,6.3
Community membership (ever),Current member,308,38,importance,Financial incentives/restraints,3.09,24.7,35.1,10.4,10.4
Community membership (ever),Never a member,67,38,importance,Financial incentives/restraints,2.79,38.8,28.4,13.4,-10.4
Community membership (ever),Former member,56,38,importance,Financial incentives/restraints,3.14,28.6,32.1,17.9,3.6
Community membership (ever),All respondents,431,38,importance,Impact of my contributions to the project,3.4,14.4,47.8,12.8,33.4
Community membership (ever),Current member,308,38,importance,Impact of my contributions to the project,3.44,14.3,48.7,13.0,34.4
Community membership (ever),Never a member,67,38,importance,Impact of my contributions to the project,3.16,19.4,37.3,11.9,17.9
Community membership (ever),Former member,56,38,importance,Impact of my contributions to the project,3.52,8.9,55.4,12.5,46.4
Community membership (ever),All respondents,431,38,importance,Impact of my participation on my professional or personal life,3.6,9.5,58.5,15.3,49.0
Community membership (ever),Current member,308,38,importance,Impact of my participation on my professional or personal life,3.67,8.1,62.0,15.3,53.9
Community membership (ever),Never a member,67,38,importance,Impact of my participation on my professional or personal life,3.18,19.4,38.8,11.9,19.4
Community membership (ever),Former member,56,38,importance,Impact of my participation on my professional or personal life,3.71,5.4,62.5,19.6,57.1
Community membership (ever),All respondents,431,38,importance,Understanding how to participate,3.59,10.7,59.6,16.2,49.0
Community membership (ever),Current member,308,38,importance,Understanding how to participate,3.63,9.1,61.7,14.9,52.6
Community membership (ever),Never a member,67,38,importance,Understanding how to participate,3.48,14.9,53.7,20.9,38.8
Community membership (ever),Former member,56,38,importance,Understanding how to participate,3.54,14.3,55.4,17.9,41.1
Community membership (ever),All respondents,431,38,importance,Mentorship or guidance,3.08,23.9,33.4,7.4,9.5
Community membership (ever),Current member,308,38,importance,Mentorship or guidance,3.11,23.1,35.4,7.1,12.3
Community membership (ever),Never a member,67,38,importance,Mentorship or guidance,2.91,25.4,23.9,7.5,-1.5
Community membership (ever),Former member,56,38,importance,Mentorship or guidance,3.09,26.8,33.9,8.9,7.1
Community membership (ever),All respondents,431,38,importance,Project roadmap,3.43,17.2,51.7,14.2,34.6
Community membership (ever),Current member,308,38,importance,Project roadmap,3.44,16.6,52.9,12.3,36.4
Community membership (ever),Never a member,67,38,importance,Project roadmap,3.24,19.4,43.3,13.4,23.9
Community membership (ever),Former member,56,38,importance,Project roadmap,3.59,17.9,55.4,25.0,37.5
Community membership (ever),All respondents,431,38,importance,Project leadership,3.83,12.5,67.3,32.7,54.8
Community membership (ever),Current member,308,38,importance,Project leadership,3.81,12.0,67.2,29.9,55.2
Community membership (ever),Never a member,67,38,importance,Project leadership,3.69,14.9,62.7,31.3,47.8
Community membership (ever),Former member,56,38,importance,Project leadership,4.07,12.5,73.2,50.0,60.7
Community membership (ever),All respondents,431,38,importance,Project governance/policies,3.85,10.4,66.4,32.7,55.9
Community membership (ever),Current member,308,38,importance,Project governance/policies,3.84,10.7,66.2,30.8,55.5
Community membership (ever),Never a member,67,38,importance,Project governance/policies,3.63,14.9,59.7,28.4,44.8
Community membership (ever),Former member,56,38,importance,Project governance/policies,4.18,3.6,75.0,48.2,71.4
Community membership (ever),All respondents,431,38,importance,"Advocacy on behalf of web standards (accessibility, privacy, etc.)",3.99,7.7,75.6,33.6,68.0
Community membership (ever),Current member,308,38,importance,"Advocacy on behalf of web standards (accessibility, privacy, etc.)",3.97,7.8,74.7,31.2,66.9
Community membership (ever),Never a member,67,38,importance,"Advocacy on behalf of web standards (accessibility, privacy, etc.)",4.01,7.5,76.1,38.8,68.7
Community membership (ever),Former member,56,38,importance,"Advocacy on behalf of web standards (accessibility, privacy, etc.)",4.11,7.1,80.4,41.1,73.2
Community membership (ever),All respondents,431,38,importance,Participation in the WordPress community,3.52,10.0,53.4,15.3,43.4
Community membership (ever),Current member,308,38,importance,Participation in the WordPress community,3.77,5.5,65.9,19.5,60.4
Community membership (ever),Never a member,67,38,importance,Participation in the WordPress community,2.69,25.4,11.9,1.5,-13.4
Community membership (ever),Former member,56,38,importance,Participation in the WordPress community,3.16,16.1,33.9,8.9,17.9
Community membership (ever),All respondents,431,38,importance,Feeling welcome/included,4.06,5.8,76.3,39.2,70.5
Community membership (ever),Current member,308,38,importance,Feeling welcome/included,4.17,4.2,81.2,42.2,76.9
Community membership (ever),Never a member,67,38,importance,Feeling welcome/included,3.69,13.4,65.7,26.9,52.2
Community membership (ever),Former member,56,38,importance,Feeling welcome/included,3.91,5.4,62.5,37.5,57.1
Community membership (ever),All respondents,431,38,importance,Participating in a language other than English,2.46,45.2,19.7,6.3,-25.5
Community membership (ever),Current member,308,38,importance,Participating in a language other than English,2.56,43.2,22.4,8.1,-20.8
Community membership (ever),Never a member,67,38,importance,Participating in a language other than English,2.18,52.2,14.9,1.5,-37.3
Community membership (ever),Former member,56,38,importance,Participating in a language other than English,2.25,48.2,10.7,1.8,-37.5
Community membership (ever),All respondents,431,38,importance,Working asynchronously,3.61,11.6,55.5,24.1,43.9
Community membership (ever),Current member,308,38,importance,Working asynchronously,3.69,9.1,58.1,24.4,49.0
Community membership (ever),Never a member,67,38,importance,Working asynchronously,3.4,20.9,49.3,28.4,28.4
Community membership (ever),Former member,56,38,importance,Working asynchronously,3.41,14.3,48.2,17.9,33.9
Community membership (ever),All respondents,431,50,agreement,Attending in-person WordPress-related events is important to me.,3.13,35.3,46.6,21.3,11.4
Community membership (ever),Current member,308,50,agreement,Attending in-person WordPress-related events is important to me.,3.59,21.1,60.4,29.5,39.3
Community membership (ever),Never a member,67,50,agreement,Attending in-person WordPress-related events is important to me.,1.75,80.6,7.5,0.0,-73.1
Community membership (ever),Former member,56,50,agreement,Attending in-person WordPress-related events is important to me.,2.29,58.9,17.9,1.8,-41.1
Community membership (ever),All respondents,431,57,importance,A location local to you,3.73,13.9,65.9,27.8,52.0
Community membership (ever),Current member,308,57,importance,A location local to you,3.72,14.6,66.9,26.0,52.3
Community membership (ever),Never a member,67,57,importance,A location local to you,3.84,10.4,65.7,32.8,55.2
Community membership (ever),Former member,56,57,importance,A location local to you,3.68,14.3,60.7,32.1,46.4
Community membership (ever),All respondents,431,57,importance,A regional/destination location,3.42,16.7,54.3,13.9,37.6
Community membership (ever),Current member,308,57,importance,A regional/destination location,3.5,16.2,58.4,15.6,42.2
Community membership (ever),Never a member,67,57,importance,A regional/destination location,3.21,19.4,44.8,9.0,25.4
Community membership (ever),Former member,56,57,importance,A regional/destination location,3.21,16.1,42.9,10.7,26.8
Community membership (ever),All respondents,431,57,importance,Events with smaller attendance,2.91,24.8,25.1,3.9,0.2
Community membership (ever),Current member,308,57,importance,Events with smaller attendance,2.85,26.9,23.4,2.6,-3.6
Community membership (ever),Never a member,67,57,importance,Events with smaller attendance,3.1,20.9,34.3,9.0,13.4
Community membership (ever),Former member,56,57,importance,Events with smaller attendance,3.0,17.9,23.2,5.4,5.4
Community membership (ever),All respondents,431,57,importance,Events with larger attendance,2.72,31.6,16.9,2.8,-14.6
Community membership (ever),Current member,308,57,importance,Events with larger attendance,2.82,27.6,19.8,2.9,-7.8
Community membership (ever),Never a member,67,57,importance,Events with larger attendance,2.39,47.8,7.5,3.0,-40.3
Community membership (ever),Former member,56,57,importance,Events with larger attendance,2.59,33.9,12.5,1.8,-21.4
Community membership (ever),All respondents,431,57,importance,"Hard skill development (technical instruction, workshops, etc.)",3.37,18.1,52.9,11.8,34.8
Community membership (ever),Current member,308,57,importance,"Hard skill development (technical instruction, workshops, etc.)",3.35,19.5,51.3,12.0,31.8
Community membership (ever),Never a member,67,57,importance,"Hard skill development (technical instruction, workshops, etc.)",3.46,13.4,61.2,10.4,47.8
Community membership (ever),Former member,56,57,importance,"Hard skill development (technical instruction, workshops, etc.)",3.38,16.1,51.8,12.5,35.7
Community membership (ever),All respondents,431,57,importance,"Soft skill development (business development, personal development, etc.)",3.08,24.8,38.5,6.7,13.7
Community membership (ever),Current member,308,57,importance,"Soft skill development (business development, personal development, etc.)",3.12,24.4,40.9,6.8,16.6
Community membership (ever),Never a member,67,57,importance,"Soft skill development (business development, personal development, etc.)",2.81,31.3,25.4,4.5,-6.0
Community membership (ever),Former member,56,57,importance,"Soft skill development (business development, personal development, etc.)",3.18,19.6,41.1,8.9,21.4
Community membership (ever),All respondents,431,57,importance,Topics of sessions / panels,3.69,11.1,67.3,18.6,56.1
Community membership (ever),Current member,308,57,importance,Topics of sessions / panels,3.69,10.7,67.5,17.2,56.8
Community membership (ever),Never a member,67,57,importance,Topics of sessions / panels,3.67,13.4,65.7,25.4,52.2
Community membership (ever),Former member,56,57,importance,Topics of sessions / panels,3.66,10.7,67.9,17.9,57.1
Community membership (ever),All respondents,431,57,importance,Particular speakers / keynotes,3.14,21.8,38.7,7.7,16.9
Community membership (ever),Current member,308,57,importance,Particular speakers / keynotes,3.18,20.1,40.9,6.5,20.8
Community membership (ever),Never a member,67,57,importance,Particular speakers / keynotes,2.84,31.3,25.4,7.5,-6.0
Community membership (ever),Former member,56,57,importance,Particular speakers / keynotes,3.27,19.6,42.9,14.3,23.2
Community membership (ever),All respondents,431,57,importance,Meeting professional development requirements,2.83,32.0,28.8,7.0,-3.2
Community membership (ever),Current member,308,57,importance,Meeting professional development requirements,2.84,31.2,28.9,6.8,-2.3
Community membership (ever),Never a member,67,57,importance,Meeting professional development requirements,2.79,34.3,29.9,7.5,-4.5
Community membership (ever),Former member,56,57,importance,Meeting professional development requirements,2.8,33.9,26.8,7.1,-7.1
Community membership (ever),All respondents,431,57,importance,Networking opportunities,3.65,14.2,60.6,25.1,46.4
Community membership (ever),Current member,308,57,importance,Networking opportunities,3.81,10.1,66.9,28.2,56.8
Community membership (ever),Never a member,67,57,importance,Networking opportunities,2.99,29.9,35.8,7.5,6.0
Community membership (ever),Former member,56,57,importance,Networking opportunities,3.54,17.9,55.4,28.6,37.5
Community membership (ever),All respondents,431,57,importance,Community development/engagement,3.61,11.8,61.5,18.3,49.7
Community membership (ever),Current member,308,57,importance,Community development/engagement,3.79,7.5,68.5,22.4,61.0
Community membership (ever),Never a member,67,57,importance,Community development/engagement,3.07,23.9,38.8,6.0,14.9
Community membership (ever),Former member,56,57,importance,Community development/engagement,3.27,21.4,50.0,10.7,28.6
Community membership (ever),All respondents,431,57,importance,Cost of ticket,3.44,19.5,54.5,17.6,35.0
Community membership (ever),Current member,308,57,importance,Cost of ticket,3.38,20.5,53.2,13.6,32.8
Community membership (ever),Never a member,67,57,importance,Cost of ticket,3.55,16.4,53.7,26.9,37.3
Community membership (ever),Former member,56,57,importance,Cost of ticket,3.61,17.9,62.5,28.6,44.6
Community membership (ever),All respondents,431,57,importance,"Cost of attendance (travel, housing, etc.)",3.9,11.4,72.4,34.3,61.0
Community membership (ever),Current member,308,57,importance,"Cost of attendance (travel, housing, etc.)",3.91,10.4,74.0,31.5,63.6
Community membership (ever),Never a member,67,57,importance,"Cost of attendance (travel, housing, etc.)",3.88,11.9,67.2,40.3,55.2
Community membership (ever),Former member,56,57,importance,"Cost of attendance (travel, housing, etc.)",3.88,16.1,69.6,42.9,53.6
Community membership (ever),All respondents,431,59,sentiment,"Right now, how do you generally feel about open source software?",4.16,3.9,81.7,39.4,77.7
Community membership (ever),Current member,308,59,sentiment,"Right now, how do you generally feel about open source software?",4.21,3.2,83.8,41.2,80.5
Community membership (ever),Never a member,67,59,sentiment,"Right now, how do you generally feel about open source software?",4.01,7.5,74.6,37.3,67.2
Community membership (ever),Former member,56,59,sentiment,"Right now, how do you generally feel about open source software?",4.07,3.6,78.6,32.1,75.0
Community membership (ever),All respondents,431,62,importance,Open source software,4.59,1.2,93.5,68.0,92.3
Community membership (ever),Current member,308,62,importance,Open source software,4.65,1.0,95.8,70.5,94.8
Community membership (ever),Never a member,67,62,importance,Open source software,4.51,1.5,89.6,64.2,88.1
Community membership (ever),Former member,56,62,importance,Open source software,4.41,1.8,85.7,58.9,83.9
Community membership (ever),All respondents,431,62,importance,Open source values (whatever that means to you)required,4.51,3.2,91.9,64.3,88.6
Community membership (ever),Current member,308,62,importance,Open source values (whatever that means to you)required,4.56,2.6,92.9,66.2,90.3
Community membership (ever),Never a member,67,62,importance,Open source values (whatever that means to you)required,4.42,6.0,88.1,62.7,82.1
Community membership (ever),Former member,56,62,importance,Open source values (whatever that means to you)required,4.39,3.6,91.1,55.4,87.5
Community membership (ever),All respondents,431,62,importance,The sustainability of open source projects,4.58,1.2,93.3,66.6,92.1
Community membership (ever),Current member,308,62,importance,The sustainability of open source projects,4.6,1.0,93.8,67.5,92.9
Community membership (ever),Never a member,67,62,importance,The sustainability of open source projects,4.55,1.5,92.5,65.7,91.0
Community membership (ever),Former member,56,62,importance,The sustainability of open source projects,4.5,1.8,91.1,62.5,89.3
Community membership (ever),All respondents,431,62,importance,Open source in WordPress,4.51,2.8,92.1,63.1,89.3
Community membership (ever),Current member,308,62,importance,Open source in WordPress,4.59,1.0,95.1,65.9,94.2
Community membership (ever),Never a member,67,62,importance,Open source in WordPress,4.34,7.5,88.1,58.2,80.6
Community membership (ever),Former member,56,62,importance,Open source in WordPress,4.23,7.1,80.4,53.6,73.2
Community membership (ever),All respondents,431,62,importance,Open source in AI,3.24,29.2,50.1,27.4,20.9
Community membership (ever),Current member,308,62,importance,Open source in AI,3.47,23.7,57.1,31.8,33.4
Community membership (ever),Never a member,67,62,importance,Open source in AI,2.42,50.7,28.4,13.4,-22.4
Community membership (ever),Former member,56,62,importance,Open source in AI,2.96,33.9,37.5,19.6,3.6
Community membership (ever),All respondents,431,67,sentiment,"Right now, how do you generally feel about AI in the tech industry?",2.6,46.2,31.1,10.0,-15.1
Community membership (ever),Current member,308,67,sentiment,"Right now, how do you generally feel about AI in the tech industry?",2.86,37.7,37.0,11.0,-0.6
Community membership (ever),Never a member,67,67,sentiment,"Right now, how do you generally feel about AI in the tech industry?",1.7,76.1,11.9,4.5,-64.2
Community membership (ever),Former member,56,67,sentiment,"Right now, how do you generally feel about AI in the tech industry?",2.29,57.1,21.4,10.7,-35.7
Community membership (ever),All respondents,431,68,sentiment,"Right now, how do you generally feel about AI in WordPress?",2.35,49.9,16.9,3.9,-32.9
Community membership (ever),Current member,308,68,sentiment,"Right now, how do you generally feel about AI in WordPress?",2.62,40.9,22.7,5.2,-18.2
Community membership (ever),Never a member,67,68,sentiment,"Right now, how do you generally feel about AI in WordPress?",1.42,82.1,0.0,0.0,-82.1
Community membership (ever),Former member,56,68,sentiment,"Right now, how do you generally feel about AI in WordPress?",1.95,60.7,5.4,1.8,-55.4
Community membership (ever),All respondents,431,69,sentiment,"Right now, how do you generally feel about AI in web development (vibe coding, agentic development, etc.)?",2.7,44.8,34.6,12.5,-10.2
Community membership (ever),Current member,308,69,sentiment,"Right now, how do you generally feel about AI in web development (vibe coding, agentic development, etc.)?",2.98,35.4,41.2,14.6,5.8
Community membership (ever),Never a member,67,69,sentiment,"Right now, how do you generally feel about AI in web development (vibe coding, agentic development, etc.)?",1.63,79.1,10.4,3.0,-68.7
Community membership (ever),Former member,56,69,sentiment,"Right now, how do you generally feel about AI in web development (vibe coding, agentic development, etc.)?",2.45,55.4,26.8,12.5,-28.6
